test_id,claim_type,source_artifacts,source_sha256,unit,n_units,n_clusters,cluster_def,k,N,k_of_N,denominator_def,headline_ok,status,licence_flag,metric,canonical_key,input_class,in_main_set,direction,keep_fraction,n_kept,n_active_kept,n_active_total,expected_hits_per_plate,hits_lo90,hits_hi90,baseline_hits_per_plate,enrichment_vs_baseline,status_a3
P6_PLATES_M1,enrichment,results/P6/enrichment.csv,a1bedeb03c0808fa,design,192,192,design (backbone clusters not held),2,16,2 of 16,actives kept of 16,0,complete,public,catalytic_frac_buried,catalytic_frac_buried,struct_site,1,low,0.05,10,2,16,19.2,0.0,19.2,8.0,2.4,OK
P6_PLATES_M1,enrichment,results/P6/enrichment.csv,a1bedeb03c0808fa,design,192,192,design (backbone clusters not held),2,16,2 of 16,actives kept of 16,0,complete,public,catalytic_frac_buried,catalytic_frac_buried,struct_site,1,low,0.1,19,2,16,10.11,0.0,15.16,8.0,1.26,OK
P6_PLATES_M1,enrichment,results/P6/enrichment.csv,a1bedeb03c0808fa,design,192,192,design (backbone clusters not held),2,16,2 of 16,actives kept of 16,0,complete,public,catalytic_frac_buried,catalytic_frac_buried,struct_site,1,low,0.25,48,2,16,4.0,0.0,12.0,8.0,0.5,OK
P6_PLATES_M1,enrichment,results/P6/enrichment.csv,a1bedeb03c0808fa,design,192,192,design (backbone clusters not held),5,16,5 of 16,actives kept of 16,0,complete,public,catalytic_frac_buried,catalytic_frac_buried,struct_site,1,low,0.5,96,5,16,5.0,4.0,13.0,8.0,0.63,OK
P6_PLATES_M1,enrichment,results/P6/enrichment.csv,a1bedeb03c0808fa,design,192,192,design (backbone clusters not held),0,16,0 of 16,actives kept of 16,0,complete,public,catalytic_frac_buried,catalytic_frac_buried,struct_site,1,high,0.05,10,0,16,0.0,0.0,9.6,8.0,0.0,OK
P6_PLATES_M1,enrichment,results/P6/enrichment.csv,a1bedeb03c0808fa,design,192,192,design (backbone clusters not held),0,16,0 of 16,actives kept of 16,0,complete,public,catalytic_frac_buried,catalytic_frac_buried,struct_site,1,high,0.1,19,0,16,0.0,0.0,10.11,8.0,0.0,OK
P6_PLATES_M1,enrichment,results/P6/enrichment.csv,a1bedeb03c0808fa,design,192,192,design (backbone clusters not held),1,16,1 of 16,actives kept of 16,0,complete,public,catalytic_frac_buried,catalytic_frac_buried,struct_site,1,high,0.25,48,1,16,2.0,0.0,8.0,8.0,0.25,OK
P6_PLATES_M1,enrichment,results/P6/enrichment.csv,a1bedeb03c0808fa,design,192,192,design (backbone clusters not held),4,16,4 of 16,actives kept of 16,0,complete,public,catalytic_frac_buried,catalytic_frac_buried,struct_site,1,high,0.5,96,4,16,4.0,3.0,12.0,8.0,0.5,OK
P6_PLATES_M1,enrichment,results/P6/enrichment.csv,a1bedeb03c0808fa,design,192,192,design (backbone clusters not held),0,16,0 of 16,actives kept of 16,0,complete,public,catalytic_n_atoms,catalytic_n_atoms,bookkeeping,0,low,0.05,10,0,16,0.0,0.0,19.2,8.0,0.0,X-BOOKKEEP
P6_PLATES_M1,enrichment,results/P6/enrichment.csv,a1bedeb03c0808fa,design,192,192,design (backbone clusters not held),1,16,1 of 16,actives kept of 16,0,complete,public,catalytic_n_atoms,catalytic_n_atoms,bookkeeping,0,low,0.1,19,1,16,5.05,0.0,15.16,8.0,0.63,X-BOOKKEEP
P6_PLATES_M1,enrichment,results/P6/enrichment.csv,a1bedeb03c0808fa,design,192,192,design (backbone clusters not held),3,16,3 of 16,actives kept of 16,0,complete,public,catalytic_n_atoms,catalytic_n_atoms,bookkeeping,0,low,0.25,48,3,16,6.0,2.0,14.0,8.0,0.75,X-BOOKKEEP
P6_PLATES_M1,enrichment,results/P6/enrichment.csv,a1bedeb03c0808fa,design,192,192,design (backbone clusters not held),4,16,4 of 16,actives kept of 16,0,complete,public,catalytic_n_atoms,catalytic_n_atoms,bookkeeping,0,low,0.5,96,4,16,4.0,4.0,12.0,8.0,0.5,X-BOOKKEEP
P6_PLATES_M1,enrichment,results/P6/enrichment.csv,a1bedeb03c0808fa,design,192,192,design (backbone clusters not held),1,16,1 of 16,actives kept of 16,0,complete,public,catalytic_n_atoms,catalytic_n_atoms,bookkeeping,0,high,0.05,10,1,16,9.6,0.0,19.2,8.0,1.2,X-BOOKKEEP
P6_PLATES_M1,enrichment,results/P6/enrichment.csv,a1bedeb03c0808fa,design,192,192,design (backbone clusters not held),1,16,1 of 16,actives kept of 16,0,complete,public,catalytic_n_atoms,catalytic_n_atoms,bookkeeping,0,high,0.1,19,1,16,5.05,0.0,20.21,8.0,0.63,X-BOOKKEEP
P6_PLATES_M1,enrichment,results/P6/enrichment.csv,a1bedeb03c0808fa,design,192,192,design (backbone clusters not held),3,16,3 of 16,actives kept of 16,0,complete,public,catalytic_n_atoms,catalytic_n_atoms,bookkeeping,0,high,0.25,48,3,16,6.0,2.0,14.0,8.0,0.75,X-BOOKKEEP
P6_PLATES_M1,enrichment,results/P6/enrichment.csv,a1bedeb03c0808fa,design,192,192,design (backbone clusters not held),5,16,5 of 16,actives kept of 16,0,complete,public,catalytic_n_atoms,catalytic_n_atoms,bookkeeping,0,high,0.5,96,5,16,5.0,4.0,13.0,8.0,0.63,X-BOOKKEEP
P6_PLATES_M1,enrichment,results/P6/enrichment.csv,a1bedeb03c0808fa,design,192,192,design (backbone clusters not held),0,16,0 of 16,actives kept of 16,0,complete,public,catalytic_n_atoms_used,catalytic_n_atoms_used,bookkeeping,0,low,0.05,10,0,16,0.0,0.0,19.2,8.0,0.0,X-BOOKKEEP
P6_PLATES_M1,enrichment,results/P6/enrichment.csv,a1bedeb03c0808fa,design,192,192,design (backbone clusters not held),1,16,1 of 16,actives kept of 16,0,complete,public,catalytic_n_atoms_used,catalytic_n_atoms_used,bookkeeping,0,low,0.1,19,1,16,5.05,0.0,15.16,8.0,0.63,X-BOOKKEEP
P6_PLATES_M1,enrichment,results/P6/enrichment.csv,a1bedeb03c0808fa,design,192,192,design (backbone clusters not held),3,16,3 of 16,actives kept of 16,0,complete,public,catalytic_n_atoms_used,catalytic_n_atoms_used,bookkeeping,0,low,0.25,48,3,16,6.0,2.0,14.0,8.0,0.75,X-BOOKKEEP
P6_PLATES_M1,enrichment,results/P6/enrichment.csv,a1bedeb03c0808fa,design,192,192,design (backbone clusters not held),4,16,4 of 16,actives kept of 16,0,complete,public,catalytic_n_atoms_used,catalytic_n_atoms_used,bookkeeping,0,low,0.5,96,4,16,4.0,4.0,13.0,8.0,0.5,X-BOOKKEEP
P6_PLATES_M1,enrichment,results/P6/enrichment.csv,a1bedeb03c0808fa,design,192,192,design (backbone clusters not held),1,16,1 of 16,actives kept of 16,0,complete,public,catalytic_n_atoms_used,catalytic_n_atoms_used,bookkeeping,0,high,0.05,10,1,16,9.6,0.0,19.2,8.0,1.2,X-BOOKKEEP
P6_PLATES_M1,enrichment,results/P6/enrichment.csv,a1bedeb03c0808fa,design,192,192,design (backbone clusters not held),1,16,1 of 16,actives kept of 16,0,complete,public,catalytic_n_atoms_used,catalytic_n_atoms_used,bookkeeping,0,high,0.1,19,1,16,5.05,0.0,20.21,8.0,0.63,X-BOOKKEEP
P6_PLATES_M1,enrichment,results/P6/enrichment.csv,a1bedeb03c0808fa,design,192,192,design (backbone clusters not held),3,16,3 of 16,actives kept of 16,0,complete,public,catalytic_n_atoms_used,catalytic_n_atoms_used,bookkeeping,0,high,0.25,48,3,16,6.0,2.0,14.0,8.0,0.75,X-BOOKKEEP
P6_PLATES_M1,enrichment,results/P6/enrichment.csv,a1bedeb03c0808fa,design,192,192,design (backbone clusters not held),5,16,5 of 16,actives kept of 16,0,complete,public,catalytic_n_atoms_used,catalytic_n_atoms_used,bookkeeping,0,high,0.5,96,5,16,5.0,4.0,13.0,8.0,0.63,X-BOOKKEEP
P6_PLATES_M1,enrichment,results/P6/enrichment.csv,a1bedeb03c0808fa,design,192,192,design (backbone clusters not held),1,16,1 of 16,actives kept of 16,0,complete,public,catalytic_n_no_sidechain,catalytic_n_no_sidechain,bookkeeping,0,low,0.05,10,1,16,9.6,0.0,19.2,8.0,1.2,X-BOOKKEEP
P6_PLATES_M1,enrichment,results/P6/enrichment.csv,a1bedeb03c0808fa,design,192,192,design (backbone clusters not held),1,16,1 of 16,actives kept of 16,0,complete,public,catalytic_n_no_sidechain,catalytic_n_no_sidechain,bookkeeping,0,low,0.1,19,1,16,5.05,0.0,20.21,8.0,0.63,X-BOOKKEEP
P6_PLATES_M1,enrichment,results/P6/enrichment.csv,a1bedeb03c0808fa,design,192,192,design (backbone clusters not held),3,16,3 of 16,actives kept of 16,0,complete,public,catalytic_n_no_sidechain,catalytic_n_no_sidechain,bookkeeping,0,low,0.25,48,3,16,6.0,2.0,14.0,8.0,0.75,X-BOOKKEEP
P6_PLATES_M1,enrichment,results/P6/enrichment.csv,a1bedeb03c0808fa,design,192,192,design (backbone clusters not held),5,16,5 of 16,actives kept of 16,0,complete,public,catalytic_n_no_sidechain,catalytic_n_no_sidechain,bookkeeping,0,low,0.5,96,5,16,5.0,4.0,13.0,8.0,0.63,X-BOOKKEEP
P6_PLATES_M1,enrichment,results/P6/enrichment.csv,a1bedeb03c0808fa,design,192,192,design (backbone clusters not held),1,16,1 of 16,actives kept of 16,0,complete,public,catalytic_n_no_sidechain,catalytic_n_no_sidechain,bookkeeping,0,high,0.05,10,1,16,9.6,0.0,28.8,8.0,1.2,X-BOOKKEEP
P6_PLATES_M1,enrichment,results/P6/enrichment.csv,a1bedeb03c0808fa,design,192,192,design (backbone clusters not held),1,16,1 of 16,actives kept of 16,0,complete,public,catalytic_n_no_sidechain,catalytic_n_no_sidechain,bookkeeping,0,high,0.1,19,1,16,5.05,0.0,20.21,8.0,0.63,X-BOOKKEEP
P6_PLATES_M1,enrichment,results/P6/enrichment.csv,a1bedeb03c0808fa,design,192,192,design (backbone clusters not held),3,16,3 of 16,actives kept of 16,0,complete,public,catalytic_n_no_sidechain,catalytic_n_no_sidechain,bookkeeping,0,high,0.25,48,3,16,6.0,2.0,14.0,8.0,0.75,X-BOOKKEEP
P6_PLATES_M1,enrichment,results/P6/enrichment.csv,a1bedeb03c0808fa,design,192,192,design (backbone clusters not held),5,16,5 of 16,actives kept of 16,0,complete,public,catalytic_n_no_sidechain,catalytic_n_no_sidechain,bookkeeping,0,high,0.5,96,5,16,5.0,4.0,13.0,8.0,0.63,X-BOOKKEEP
P6_PLATES_M1,enrichment,results/P6/enrichment.csv,a1bedeb03c0808fa,design,192,192,design (backbone clusters not held),0,16,0 of 16,actives kept of 16,0,complete,public,catalytic_pairwise_dist_max,catalytic_pairwise_dist_max,struct_site,1,low,0.05,10,0,16,0.0,0.0,0.0,8.0,0.0,OK
P6_PLATES_M1,enrichment,results/P6/enrichment.csv,a1bedeb03c0808fa,design,192,192,design (backbone clusters not held),0,16,0 of 16,actives kept of 16,0,complete,public,catalytic_pairwise_dist_max,catalytic_pairwise_dist_max,struct_site,1,low,0.1,19,0,16,0.0,0.0,10.11,8.0,0.0,OK
P6_PLATES_M1,enrichment,results/P6/enrichment.csv,a1bedeb03c0808fa,design,192,192,design (backbone clusters not held),3,16,3 of 16,actives kept of 16,0,complete,public,catalytic_pairwise_dist_max,catalytic_pairwise_dist_max,struct_site,1,low,0.25,48,3,16,6.0,2.0,12.0,8.0,0.75,OK
P6_PLATES_M1,enrichment,results/P6/enrichment.csv,a1bedeb03c0808fa,design,192,192,design (backbone clusters not held),3,16,3 of 16,actives kept of 16,0,complete,public,catalytic_pairwise_dist_max,catalytic_pairwise_dist_max,struct_site,1,low,0.5,96,3,16,3.0,1.0,7.0,8.0,0.38,OK
P6_PLATES_M1,enrichment,results/P6/enrichment.csv,a1bedeb03c0808fa,design,192,192,design (backbone clusters not held),0,16,0 of 16,actives kept of 16,0,complete,public,catalytic_pairwise_dist_max,catalytic_pairwise_dist_max,struct_site,1,high,0.05,10,0,16,0.0,0.0,0.0,8.0,0.0,OK
P6_PLATES_M1,enrichment,results/P6/enrichment.csv,a1bedeb03c0808fa,design,192,192,design (backbone clusters not held),0,16,0 of 16,actives kept of 16,0,complete,public,catalytic_pairwise_dist_max,catalytic_pairwise_dist_max,struct_site,1,high,0.1,19,0,16,0.0,0.0,0.0,8.0,0.0,OK
P6_PLATES_M1,enrichment,results/P6/enrichment.csv,a1bedeb03c0808fa,design,192,192,design (backbone clusters not held),8,16,8 of 16,actives kept of 16,0,complete,public,catalytic_pairwise_dist_max,catalytic_pairwise_dist_max,struct_site,1,high,0.25,48,8,16,16.0,6.0,24.0,8.0,2.0,OK
P6_PLATES_M1,enrichment,results/P6/enrichment.csv,a1bedeb03c0808fa,design,192,192,design (backbone clusters not held),13,16,13 of 16,actives kept of 16,0,complete,public,catalytic_pairwise_dist_max,catalytic_pairwise_dist_max,struct_site,1,high,0.5,96,13,16,13.0,7.0,18.0,8.0,1.62,OK
P6_PLATES_M1,enrichment,results/P6/enrichment.csv,a1bedeb03c0808fa,design,192,192,design (backbone clusters not held),0,16,0 of 16,actives kept of 16,0,complete,public,catalytic_pairwise_dist_mean,catalytic_pairwise_dist_mean,struct_site,1,low,0.05,10,0,16,0.0,0.0,0.0,8.0,0.0,OK
P6_PLATES_M1,enrichment,results/P6/enrichment.csv,a1bedeb03c0808fa,design,192,192,design (backbone clusters not held),0,16,0 of 16,actives kept of 16,0,complete,public,catalytic_pairwise_dist_mean,catalytic_pairwise_dist_mean,struct_site,1,low,0.1,19,0,16,0.0,0.0,0.0,8.0,0.0,OK
P6_PLATES_M1,enrichment,results/P6/enrichment.csv,a1bedeb03c0808fa,design,192,192,design (backbone clusters not held),0,16,0 of 16,actives kept of 16,0,complete,public,catalytic_pairwise_dist_mean,catalytic_pairwise_dist_mean,struct_site,1,low,0.25,48,0,16,0.0,0.0,0.0,8.0,0.0,OK
P6_PLATES_M1,enrichment,results/P6/enrichment.csv,a1bedeb03c0808fa,design,192,192,design (backbone clusters not held),8,16,8 of 16,actives kept of 16,0,complete,public,catalytic_pairwise_dist_mean,catalytic_pairwise_dist_mean,struct_site,1,low,0.5,96,8,16,8.0,2.0,12.0,8.0,1.0,OK
P6_PLATES_M1,enrichment,results/P6/enrichment.csv,a1bedeb03c0808fa,design,192,192,design (backbone clusters not held),1,16,1 of 16,actives kept of 16,0,complete,public,catalytic_pairwise_dist_mean,catalytic_pairwise_dist_mean,struct_site,1,high,0.05,10,1,16,9.6,0.0,28.8,8.0,1.2,OK
P6_PLATES_M1,enrichment,results/P6/enrichment.csv,a1bedeb03c0808fa,design,192,192,design (backbone clusters not held),1,16,1 of 16,actives kept of 16,0,complete,public,catalytic_pairwise_dist_mean,catalytic_pairwise_dist_mean,struct_site,1,high,0.1,19,1,16,5.05,0.0,15.16,8.0,0.63,OK
P6_PLATES_M1,enrichment,results/P6/enrichment.csv,a1bedeb03c0808fa,design,192,192,design (backbone clusters not held),5,16,5 of 16,actives kept of 16,0,complete,public,catalytic_pairwise_dist_mean,catalytic_pairwise_dist_mean,struct_site,1,high,0.25,48,5,16,10.0,2.0,16.0,8.0,1.25,OK
P6_PLATES_M1,enrichment,results/P6/enrichment.csv,a1bedeb03c0808fa,design,192,192,design (backbone clusters not held),8,16,8 of 16,actives kept of 16,0,complete,public,catalytic_pairwise_dist_mean,catalytic_pairwise_dist_mean,struct_site,1,high,0.5,96,8,16,8.0,4.0,15.0,8.0,1.0,OK
P6_PLATES_M1,enrichment,results/P6/enrichment.csv,a1bedeb03c0808fa,design,192,192,design (backbone clusters not held),0,16,0 of 16,actives kept of 16,0,complete,public,catalytic_polar_contacts,catalytic_polar_contacts,struct_site,1,low,0.05,10,0,16,0.0,0.0,9.6,8.0,0.0,OK
P6_PLATES_M1,enrichment,results/P6/enrichment.csv,a1bedeb03c0808fa,design,192,192,design (backbone clusters not held),1,16,1 of 16,actives kept of 16,0,complete,public,catalytic_polar_contacts,catalytic_polar_contacts,struct_site,1,low,0.1,19,1,16,5.05,0.0,10.11,8.0,0.63,OK
P6_PLATES_M1,enrichment,results/P6/enrichment.csv,a1bedeb03c0808fa,design,192,192,design (backbone clusters not held),2,16,2 of 16,actives kept of 16,0,complete,public,catalytic_polar_contacts,catalytic_polar_contacts,struct_site,1,low,0.25,48,2,16,4.0,0.0,10.0,8.0,0.5,OK
P6_PLATES_M1,enrichment,results/P6/enrichment.csv,a1bedeb03c0808fa,design,192,192,design (backbone clusters not held),5,16,5 of 16,actives kept of 16,0,complete,public,catalytic_polar_contacts,catalytic_polar_contacts,struct_site,1,low,0.5,96,5,16,5.0,2.0,10.0,8.0,0.63,OK
P6_PLATES_M1,enrichment,results/P6/enrichment.csv,a1bedeb03c0808fa,design,192,192,design (backbone clusters not held),0,16,0 of 16,actives kept of 16,0,complete,public,catalytic_polar_contacts,catalytic_polar_contacts,struct_site,1,high,0.05,10,0,16,0.0,0.0,28.8,8.0,0.0,OK
P6_PLATES_M1,enrichment,results/P6/enrichment.csv,a1bedeb03c0808fa,design,192,192,design (backbone clusters not held),1,16,1 of 16,actives kept of 16,0,complete,public,catalytic_polar_contacts,catalytic_polar_contacts,struct_site,1,high,0.1,19,1,16,5.05,0.0,20.21,8.0,0.63,OK
P6_PLATES_M1,enrichment,results/P6/enrichment.csv,a1bedeb03c0808fa,design,192,192,design (backbone clusters not held),1,16,1 of 16,actives kept of 16,0,complete,public,catalytic_polar_contacts,catalytic_polar_contacts,struct_site,1,high,0.25,48,1,16,2.0,4.0,18.0,8.0,0.25,OK
P6_PLATES_M1,enrichment,results/P6/enrichment.csv,a1bedeb03c0808fa,design,192,192,design (backbone clusters not held),10,16,10 of 16,actives kept of 16,0,complete,public,catalytic_polar_contacts,catalytic_polar_contacts,struct_site,1,high,0.5,96,10,16,10.0,5.0,15.0,8.0,1.25,OK
P6_PLATES_M1,enrichment,results/P6/enrichment.csv,a1bedeb03c0808fa,design,192,192,design (backbone clusters not held),0,16,0 of 16,actives kept of 16,0,complete,public,catalytic_polar_contacts_per_residue,catalytic_polar_contacts_per_residue,struct_site,0,low,0.05,10,0,16,0.0,0.0,9.6,8.0,0.0,OK
P6_PLATES_M1,enrichment,results/P6/enrichment.csv,a1bedeb03c0808fa,design,192,192,design (backbone clusters not held),1,16,1 of 16,actives kept of 16,0,complete,public,catalytic_polar_contacts_per_residue,catalytic_polar_contacts_per_residue,struct_site,0,low,0.1,19,1,16,5.05,0.0,10.11,8.0,0.63,OK
P6_PLATES_M1,enrichment,results/P6/enrichment.csv,a1bedeb03c0808fa,design,192,192,design (backbone clusters not held),2,16,2 of 16,actives kept of 16,0,complete,public,catalytic_polar_contacts_per_residue,catalytic_polar_contacts_per_residue,struct_site,0,low,0.25,48,2,16,4.0,0.0,10.0,8.0,0.5,OK
P6_PLATES_M1,enrichment,results/P6/enrichment.csv,a1bedeb03c0808fa,design,192,192,design (backbone clusters not held),5,16,5 of 16,actives kept of 16,0,complete,public,catalytic_polar_contacts_per_residue,catalytic_polar_contacts_per_residue,struct_site,0,low,0.5,96,5,16,5.0,3.0,10.0,8.0,0.63,OK
P6_PLATES_M1,enrichment,results/P6/enrichment.csv,a1bedeb03c0808fa,design,192,192,design (backbone clusters not held),0,16,0 of 16,actives kept of 16,0,complete,public,catalytic_polar_contacts_per_residue,catalytic_polar_contacts_per_residue,struct_site,0,high,0.05,10,0,16,0.0,0.0,28.8,8.0,0.0,OK
P6_PLATES_M1,enrichment,results/P6/enrichment.csv,a1bedeb03c0808fa,design,192,192,design (backbone clusters not held),1,16,1 of 16,actives kept of 16,0,complete,public,catalytic_polar_contacts_per_residue,catalytic_polar_contacts_per_residue,struct_site,0,high,0.1,19,1,16,5.05,0.0,20.21,8.0,0.63,OK
P6_PLATES_M1,enrichment,results/P6/enrichment.csv,a1bedeb03c0808fa,design,192,192,design (backbone clusters not held),1,16,1 of 16,actives kept of 16,0,complete,public,catalytic_polar_contacts_per_residue,catalytic_polar_contacts_per_residue,struct_site,0,high,0.25,48,1,16,2.0,4.0,18.0,8.0,0.25,OK
P6_PLATES_M1,enrichment,results/P6/enrichment.csv,a1bedeb03c0808fa,design,192,192,design (backbone clusters not held),10,16,10 of 16,actives kept of 16,0,complete,public,catalytic_polar_contacts_per_residue,catalytic_polar_contacts_per_residue,struct_site,0,high,0.5,96,10,16,10.0,5.0,15.0,8.0,1.25,OK
P6_PLATES_M1,enrichment,results/P6/enrichment.csv,a1bedeb03c0808fa,design,192,192,design (backbone clusters not held),0,16,0 of 16,actives kept of 16,0,complete,public,catalytic_polar_dist_mean,catalytic_polar_dist_mean,struct_site,0,low,0.05,9,0,16,0.0,0.0,0.0,8.0,0.0,OK
P6_PLATES_M1,enrichment,results/P6/enrichment.csv,a1bedeb03c0808fa,design,192,192,design (backbone clusters not held),1,16,1 of 16,actives kept of 16,0,complete,public,catalytic_polar_dist_mean,catalytic_polar_dist_mean,struct_site,0,low,0.1,18,1,16,5.33,0.0,16.0,8.0,0.67,OK
P6_PLATES_M1,enrichment,results/P6/enrichment.csv,a1bedeb03c0808fa,design,192,192,design (backbone clusters not held),1,16,1 of 16,actives kept of 16,0,complete,public,catalytic_polar_dist_mean,catalytic_polar_dist_mean,struct_site,0,low,0.25,46,1,16,2.09,0.0,6.26,8.0,0.26,OK
P6_PLATES_M1,enrichment,results/P6/enrichment.csv,a1bedeb03c0808fa,design,192,192,design (backbone clusters not held),4,16,4 of 16,actives kept of 16,0,complete,public,catalytic_polar_dist_mean,catalytic_polar_dist_mean,struct_site,0,low,0.5,91,4,16,4.22,0.0,7.38,8.0,0.53,OK
P6_PLATES_M1,enrichment,results/P6/enrichment.csv,a1bedeb03c0808fa,design,192,192,design (backbone clusters not held),0,16,0 of 16,actives kept of 16,0,complete,public,catalytic_polar_dist_mean,catalytic_polar_dist_mean,struct_site,0,high,0.05,9,0,16,0.0,0.0,0.0,8.0,0.0,OK
P6_PLATES_M1,enrichment,results/P6/enrichment.csv,a1bedeb03c0808fa,design,192,192,design (backbone clusters not held),1,16,1 of 16,actives kept of 16,0,complete,public,catalytic_polar_dist_mean,catalytic_polar_dist_mean,struct_site,0,high,0.1,18,1,16,5.33,0.0,16.0,8.0,0.67,OK
P6_PLATES_M1,enrichment,results/P6/enrichment.csv,a1bedeb03c0808fa,design,192,192,design (backbone clusters not held),3,16,3 of 16,actives kept of 16,0,complete,public,catalytic_polar_dist_mean,catalytic_polar_dist_mean,struct_site,0,high,0.25,46,3,16,6.26,2.09,12.52,8.0,0.78,OK
P6_PLATES_M1,enrichment,results/P6/enrichment.csv,a1bedeb03c0808fa,design,192,192,design (backbone clusters not held),12,16,12 of 16,actives kept of 16,0,complete,public,catalytic_polar_dist_mean,catalytic_polar_dist_mean,struct_site,0,high,0.5,91,12,16,12.66,7.38,20.04,8.0,1.58,OK
P6_PLATES_M1,enrichment,results/P6/enrichment.csv,a1bedeb03c0808fa,design,192,192,design (backbone clusters not held),0,16,0 of 16,actives kept of 16,0,complete,public,catalytic_polar_dist_min,catalytic_polar_dist_min,struct_site,0,low,0.05,9,0,16,0.0,0.0,0.0,8.0,0.0,OK
P6_PLATES_M1,enrichment,results/P6/enrichment.csv,a1bedeb03c0808fa,design,192,192,design (backbone clusters not held),0,16,0 of 16,actives kept of 16,0,complete,public,catalytic_polar_dist_min,catalytic_polar_dist_min,struct_site,0,low,0.1,18,0,16,0.0,0.0,0.0,8.0,0.0,OK
P6_PLATES_M1,enrichment,results/P6/enrichment.csv,a1bedeb03c0808fa,design,192,192,design (backbone clusters not held),1,16,1 of 16,actives kept of 16,0,complete,public,catalytic_polar_dist_min,catalytic_polar_dist_min,struct_site,0,low,0.25,46,1,16,2.09,0.0,12.52,8.0,0.26,OK
P6_PLATES_M1,enrichment,results/P6/enrichment.csv,a1bedeb03c0808fa,design,192,192,design (backbone clusters not held),9,16,9 of 16,actives kept of 16,0,complete,public,catalytic_polar_dist_min,catalytic_polar_dist_min,struct_site,0,low,0.5,91,9,16,9.49,4.22,14.77,8.0,1.19,OK
P6_PLATES_M1,enrichment,results/P6/enrichment.csv,a1bedeb03c0808fa,design,192,192,design (backbone clusters not held),0,16,0 of 16,actives kept of 16,0,complete,public,catalytic_polar_dist_min,catalytic_polar_dist_min,struct_site,0,high,0.05,9,0,16,0.0,0.0,21.33,8.0,0.0,OK
P6_PLATES_M1,enrichment,results/P6/enrichment.csv,a1bedeb03c0808fa,design,192,192,design (backbone clusters not held),1,16,1 of 16,actives kept of 16,0,complete,public,catalytic_polar_dist_min,catalytic_polar_dist_min,struct_site,0,high,0.1,18,1,16,5.33,0.0,16.0,8.0,0.67,OK
P6_PLATES_M1,enrichment,results/P6/enrichment.csv,a1bedeb03c0808fa,design,192,192,design (backbone clusters not held),2,16,2 of 16,actives kept of 16,0,complete,public,catalytic_polar_dist_min,catalytic_polar_dist_min,struct_site,0,high,0.25,46,2,16,4.17,0.0,10.43,8.0,0.52,OK
P6_PLATES_M1,enrichment,results/P6/enrichment.csv,a1bedeb03c0808fa,design,192,192,design (backbone clusters not held),7,16,7 of 16,actives kept of 16,0,complete,public,catalytic_polar_dist_min,catalytic_polar_dist_min,struct_site,0,high,0.5,91,7,16,7.38,3.16,12.66,8.0,0.92,OK
P6_PLATES_M1,enrichment,results/P6/enrichment.csv,a1bedeb03c0808fa,design,192,192,design (backbone clusters not held),0,16,0 of 16,actives kept of 16,0,complete,public,catalytic_radius_of_gyration,catalytic_radius_of_gyration,struct_site,1,low,0.05,10,0,16,0.0,0.0,0.0,8.0,0.0,OK
P6_PLATES_M1,enrichment,results/P6/enrichment.csv,a1bedeb03c0808fa,design,192,192,design (backbone clusters not held),0,16,0 of 16,actives kept of 16,0,complete,public,catalytic_radius_of_gyration,catalytic_radius_of_gyration,struct_site,1,low,0.1,19,0,16,0.0,0.0,0.0,8.0,0.0,OK
P6_PLATES_M1,enrichment,results/P6/enrichment.csv,a1bedeb03c0808fa,design,192,192,design (backbone clusters not held),0,16,0 of 16,actives kept of 16,0,complete,public,catalytic_radius_of_gyration,catalytic_radius_of_gyration,struct_site,1,low,0.25,48,0,16,0.0,0.0,0.0,8.0,0.0,OK
P6_PLATES_M1,enrichment,results/P6/enrichment.csv,a1bedeb03c0808fa,design,192,192,design (backbone clusters not held),8,16,8 of 16,actives kept of 16,0,complete,public,catalytic_radius_of_gyration,catalytic_radius_of_gyration,struct_site,1,low,0.5,96,8,16,8.0,2.0,11.05,8.0,1.0,OK
P6_PLATES_M1,enrichment,results/P6/enrichment.csv,a1bedeb03c0808fa,design,192,192,design (backbone clusters not held),1,16,1 of 16,actives kept of 16,0,complete,public,catalytic_radius_of_gyration,catalytic_radius_of_gyration,struct_site,1,high,0.05,10,1,16,9.6,0.0,28.8,8.0,1.2,OK
P6_PLATES_M1,enrichment,results/P6/enrichment.csv,a1bedeb03c0808fa,design,192,192,design (backbone clusters not held),1,16,1 of 16,actives kept of 16,0,complete,public,catalytic_radius_of_gyration,catalytic_radius_of_gyration,struct_site,1,high,0.1,19,1,16,5.05,0.0,15.16,8.0,0.63,OK
P6_PLATES_M1,enrichment,results/P6/enrichment.csv,a1bedeb03c0808fa,design,192,192,design (backbone clusters not held),5,16,5 of 16,actives kept of 16,0,complete,public,catalytic_radius_of_gyration,catalytic_radius_of_gyration,struct_site,1,high,0.25,48,5,16,10.0,2.0,18.0,8.0,1.25,OK
P6_PLATES_M1,enrichment,results/P6/enrichment.csv,a1bedeb03c0808fa,design,192,192,design (backbone clusters not held),8,16,8 of 16,actives kept of 16,0,complete,public,catalytic_radius_of_gyration,catalytic_radius_of_gyration,struct_site,1,high,0.5,96,8,16,8.0,4.0,15.0,8.0,1.0,OK
P6_PLATES_M1,enrichment,results/P6/enrichment.csv,a1bedeb03c0808fa,design,192,192,design (backbone clusters not held),0,16,0 of 16,actives kept of 16,0,complete,public,catalytic_rel_sasa_max,catalytic_rel_sasa_max,struct_site,1,low,0.05,10,0,16,0.0,0.0,0.0,8.0,0.0,OK
P6_PLATES_M1,enrichment,results/P6/enrichment.csv,a1bedeb03c0808fa,design,192,192,design (backbone clusters not held),0,16,0 of 16,actives kept of 16,0,complete,public,catalytic_rel_sasa_max,catalytic_rel_sasa_max,struct_site,1,low,0.1,19,0,16,0.0,0.0,0.0,8.0,0.0,OK
P6_PLATES_M1,enrichment,results/P6/enrichment.csv,a1bedeb03c0808fa,design,192,192,design (backbone clusters not held),0,16,0 of 16,actives kept of 16,0,complete,public,catalytic_rel_sasa_max,catalytic_rel_sasa_max,struct_site,1,low,0.25,48,0,16,0.0,0.0,0.0,8.0,0.0,OK
P6_PLATES_M1,enrichment,results/P6/enrichment.csv,a1bedeb03c0808fa,design,192,192,design (backbone clusters not held),5,16,5 of 16,actives kept of 16,0,complete,public,catalytic_rel_sasa_max,catalytic_rel_sasa_max,struct_site,1,low,0.5,96,5,16,5.0,2.0,9.0,8.0,0.63,OK
P6_PLATES_M1,enrichment,results/P6/enrichment.csv,a1bedeb03c0808fa,design,192,192,design (backbone clusters not held),1,16,1 of 16,actives kept of 16,0,complete,public,catalytic_rel_sasa_max,catalytic_rel_sasa_max,struct_site,1,high,0.05,10,1,16,9.6,0.0,28.8,8.0,1.2,OK
P6_PLATES_M1,enrichment,results/P6/enrichment.csv,a1bedeb03c0808fa,design,192,192,design (backbone clusters not held),2,16,2 of 16,actives kept of 16,0,complete,public,catalytic_rel_sasa_max,catalytic_rel_sasa_max,struct_site,1,high,0.1,19,2,16,10.11,0.0,20.21,8.0,1.26,OK
P6_PLATES_M1,enrichment,results/P6/enrichment.csv,a1bedeb03c0808fa,design,192,192,design (backbone clusters not held),4,16,4 of 16,actives kept of 16,0,complete,public,catalytic_rel_sasa_max,catalytic_rel_sasa_max,struct_site,1,high,0.25,48,4,16,8.0,2.0,14.0,8.0,1.0,OK
P6_PLATES_M1,enrichment,results/P6/enrichment.csv,a1bedeb03c0808fa,design,192,192,design (backbone clusters not held),11,16,11 of 16,actives kept of 16,0,complete,public,catalytic_rel_sasa_max,catalytic_rel_sasa_max,struct_site,1,high,0.5,96,11,16,11.0,6.0,16.0,8.0,1.38,OK
P6_PLATES_M1,enrichment,results/P6/enrichment.csv,a1bedeb03c0808fa,design,192,192,design (backbone clusters not held),0,16,0 of 16,actives kept of 16,0,complete,public,catalytic_rel_sasa_mean,catalytic_rel_sasa_mean,struct_site,1,low,0.05,10,0,16,0.0,0.0,0.0,8.0,0.0,OK
P6_PLATES_M1,enrichment,results/P6/enrichment.csv,a1bedeb03c0808fa,design,192,192,design (backbone clusters not held),0,16,0 of 16,actives kept of 16,0,complete,public,catalytic_rel_sasa_mean,catalytic_rel_sasa_mean,struct_site,1,low,0.1,19,0,16,0.0,0.0,0.0,8.0,0.0,OK
P6_PLATES_M1,enrichment,results/P6/enrichment.csv,a1bedeb03c0808fa,design,192,192,design (backbone clusters not held),1,16,1 of 16,actives kept of 16,0,complete,public,catalytic_rel_sasa_mean,catalytic_rel_sasa_mean,struct_site,1,low,0.25,48,1,16,2.0,0.0,6.0,8.0,0.25,OK
P6_PLATES_M1,enrichment,results/P6/enrichment.csv,a1bedeb03c0808fa,design,192,192,design (backbone clusters not held),2,16,2 of 16,actives kept of 16,0,complete,public,catalytic_rel_sasa_mean,catalytic_rel_sasa_mean,struct_site,1,low,0.5,96,2,16,2.0,0.0,6.0,8.0,0.25,OK
P6_PLATES_M1,enrichment,results/P6/enrichment.csv,a1bedeb03c0808fa,design,192,192,design (backbone clusters not held),1,16,1 of 16,actives kept of 16,0,complete,public,catalytic_rel_sasa_mean,catalytic_rel_sasa_mean,struct_site,1,high,0.05,10,1,16,9.6,0.0,38.4,8.0,1.2,OK
P6_PLATES_M1,enrichment,results/P6/enrichment.csv,a1bedeb03c0808fa,design,192,192,design (backbone clusters not held),3,16,3 of 16,actives kept of 16,0,complete,public,catalytic_rel_sasa_mean,catalytic_rel_sasa_mean,struct_site,1,high,0.1,19,3,16,15.16,5.05,30.32,8.0,1.89,OK
P6_PLATES_M1,enrichment,results/P6/enrichment.csv,a1bedeb03c0808fa,design,192,192,design (backbone clusters not held),5,16,5 of 16,actives kept of 16,0,complete,public,catalytic_rel_sasa_mean,catalytic_rel_sasa_mean,struct_site,1,high,0.25,48,5,16,10.0,4.0,16.0,8.0,1.25,OK
P6_PLATES_M1,enrichment,results/P6/enrichment.csv,a1bedeb03c0808fa,design,192,192,design (backbone clusters not held),14,16,14 of 16,actives kept of 16,0,complete,public,catalytic_rel_sasa_mean,catalytic_rel_sasa_mean,struct_site,1,high,0.5,96,14,16,14.0,8.0,20.0,8.0,1.75,OK
P6_PLATES_M1,enrichment,results/P6/enrichment.csv,a1bedeb03c0808fa,design,192,192,design (backbone clusters not held),0,16,0 of 16,actives kept of 16,0,complete,public,catalytic_sasa_mean,catalytic_sasa_mean,struct_site,0,low,0.05,10,0,16,0.0,0.0,0.0,8.0,0.0,OK
P6_PLATES_M1,enrichment,results/P6/enrichment.csv,a1bedeb03c0808fa,design,192,192,design (backbone clusters not held),0,16,0 of 16,actives kept of 16,0,complete,public,catalytic_sasa_mean,catalytic_sasa_mean,struct_site,0,low,0.1,19,0,16,0.0,0.0,0.0,8.0,0.0,OK
P6_PLATES_M1,enrichment,results/P6/enrichment.csv,a1bedeb03c0808fa,design,192,192,design (backbone clusters not held),1,16,1 of 16,actives kept of 16,0,complete,public,catalytic_sasa_mean,catalytic_sasa_mean,struct_site,0,low,0.25,48,1,16,2.0,0.0,6.0,8.0,0.25,OK
P6_PLATES_M1,enrichment,results/P6/enrichment.csv,a1bedeb03c0808fa,design,192,192,design (backbone clusters not held),2,16,2 of 16,actives kept of 16,0,complete,public,catalytic_sasa_mean,catalytic_sasa_mean,struct_site,0,low,0.5,96,2,16,2.0,0.0,6.0,8.0,0.25,OK
P6_PLATES_M1,enrichment,results/P6/enrichment.csv,a1bedeb03c0808fa,design,192,192,design (backbone clusters not held),1,16,1 of 16,actives kept of 16,0,complete,public,catalytic_sasa_mean,catalytic_sasa_mean,struct_site,0,high,0.05,10,1,16,9.6,0.0,38.4,8.0,1.2,OK
P6_PLATES_M1,enrichment,results/P6/enrichment.csv,a1bedeb03c0808fa,design,192,192,design (backbone clusters not held),3,16,3 of 16,actives kept of 16,0,complete,public,catalytic_sasa_mean,catalytic_sasa_mean,struct_site,0,high,0.1,19,3,16,15.16,5.05,30.32,8.0,1.89,OK
P6_PLATES_M1,enrichment,results/P6/enrichment.csv,a1bedeb03c0808fa,design,192,192,design (backbone clusters not held),5,16,5 of 16,actives kept of 16,0,complete,public,catalytic_sasa_mean,catalytic_sasa_mean,struct_site,0,high,0.25,48,5,16,10.0,4.0,16.0,8.0,1.25,OK
P6_PLATES_M1,enrichment,results/P6/enrichment.csv,a1bedeb03c0808fa,design,192,192,design (backbone clusters not held),14,16,14 of 16,actives kept of 16,0,complete,public,catalytic_sasa_mean,catalytic_sasa_mean,struct_site,0,high,0.5,96,14,16,14.0,8.0,20.0,8.0,1.75,OK
P6_PLATES_M1,enrichment,results/P6/enrichment.csv,a1bedeb03c0808fa,design,192,192,design (backbone clusters not held),0,16,0 of 16,actives kept of 16,0,complete,public,catalytic_sasa_total,catalytic_sasa_total,struct_site,1,low,0.05,10,0,16,0.0,0.0,0.0,8.0,0.0,OK
P6_PLATES_M1,enrichment,results/P6/enrichment.csv,a1bedeb03c0808fa,design,192,192,design (backbone clusters not held),0,16,0 of 16,actives kept of 16,0,complete,public,catalytic_sasa_total,catalytic_sasa_total,struct_site,1,low,0.1,19,0,16,0.0,0.0,0.0,8.0,0.0,OK
P6_PLATES_M1,enrichment,results/P6/enrichment.csv,a1bedeb03c0808fa,design,192,192,design (backbone clusters not held),1,16,1 of 16,actives kept of 16,0,complete,public,catalytic_sasa_total,catalytic_sasa_total,struct_site,1,low,0.25,48,1,16,2.0,0.0,6.0,8.0,0.25,OK
P6_PLATES_M1,enrichment,results/P6/enrichment.csv,a1bedeb03c0808fa,design,192,192,design (backbone clusters not held),2,16,2 of 16,actives kept of 16,0,complete,public,catalytic_sasa_total,catalytic_sasa_total,struct_site,1,low,0.5,96,2,16,2.0,0.0,6.0,8.0,0.25,OK
P6_PLATES_M1,enrichment,results/P6/enrichment.csv,a1bedeb03c0808fa,design,192,192,design (backbone clusters not held),1,16,1 of 16,actives kept of 16,0,complete,public,catalytic_sasa_total,catalytic_sasa_total,struct_site,1,high,0.05,10,1,16,9.6,0.0,38.4,8.0,1.2,OK
P6_PLATES_M1,enrichment,results/P6/enrichment.csv,a1bedeb03c0808fa,design,192,192,design (backbone clusters not held),3,16,3 of 16,actives kept of 16,0,complete,public,catalytic_sasa_total,catalytic_sasa_total,struct_site,1,high,0.1,19,3,16,15.16,4.8,30.32,8.0,1.89,OK
P6_PLATES_M1,enrichment,results/P6/enrichment.csv,a1bedeb03c0808fa,design,192,192,design (backbone clusters not held),5,16,5 of 16,actives kept of 16,0,complete,public,catalytic_sasa_total,catalytic_sasa_total,struct_site,1,high,0.25,48,5,16,10.0,4.0,16.0,8.0,1.25,OK
P6_PLATES_M1,enrichment,results/P6/enrichment.csv,a1bedeb03c0808fa,design,192,192,design (backbone clusters not held),14,16,14 of 16,actives kept of 16,0,complete,public,catalytic_sasa_total,catalytic_sasa_total,struct_site,1,high,0.5,96,14,16,14.0,8.0,20.0,8.0,1.75,OK
P6_PLATES_M1,enrichment,results/P6/enrichment.csv,a1bedeb03c0808fa,design,192,192,design (backbone clusters not held),0,16,0 of 16,actives kept of 16,0,complete,public,frac_A,frac_A,seq_only,0,low,0.05,10,0,16,0.0,0.0,0.0,8.0,0.0,GLOBAL
P6_PLATES_M1,enrichment,results/P6/enrichment.csv,a1bedeb03c0808fa,design,192,192,design (backbone clusters not held),0,16,0 of 16,actives kept of 16,0,complete,public,frac_A,frac_A,seq_only,0,low,0.1,19,0,16,0.0,0.0,0.0,8.0,0.0,GLOBAL
P6_PLATES_M1,enrichment,results/P6/enrichment.csv,a1bedeb03c0808fa,design,192,192,design (backbone clusters not held),2,16,2 of 16,actives kept of 16,0,complete,public,frac_A,frac_A,seq_only,0,low,0.25,48,2,16,4.0,0.0,10.0,8.0,0.5,GLOBAL
P6_PLATES_M1,enrichment,results/P6/enrichment.csv,a1bedeb03c0808fa,design,192,192,design (backbone clusters not held),6,16,6 of 16,actives kept of 16,0,complete,public,frac_A,frac_A,seq_only,0,low,0.5,96,6,16,6.0,2.0,10.0,8.0,0.75,GLOBAL
P6_PLATES_M1,enrichment,results/P6/enrichment.csv,a1bedeb03c0808fa,design,192,192,design (backbone clusters not held),0,16,0 of 16,actives kept of 16,0,complete,public,frac_A,frac_A,seq_only,0,high,0.05,10,0,16,0.0,0.0,0.0,8.0,0.0,GLOBAL
P6_PLATES_M1,enrichment,results/P6/enrichment.csv,a1bedeb03c0808fa,design,192,192,design (backbone clusters not held),0,16,0 of 16,actives kept of 16,0,complete,public,frac_A,frac_A,seq_only,0,high,0.1,19,0,16,0.0,0.0,10.11,8.0,0.0,GLOBAL
P6_PLATES_M1,enrichment,results/P6/enrichment.csv,a1bedeb03c0808fa,design,192,192,design (backbone clusters not held),6,16,6 of 16,actives kept of 16,0,complete,public,frac_A,frac_A,seq_only,0,high,0.25,48,6,16,12.0,4.0,20.0,8.0,1.5,GLOBAL
P6_PLATES_M1,enrichment,results/P6/enrichment.csv,a1bedeb03c0808fa,design,192,192,design (backbone clusters not held),10,16,10 of 16,actives kept of 16,0,complete,public,frac_A,frac_A,seq_only,0,high,0.5,96,10,16,10.0,5.0,16.0,8.0,1.25,GLOBAL
P6_PLATES_M1,enrichment,results/P6/enrichment.csv,a1bedeb03c0808fa,design,192,192,design (backbone clusters not held),1,16,1 of 16,actives kept of 16,0,complete,public,frac_C,frac_C,seq_only,0,low,0.05,10,1,16,9.6,0.0,28.8,8.0,1.2,GLOBAL
P6_PLATES_M1,enrichment,results/P6/enrichment.csv,a1bedeb03c0808fa,design,192,192,design (backbone clusters not held),1,16,1 of 16,actives kept of 16,0,complete,public,frac_C,frac_C,seq_only,0,low,0.1,19,1,16,5.05,0.0,20.21,8.0,0.63,GLOBAL
P6_PLATES_M1,enrichment,results/P6/enrichment.csv,a1bedeb03c0808fa,design,192,192,design (backbone clusters not held),3,16,3 of 16,actives kept of 16,0,complete,public,frac_C,frac_C,seq_only,0,low,0.25,48,3,16,6.0,2.0,14.0,8.0,0.75,GLOBAL
P6_PLATES_M1,enrichment,results/P6/enrichment.csv,a1bedeb03c0808fa,design,192,192,design (backbone clusters not held),5,16,5 of 16,actives kept of 16,0,complete,public,frac_C,frac_C,seq_only,0,low,0.5,96,5,16,5.0,4.0,13.0,8.0,0.63,GLOBAL
P6_PLATES_M1,enrichment,results/P6/enrichment.csv,a1bedeb03c0808fa,design,192,192,design (backbone clusters not held),1,16,1 of 16,actives kept of 16,0,complete,public,frac_C,frac_C,seq_only,0,high,0.05,10,1,16,9.6,0.0,19.2,8.0,1.2,GLOBAL
P6_PLATES_M1,enrichment,results/P6/enrichment.csv,a1bedeb03c0808fa,design,192,192,design (backbone clusters not held),1,16,1 of 16,actives kept of 16,0,complete,public,frac_C,frac_C,seq_only,0,high,0.1,19,1,16,5.05,0.0,20.21,8.0,0.63,GLOBAL
P6_PLATES_M1,enrichment,results/P6/enrichment.csv,a1bedeb03c0808fa,design,192,192,design (backbone clusters not held),3,16,3 of 16,actives kept of 16,0,complete,public,frac_C,frac_C,seq_only,0,high,0.25,48,3,16,6.0,2.0,14.0,8.0,0.75,GLOBAL
P6_PLATES_M1,enrichment,results/P6/enrichment.csv,a1bedeb03c0808fa,design,192,192,design (backbone clusters not held),5,16,5 of 16,actives kept of 16,0,complete,public,frac_C,frac_C,seq_only,0,high,0.5,96,5,16,5.0,4.0,12.0,8.0,0.63,GLOBAL
P6_PLATES_M1,enrichment,results/P6/enrichment.csv,a1bedeb03c0808fa,design,192,192,design (backbone clusters not held),3,16,3 of 16,actives kept of 16,0,complete,public,frac_D,frac_D,seq_only,0,low,0.05,10,3,16,28.8,9.6,57.6,8.0,3.6,GLOBAL
P6_PLATES_M1,enrichment,results/P6/enrichment.csv,a1bedeb03c0808fa,design,192,192,design (backbone clusters not held),5,16,5 of 16,actives kept of 16,0,complete,public,frac_D,frac_D,seq_only,0,low,0.1,19,5,16,25.26,10.11,45.47,8.0,3.16,GLOBAL
P6_PLATES_M1,enrichment,results/P6/enrichment.csv,a1bedeb03c0808fa,design,192,192,design (backbone clusters not held),9,16,9 of 16,actives kept of 16,0,complete,public,frac_D,frac_D,seq_only,0,low,0.25,48,9,16,18.0,10.0,28.0,8.0,2.25,GLOBAL
P6_PLATES_M1,enrichment,results/P6/enrichment.csv,a1bedeb03c0808fa,design,192,192,design (backbone clusters not held),12,16,12 of 16,actives kept of 16,0,complete,public,frac_D,frac_D,seq_only,0,low,0.5,96,12,16,12.0,7.0,18.0,8.0,1.5,GLOBAL
P6_PLATES_M1,enrichment,results/P6/enrichment.csv,a1bedeb03c0808fa,design,192,192,design (backbone clusters not held),0,16,0 of 16,actives kept of 16,0,complete,public,frac_D,frac_D,seq_only,0,high,0.05,10,0,16,0.0,0.0,0.0,8.0,0.0,GLOBAL
P6_PLATES_M1,enrichment,results/P6/enrichment.csv,a1bedeb03c0808fa,design,192,192,design (backbone clusters not held),0,16,0 of 16,actives kept of 16,0,complete,public,frac_D,frac_D,seq_only,0,high,0.1,19,0,16,0.0,0.0,0.0,8.0,0.0,GLOBAL
P6_PLATES_M1,enrichment,results/P6/enrichment.csv,a1bedeb03c0808fa,design,192,192,design (backbone clusters not held),0,16,0 of 16,actives kept of 16,0,complete,public,frac_D,frac_D,seq_only,0,high,0.25,48,0,16,0.0,0.0,0.0,8.0,0.0,GLOBAL
P6_PLATES_M1,enrichment,results/P6/enrichment.csv,a1bedeb03c0808fa,design,192,192,design (backbone clusters not held),4,16,4 of 16,actives kept of 16,0,complete,public,frac_D,frac_D,seq_only,0,high,0.5,96,4,16,4.0,1.0,8.0,8.0,0.5,GLOBAL
P6_PLATES_M1,enrichment,results/P6/enrichment.csv,a1bedeb03c0808fa,design,192,192,design (backbone clusters not held),0,16,0 of 16,actives kept of 16,0,complete,public,frac_E,frac_E,seq_only,0,low,0.05,10,0,16,0.0,0.0,0.0,8.0,0.0,GLOBAL
P6_PLATES_M1,enrichment,results/P6/enrichment.csv,a1bedeb03c0808fa,design,192,192,design (backbone clusters not held),0,16,0 of 16,actives kept of 16,0,complete,public,frac_E,frac_E,seq_only,0,low,0.1,19,0,16,0.0,0.0,0.0,8.0,0.0,GLOBAL
P6_PLATES_M1,enrichment,results/P6/enrichment.csv,a1bedeb03c0808fa,design,192,192,design (backbone clusters not held),0,16,0 of 16,actives kept of 16,0,complete,public,frac_E,frac_E,seq_only,0,low,0.25,48,0,16,0.0,0.0,0.0,8.0,0.0,GLOBAL
P6_PLATES_M1,enrichment,results/P6/enrichment.csv,a1bedeb03c0808fa,design,192,192,design (backbone clusters not held),1,16,1 of 16,actives kept of 16,0,complete,public,frac_E,frac_E,seq_only,0,low,0.5,96,1,16,1.0,0.0,3.0,8.0,0.12,GLOBAL
P6_PLATES_M1,enrichment,results/P6/enrichment.csv,a1bedeb03c0808fa,design,192,192,design (backbone clusters not held),1,16,1 of 16,actives kept of 16,0,complete,public,frac_E,frac_E,seq_only,0,high,0.05,10,1,16,9.6,0.0,28.8,8.0,1.2,GLOBAL
P6_PLATES_M1,enrichment,results/P6/enrichment.csv,a1bedeb03c0808fa,design,192,192,design (backbone clusters not held),3,16,3 of 16,actives kept of 16,0,complete,public,frac_E,frac_E,seq_only,0,high,0.1,19,3,16,15.16,5.05,35.37,8.0,1.89,GLOBAL
P6_PLATES_M1,enrichment,results/P6/enrichment.csv,a1bedeb03c0808fa,design,192,192,design (backbone clusters not held),9,16,9 of 16,actives kept of 16,0,complete,public,frac_E,frac_E,seq_only,0,high,0.25,48,9,16,18.0,10.0,28.0,8.0,2.25,GLOBAL
P6_PLATES_M1,enrichment,results/P6/enrichment.csv,a1bedeb03c0808fa,design,192,192,design (backbone clusters not held),15,16,15 of 16,actives kept of 16,0,complete,public,frac_E,frac_E,seq_only,0,high,0.5,96,15,16,15.0,9.0,21.0,8.0,1.88,GLOBAL
P6_PLATES_M1,enrichment,results/P6/enrichment.csv,a1bedeb03c0808fa,design,192,192,design (backbone clusters not held),0,16,0 of 16,actives kept of 16,0,complete,public,frac_F,frac_F,seq_only,0,low,0.05,10,0,16,0.0,0.0,0.0,8.0,0.0,GLOBAL
P6_PLATES_M1,enrichment,results/P6/enrichment.csv,a1bedeb03c0808fa,design,192,192,design (backbone clusters not held),0,16,0 of 16,actives kept of 16,0,complete,public,frac_F,frac_F,seq_only,0,low,0.1,19,0,16,0.0,0.0,0.0,8.0,0.0,GLOBAL
P6_PLATES_M1,enrichment,results/P6/enrichment.csv,a1bedeb03c0808fa,design,192,192,design (backbone clusters not held),1,16,1 of 16,actives kept of 16,0,complete,public,frac_F,frac_F,seq_only,0,low,0.25,48,1,16,2.0,0.0,8.0,8.0,0.25,GLOBAL
P6_PLATES_M1,enrichment,results/P6/enrichment.csv,a1bedeb03c0808fa,design,192,192,design (backbone clusters not held),4,16,4 of 16,actives kept of 16,0,complete,public,frac_F,frac_F,seq_only,0,low,0.5,96,4,16,4.0,1.0,7.0,8.0,0.5,GLOBAL
P6_PLATES_M1,enrichment,results/P6/enrichment.csv,a1bedeb03c0808fa,design,192,192,design (backbone clusters not held),2,16,2 of 16,actives kept of 16,0,complete,public,frac_F,frac_F,seq_only,0,high,0.05,10,2,16,19.2,0.0,38.4,8.0,2.4,GLOBAL
P6_PLATES_M1,enrichment,results/P6/enrichment.csv,a1bedeb03c0808fa,design,192,192,design (backbone clusters not held),2,16,2 of 16,actives kept of 16,0,complete,public,frac_F,frac_F,seq_only,0,high,0.1,19,2,16,10.11,0.0,25.26,8.0,1.26,GLOBAL
P6_PLATES_M1,enrichment,results/P6/enrichment.csv,a1bedeb03c0808fa,design,192,192,design (backbone clusters not held),4,16,4 of 16,actives kept of 16,0,complete,public,frac_F,frac_F,seq_only,0,high,0.25,48,4,16,8.0,4.0,18.0,8.0,1.0,GLOBAL
P6_PLATES_M1,enrichment,results/P6/enrichment.csv,a1bedeb03c0808fa,design,192,192,design (backbone clusters not held),12,16,12 of 16,actives kept of 16,0,complete,public,frac_F,frac_F,seq_only,0,high,0.5,96,12,16,12.0,7.0,18.0,8.0,1.5,GLOBAL
P6_PLATES_M1,enrichment,results/P6/enrichment.csv,a1bedeb03c0808fa,design,192,192,design (backbone clusters not held),2,16,2 of 16,actives kept of 16,0,complete,public,frac_G,frac_G,seq_only,0,low,0.05,10,2,16,19.2,0.0,48.0,8.0,2.4,GLOBAL
P6_PLATES_M1,enrichment,results/P6/enrichment.csv,a1bedeb03c0808fa,design,192,192,design (backbone clusters not held),5,16,5 of 16,actives kept of 16,0,complete,public,frac_G,frac_G,seq_only,0,low,0.1,19,5,16,25.26,10.11,40.42,8.0,3.16,GLOBAL
P6_PLATES_M1,enrichment,results/P6/enrichment.csv,a1bedeb03c0808fa,design,192,192,design (backbone clusters not held),11,16,11 of 16,actives kept of 16,0,complete,public,frac_G,frac_G,seq_only,0,low,0.25,48,11,16,22.0,12.0,32.0,8.0,2.75,GLOBAL
P6_PLATES_M1,enrichment,results/P6/enrichment.csv,a1bedeb03c0808fa,design,192,192,design (backbone clusters not held),14,16,14 of 16,actives kept of 16,0,complete,public,frac_G,frac_G,seq_only,0,low,0.5,96,14,16,14.0,9.0,20.0,8.0,1.75,GLOBAL
P6_PLATES_M1,enrichment,results/P6/enrichment.csv,a1bedeb03c0808fa,design,192,192,design (backbone clusters not held),0,16,0 of 16,actives kept of 16,0,complete,public,frac_G,frac_G,seq_only,0,high,0.05,10,0,16,0.0,0.0,0.0,8.0,0.0,GLOBAL
P6_PLATES_M1,enrichment,results/P6/enrichment.csv,a1bedeb03c0808fa,design,192,192,design (backbone clusters not held),0,16,0 of 16,actives kept of 16,0,complete,public,frac_G,frac_G,seq_only,0,high,0.1,19,0,16,0.0,0.0,0.0,8.0,0.0,GLOBAL
P6_PLATES_M1,enrichment,results/P6/enrichment.csv,a1bedeb03c0808fa,design,192,192,design (backbone clusters not held),0,16,0 of 16,actives kept of 16,0,complete,public,frac_G,frac_G,seq_only,0,high,0.25,48,0,16,0.0,0.0,0.0,8.0,0.0,GLOBAL
P6_PLATES_M1,enrichment,results/P6/enrichment.csv,a1bedeb03c0808fa,design,192,192,design (backbone clusters not held),2,16,2 of 16,actives kept of 16,0,complete,public,frac_G,frac_G,seq_only,0,high,0.5,96,2,16,2.0,0.0,4.0,8.0,0.25,GLOBAL
P6_PLATES_M1,enrichment,results/P6/enrichment.csv,a1bedeb03c0808fa,design,192,192,design (backbone clusters not held),1,16,1 of 16,actives kept of 16,0,complete,public,frac_H,frac_H,seq_only,0,low,0.05,10,1,16,9.6,0.0,28.8,8.0,1.2,GLOBAL
P6_PLATES_M1,enrichment,results/P6/enrichment.csv,a1bedeb03c0808fa,design,192,192,design (backbone clusters not held),2,16,2 of 16,actives kept of 16,0,complete,public,frac_H,frac_H,seq_only,0,low,0.1,19,2,16,10.11,0.0,20.21,8.0,1.26,GLOBAL
P6_PLATES_M1,enrichment,results/P6/enrichment.csv,a1bedeb03c0808fa,design,192,192,design (backbone clusters not held),3,16,3 of 16,actives kept of 16,0,complete,public,frac_H,frac_H,seq_only,0,low,0.25,48,3,16,6.0,2.0,12.0,8.0,0.75,GLOBAL
P6_PLATES_M1,enrichment,results/P6/enrichment.csv,a1bedeb03c0808fa,design,192,192,design (backbone clusters not held),12,16,12 of 16,actives kept of 16,0,complete,public,frac_H,frac_H,seq_only,0,low,0.5,96,12,16,12.0,7.0,18.0,8.0,1.5,GLOBAL
P6_PLATES_M1,enrichment,results/P6/enrichment.csv,a1bedeb03c0808fa,design,192,192,design (backbone clusters not held),1,16,1 of 16,actives kept of 16,0,complete,public,frac_H,frac_H,seq_only,0,high,0.05,10,1,16,9.6,0.0,28.8,8.0,1.2,GLOBAL
P6_PLATES_M1,enrichment,results/P6/enrichment.csv,a1bedeb03c0808fa,design,192,192,design (backbone clusters not held),1,16,1 of 16,actives kept of 16,0,complete,public,frac_H,frac_H,seq_only,0,high,0.1,19,1,16,5.05,0.0,15.16,8.0,0.63,GLOBAL
P6_PLATES_M1,enrichment,results/P6/enrichment.csv,a1bedeb03c0808fa,design,192,192,design (backbone clusters not held),3,16,3 of 16,actives kept of 16,0,complete,public,frac_H,frac_H,seq_only,0,high,0.25,48,3,16,6.0,0.0,12.0,8.0,0.75,GLOBAL
P6_PLATES_M1,enrichment,results/P6/enrichment.csv,a1bedeb03c0808fa,design,192,192,design (backbone clusters not held),4,16,4 of 16,actives kept of 16,0,complete,public,frac_H,frac_H,seq_only,0,high,0.5,96,4,16,4.0,1.0,8.0,8.0,0.5,GLOBAL
P6_PLATES_M1,enrichment,results/P6/enrichment.csv,a1bedeb03c0808fa,design,192,192,design (backbone clusters not held),0,16,0 of 16,actives kept of 16,0,complete,public,frac_I,frac_I,seq_only,0,low,0.05,10,0,16,0.0,0.0,19.2,8.0,0.0,GLOBAL
P6_PLATES_M1,enrichment,results/P6/enrichment.csv,a1bedeb03c0808fa,design,192,192,design (backbone clusters not held),1,16,1 of 16,actives kept of 16,0,complete,public,frac_I,frac_I,seq_only,0,low,0.1,19,1,16,5.05,0.0,15.16,8.0,0.63,GLOBAL
P6_PLATES_M1,enrichment,results/P6/enrichment.csv,a1bedeb03c0808fa,design,192,192,design (backbone clusters not held),5,16,5 of 16,actives kept of 16,0,complete,public,frac_I,frac_I,seq_only,0,low,0.25,48,5,16,10.0,2.0,16.0,8.0,1.25,GLOBAL
P6_PLATES_M1,enrichment,results/P6/enrichment.csv,a1bedeb03c0808fa,design,192,192,design (backbone clusters not held),12,16,12 of 16,actives kept of 16,0,complete,public,frac_I,frac_I,seq_only,0,low,0.5,96,12,16,12.0,7.0,17.0,8.0,1.5,GLOBAL
P6_PLATES_M1,enrichment,results/P6/enrichment.csv,a1bedeb03c0808fa,design,192,192,design (backbone clusters not held),1,16,1 of 16,actives kept of 16,0,complete,public,frac_I,frac_I,seq_only,0,high,0.05,10,1,16,9.6,0.0,28.8,8.0,1.2,GLOBAL
P6_PLATES_M1,enrichment,results/P6/enrichment.csv,a1bedeb03c0808fa,design,192,192,design (backbone clusters not held),1,16,1 of 16,actives kept of 16,0,complete,public,frac_I,frac_I,seq_only,0,high,0.1,19,1,16,5.05,0.0,15.16,8.0,0.63,GLOBAL
P6_PLATES_M1,enrichment,results/P6/enrichment.csv,a1bedeb03c0808fa,design,192,192,design (backbone clusters not held),2,16,2 of 16,actives kept of 16,0,complete,public,frac_I,frac_I,seq_only,0,high,0.25,48,2,16,4.0,0.0,10.0,8.0,0.5,GLOBAL
P6_PLATES_M1,enrichment,results/P6/enrichment.csv,a1bedeb03c0808fa,design,192,192,design (backbone clusters not held),4,16,4 of 16,actives kept of 16,0,complete,public,frac_I,frac_I,seq_only,0,high,0.5,96,4,16,4.0,1.0,8.0,8.0,0.5,GLOBAL
P6_PLATES_M1,enrichment,results/P6/enrichment.csv,a1bedeb03c0808fa,design,192,192,design (backbone clusters not held),1,16,1 of 16,actives kept of 16,0,complete,public,frac_K,frac_K,seq_only,0,low,0.05,10,1,16,9.6,0.0,19.2,8.0,1.2,GLOBAL
P6_PLATES_M1,enrichment,results/P6/enrichment.csv,a1bedeb03c0808fa,design,192,192,design (backbone clusters not held),1,16,1 of 16,actives kept of 16,0,complete,public,frac_K,frac_K,seq_only,0,low,0.1,19,1,16,5.05,0.0,15.16,8.0,0.63,GLOBAL
P6_PLATES_M1,enrichment,results/P6/enrichment.csv,a1bedeb03c0808fa,design,192,192,design (backbone clusters not held),1,16,1 of 16,actives kept of 16,0,complete,public,frac_K,frac_K,seq_only,0,low,0.25,48,1,16,2.0,0.0,6.0,8.0,0.25,GLOBAL
P6_PLATES_M1,enrichment,results/P6/enrichment.csv,a1bedeb03c0808fa,design,192,192,design (backbone clusters not held),4,16,4 of 16,actives kept of 16,0,complete,public,frac_K,frac_K,seq_only,0,low,0.5,96,4,16,4.0,1.0,8.0,8.0,0.5,GLOBAL
P6_PLATES_M1,enrichment,results/P6/enrichment.csv,a1bedeb03c0808fa,design,192,192,design (backbone clusters not held),2,16,2 of 16,actives kept of 16,0,complete,public,frac_K,frac_K,seq_only,0,high,0.05,10,2,16,19.2,0.0,38.4,8.0,2.4,GLOBAL
P6_PLATES_M1,enrichment,results/P6/enrichment.csv,a1bedeb03c0808fa,design,192,192,design (backbone clusters not held),3,16,3 of 16,actives kept of 16,0,complete,public,frac_K,frac_K,seq_only,0,high,0.1,19,3,16,15.16,0.0,25.26,8.0,1.89,GLOBAL
P6_PLATES_M1,enrichment,results/P6/enrichment.csv,a1bedeb03c0808fa,design,192,192,design (backbone clusters not held),4,16,4 of 16,actives kept of 16,0,complete,public,frac_K,frac_K,seq_only,0,high,0.25,48,4,16,8.0,2.0,14.1,8.0,1.0,GLOBAL
P6_PLATES_M1,enrichment,results/P6/enrichment.csv,a1bedeb03c0808fa,design,192,192,design (backbone clusters not held),12,16,12 of 16,actives kept of 16,0,complete,public,frac_K,frac_K,seq_only,0,high,0.5,96,12,16,12.0,7.0,17.0,8.0,1.5,GLOBAL
P6_PLATES_M1,enrichment,results/P6/enrichment.csv,a1bedeb03c0808fa,design,192,192,design (backbone clusters not held),0,16,0 of 16,actives kept of 16,0,complete,public,frac_L,frac_L,seq_only,0,low,0.05,10,0,16,0.0,0.0,9.6,8.0,0.0,GLOBAL
P6_PLATES_M1,enrichment,results/P6/enrichment.csv,a1bedeb03c0808fa,design,192,192,design (backbone clusters not held),1,16,1 of 16,actives kept of 16,0,complete,public,frac_L,frac_L,seq_only,0,low,0.1,19,1,16,5.05,0.0,15.16,8.0,0.63,GLOBAL
P6_PLATES_M1,enrichment,results/P6/enrichment.csv,a1bedeb03c0808fa,design,192,192,design (backbone clusters not held),7,16,7 of 16,actives kept of 16,0,complete,public,frac_L,frac_L,seq_only,0,low,0.25,48,7,16,14.0,6.0,22.0,8.0,1.75,GLOBAL
P6_PLATES_M1,enrichment,results/P6/enrichment.csv,a1bedeb03c0808fa,design,192,192,design (backbone clusters not held),10,16,10 of 16,actives kept of 16,0,complete,public,frac_L,frac_L,seq_only,0,low,0.5,96,10,16,10.0,5.0,15.0,8.0,1.25,GLOBAL
P6_PLATES_M1,enrichment,results/P6/enrichment.csv,a1bedeb03c0808fa,design,192,192,design (backbone clusters not held),0,16,0 of 16,actives kept of 16,0,complete,public,frac_L,frac_L,seq_only,0,high,0.05,10,0,16,0.0,0.0,0.0,8.0,0.0,GLOBAL
P6_PLATES_M1,enrichment,results/P6/enrichment.csv,a1bedeb03c0808fa,design,192,192,design (backbone clusters not held),0,16,0 of 16,actives kept of 16,0,complete,public,frac_L,frac_L,seq_only,0,high,0.1,19,0,16,0.0,0.0,5.05,8.0,0.0,GLOBAL
P6_PLATES_M1,enrichment,results/P6/enrichment.csv,a1bedeb03c0808fa,design,192,192,design (backbone clusters not held),1,16,1 of 16,actives kept of 16,0,complete,public,frac_L,frac_L,seq_only,0,high,0.25,48,1,16,2.0,0.0,6.0,8.0,0.25,GLOBAL
P6_PLATES_M1,enrichment,results/P6/enrichment.csv,a1bedeb03c0808fa,design,192,192,design (backbone clusters not held),6,16,6 of 16,actives kept of 16,0,complete,public,frac_L,frac_L,seq_only,0,high,0.5,96,6,16,6.0,2.0,10.0,8.0,0.75,GLOBAL
P6_PLATES_M1,enrichment,results/P6/enrichment.csv,a1bedeb03c0808fa,design,192,192,design (backbone clusters not held),1,16,1 of 16,actives kept of 16,0,complete,public,frac_M,frac_M,seq_only,0,low,0.05,10,1,16,9.6,0.0,19.2,8.0,1.2,GLOBAL
P6_PLATES_M1,enrichment,results/P6/enrichment.csv,a1bedeb03c0808fa,design,192,192,design (backbone clusters not held),1,16,1 of 16,actives kept of 16,0,complete,public,frac_M,frac_M,seq_only,0,low,0.1,19,1,16,5.05,0.0,20.21,8.0,0.63,GLOBAL
P6_PLATES_M1,enrichment,results/P6/enrichment.csv,a1bedeb03c0808fa,design,192,192,design (backbone clusters not held),3,16,3 of 16,actives kept of 16,0,complete,public,frac_M,frac_M,seq_only,0,low,0.25,48,3,16,6.0,2.0,14.0,8.0,0.75,GLOBAL
P6_PLATES_M1,enrichment,results/P6/enrichment.csv,a1bedeb03c0808fa,design,192,192,design (backbone clusters not held),5,16,5 of 16,actives kept of 16,0,complete,public,frac_M,frac_M,seq_only,0,low,0.5,96,5,16,5.0,4.0,13.0,8.0,0.63,GLOBAL
P6_PLATES_M1,enrichment,results/P6/enrichment.csv,a1bedeb03c0808fa,design,192,192,design (backbone clusters not held),1,16,1 of 16,actives kept of 16,0,complete,public,frac_M,frac_M,seq_only,0,high,0.05,10,1,16,9.6,0.0,19.2,8.0,1.2,GLOBAL
P6_PLATES_M1,enrichment,results/P6/enrichment.csv,a1bedeb03c0808fa,design,192,192,design (backbone clusters not held),1,16,1 of 16,actives kept of 16,0,complete,public,frac_M,frac_M,seq_only,0,high,0.1,19,1,16,5.05,0.0,20.21,8.0,0.63,GLOBAL
P6_PLATES_M1,enrichment,results/P6/enrichment.csv,a1bedeb03c0808fa,design,192,192,design (backbone clusters not held),3,16,3 of 16,actives kept of 16,0,complete,public,frac_M,frac_M,seq_only,0,high,0.25,48,3,16,6.0,2.0,14.0,8.0,0.75,GLOBAL
P6_PLATES_M1,enrichment,results/P6/enrichment.csv,a1bedeb03c0808fa,design,192,192,design (backbone clusters not held),5,16,5 of 16,actives kept of 16,0,complete,public,frac_M,frac_M,seq_only,0,high,0.5,96,5,16,5.0,4.0,13.0,8.0,0.63,GLOBAL
P6_PLATES_M1,enrichment,results/P6/enrichment.csv,a1bedeb03c0808fa,design,192,192,design (backbone clusters not held),1,16,1 of 16,actives kept of 16,0,complete,public,frac_N,frac_N,seq_only,0,low,0.05,10,1,16,9.6,0.0,28.8,8.0,1.2,GLOBAL
P6_PLATES_M1,enrichment,results/P6/enrichment.csv,a1bedeb03c0808fa,design,192,192,design (backbone clusters not held),2,16,2 of 16,actives kept of 16,0,complete,public,frac_N,frac_N,seq_only,0,low,0.1,19,2,16,10.11,0.0,25.26,8.0,1.26,GLOBAL
P6_PLATES_M1,enrichment,results/P6/enrichment.csv,a1bedeb03c0808fa,design,192,192,design (backbone clusters not held),5,16,5 of 16,actives kept of 16,0,complete,public,frac_N,frac_N,seq_only,0,low,0.25,48,5,16,10.0,4.0,18.0,8.0,1.25,GLOBAL
P6_PLATES_M1,enrichment,results/P6/enrichment.csv,a1bedeb03c0808fa,design,192,192,design (backbone clusters not held),9,16,9 of 16,actives kept of 16,0,complete,public,frac_N,frac_N,seq_only,0,low,0.5,96,9,16,9.0,4.0,13.0,8.0,1.12,GLOBAL
P6_PLATES_M1,enrichment,results/P6/enrichment.csv,a1bedeb03c0808fa,design,192,192,design (backbone clusters not held),1,16,1 of 16,actives kept of 16,0,complete,public,frac_N,frac_N,seq_only,0,high,0.05,10,1,16,9.6,0.0,19.2,8.0,1.2,GLOBAL
P6_PLATES_M1,enrichment,results/P6/enrichment.csv,a1bedeb03c0808fa,design,192,192,design (backbone clusters not held),1,16,1 of 16,actives kept of 16,0,complete,public,frac_N,frac_N,seq_only,0,high,0.1,19,1,16,5.05,0.0,15.16,8.0,0.63,GLOBAL
P6_PLATES_M1,enrichment,results/P6/enrichment.csv,a1bedeb03c0808fa,design,192,192,design (backbone clusters not held),3,16,3 of 16,actives kept of 16,0,complete,public,frac_N,frac_N,seq_only,0,high,0.25,48,3,16,6.0,2.0,12.0,8.0,0.75,GLOBAL
P6_PLATES_M1,enrichment,results/P6/enrichment.csv,a1bedeb03c0808fa,design,192,192,design (backbone clusters not held),7,16,7 of 16,actives kept of 16,0,complete,public,frac_N,frac_N,seq_only,0,high,0.5,96,7,16,7.0,3.0,12.0,8.0,0.88,GLOBAL
P6_PLATES_M1,enrichment,results/P6/enrichment.csv,a1bedeb03c0808fa,design,192,192,design (backbone clusters not held),0,16,0 of 16,actives kept of 16,0,complete,public,frac_P,frac_P,seq_only,0,low,0.05,10,0,16,0.0,0.0,19.2,8.0,0.0,GLOBAL
P6_PLATES_M1,enrichment,results/P6/enrichment.csv,a1bedeb03c0808fa,design,192,192,design (backbone clusters not held),1,16,1 of 16,actives kept of 16,0,complete,public,frac_P,frac_P,seq_only,0,low,0.1,19,1,16,5.05,0.0,15.16,8.0,0.63,GLOBAL
P6_PLATES_M1,enrichment,results/P6/enrichment.csv,a1bedeb03c0808fa,design,192,192,design (backbone clusters not held),6,16,6 of 16,actives kept of 16,0,complete,public,frac_P,frac_P,seq_only,0,low,0.25,48,6,16,12.0,4.0,18.0,8.0,1.5,GLOBAL
P6_PLATES_M1,enrichment,results/P6/enrichment.csv,a1bedeb03c0808fa,design,192,192,design (backbone clusters not held),8,16,8 of 16,actives kept of 16,0,complete,public,frac_P,frac_P,seq_only,0,low,0.5,96,8,16,8.0,4.0,13.0,8.0,1.0,GLOBAL
P6_PLATES_M1,enrichment,results/P6/enrichment.csv,a1bedeb03c0808fa,design,192,192,design (backbone clusters not held),1,16,1 of 16,actives kept of 16,0,complete,public,frac_P,frac_P,seq_only,0,high,0.05,10,1,16,9.6,0.0,19.2,8.0,1.2,GLOBAL
P6_PLATES_M1,enrichment,results/P6/enrichment.csv,a1bedeb03c0808fa,design,192,192,design (backbone clusters not held),1,16,1 of 16,actives kept of 16,0,complete,public,frac_P,frac_P,seq_only,0,high,0.1,19,1,16,5.05,0.0,15.16,8.0,0.63,GLOBAL
P6_PLATES_M1,enrichment,results/P6/enrichment.csv,a1bedeb03c0808fa,design,192,192,design (backbone clusters not held),5,16,5 of 16,actives kept of 16,0,complete,public,frac_P,frac_P,seq_only,0,high,0.25,48,5,16,10.0,2.0,18.0,8.0,1.25,GLOBAL
P6_PLATES_M1,enrichment,results/P6/enrichment.csv,a1bedeb03c0808fa,design,192,192,design (backbone clusters not held),8,16,8 of 16,actives kept of 16,0,complete,public,frac_P,frac_P,seq_only,0,high,0.5,96,8,16,8.0,4.0,13.0,8.0,1.0,GLOBAL
P6_PLATES_M1,enrichment,results/P6/enrichment.csv,a1bedeb03c0808fa,design,192,192,design (backbone clusters not held),0,16,0 of 16,actives kept of 16,0,complete,public,frac_Q,frac_Q,seq_only,0,low,0.05,10,0,16,0.0,0.0,0.0,8.0,0.0,GLOBAL
P6_PLATES_M1,enrichment,results/P6/enrichment.csv,a1bedeb03c0808fa,design,192,192,design (backbone clusters not held),0,16,0 of 16,actives kept of 16,0,complete,public,frac_Q,frac_Q,seq_only,0,low,0.1,19,0,16,0.0,0.0,0.0,8.0,0.0,GLOBAL
P6_PLATES_M1,enrichment,results/P6/enrichment.csv,a1bedeb03c0808fa,design,192,192,design (backbone clusters not held),3,16,3 of 16,actives kept of 16,0,complete,public,frac_Q,frac_Q,seq_only,0,low,0.25,48,3,16,6.0,0.0,16.0,8.0,0.75,GLOBAL
P6_PLATES_M1,enrichment,results/P6/enrichment.csv,a1bedeb03c0808fa,design,192,192,design (backbone clusters not held),8,16,8 of 16,actives kept of 16,0,complete,public,frac_Q,frac_Q,seq_only,0,low,0.5,96,8,16,8.0,4.0,13.0,8.0,1.0,GLOBAL
P6_PLATES_M1,enrichment,results/P6/enrichment.csv,a1bedeb03c0808fa,design,192,192,design (backbone clusters not held),0,16,0 of 16,actives kept of 16,0,complete,public,frac_Q,frac_Q,seq_only,0,high,0.05,10,0,16,0.0,0.0,19.2,8.0,0.0,GLOBAL
P6_PLATES_M1,enrichment,results/P6/enrichment.csv,a1bedeb03c0808fa,design,192,192,design (backbone clusters not held),2,16,2 of 16,actives kept of 16,0,complete,public,frac_Q,frac_Q,seq_only,0,high,0.1,19,2,16,10.11,0.0,20.21,8.0,1.26,GLOBAL
P6_PLATES_M1,enrichment,results/P6/enrichment.csv,a1bedeb03c0808fa,design,192,192,design (backbone clusters not held),4,16,4 of 16,actives kept of 16,0,complete,public,frac_Q,frac_Q,seq_only,0,high,0.25,48,4,16,8.0,2.0,14.0,8.0,1.0,GLOBAL
P6_PLATES_M1,enrichment,results/P6/enrichment.csv,a1bedeb03c0808fa,design,192,192,design (backbone clusters not held),8,16,8 of 16,actives kept of 16,0,complete,public,frac_Q,frac_Q,seq_only,0,high,0.5,96,8,16,8.0,4.0,12.0,8.0,1.0,GLOBAL
P6_PLATES_M1,enrichment,results/P6/enrichment.csv,a1bedeb03c0808fa,design,192,192,design (backbone clusters not held),2,16,2 of 16,actives kept of 16,0,complete,public,frac_R,frac_R,seq_only,0,low,0.05,10,2,16,19.2,0.0,38.4,8.0,2.4,GLOBAL
P6_PLATES_M1,enrichment,results/P6/enrichment.csv,a1bedeb03c0808fa,design,192,192,design (backbone clusters not held),2,16,2 of 16,actives kept of 16,0,complete,public,frac_R,frac_R,seq_only,0,low,0.1,19,2,16,10.11,0.0,25.26,8.0,1.26,GLOBAL
P6_PLATES_M1,enrichment,results/P6/enrichment.csv,a1bedeb03c0808fa,design,192,192,design (backbone clusters not held),4,16,4 of 16,actives kept of 16,0,complete,public,frac_R,frac_R,seq_only,0,low,0.25,48,4,16,8.0,2.0,14.0,8.0,1.0,GLOBAL
P6_PLATES_M1,enrichment,results/P6/enrichment.csv,a1bedeb03c0808fa,design,192,192,design (backbone clusters not held),10,16,10 of 16,actives kept of 16,0,complete,public,frac_R,frac_R,seq_only,0,low,0.5,96,10,16,10.0,4.0,14.0,8.0,1.25,GLOBAL
P6_PLATES_M1,enrichment,results/P6/enrichment.csv,a1bedeb03c0808fa,design,192,192,design (backbone clusters not held),0,16,0 of 16,actives kept of 16,0,complete,public,frac_R,frac_R,seq_only,0,high,0.05,10,0,16,0.0,0.0,0.0,8.0,0.0,GLOBAL
P6_PLATES_M1,enrichment,results/P6/enrichment.csv,a1bedeb03c0808fa,design,192,192,design (backbone clusters not held),0,16,0 of 16,actives kept of 16,0,complete,public,frac_R,frac_R,seq_only,0,high,0.1,19,0,16,0.0,0.0,10.11,8.0,0.0,GLOBAL
P6_PLATES_M1,enrichment,results/P6/enrichment.csv,a1bedeb03c0808fa,design,192,192,design (backbone clusters not held),2,16,2 of 16,actives kept of 16,0,complete,public,frac_R,frac_R,seq_only,0,high,0.25,48,2,16,4.0,0.0,12.0,8.0,0.5,GLOBAL
P6_PLATES_M1,enrichment,results/P6/enrichment.csv,a1bedeb03c0808fa,design,192,192,design (backbone clusters not held),6,16,6 of 16,actives kept of 16,0,complete,public,frac_R,frac_R,seq_only,0,high,0.5,96,6,16,6.0,3.0,12.0,8.0,0.75,GLOBAL
P6_PLATES_M1,enrichment,results/P6/enrichment.csv,a1bedeb03c0808fa,design,192,192,design (backbone clusters not held),4,16,4 of 16,actives kept of 16,0,complete,public,frac_S,frac_S,seq_only,0,low,0.05,10,4,16,38.4,19.2,67.2,8.0,4.8,GLOBAL
P6_PLATES_M1,enrichment,results/P6/enrichment.csv,a1bedeb03c0808fa,design,192,192,design (backbone clusters not held),6,16,6 of 16,actives kept of 16,0,complete,public,frac_S,frac_S,seq_only,0,low,0.1,19,6,16,30.32,10.11,50.53,8.0,3.79,GLOBAL
P6_PLATES_M1,enrichment,results/P6/enrichment.csv,a1bedeb03c0808fa,design,192,192,design (backbone clusters not held),7,16,7 of 16,actives kept of 16,0,complete,public,frac_S,frac_S,seq_only,0,low,0.25,48,7,16,14.0,6.0,22.0,8.0,1.75,GLOBAL
P6_PLATES_M1,enrichment,results/P6/enrichment.csv,a1bedeb03c0808fa,design,192,192,design (backbone clusters not held),8,16,8 of 16,actives kept of 16,0,complete,public,frac_S,frac_S,seq_only,0,low,0.5,96,8,16,8.0,4.0,14.0,8.0,1.0,GLOBAL
P6_PLATES_M1,enrichment,results/P6/enrichment.csv,a1bedeb03c0808fa,design,192,192,design (backbone clusters not held),1,16,1 of 16,actives kept of 16,0,complete,public,frac_S,frac_S,seq_only,0,high,0.05,10,1,16,9.6,0.0,28.8,8.0,1.2,GLOBAL
P6_PLATES_M1,enrichment,results/P6/enrichment.csv,a1bedeb03c0808fa,design,192,192,design (backbone clusters not held),2,16,2 of 16,actives kept of 16,0,complete,public,frac_S,frac_S,seq_only,0,high,0.1,19,2,16,10.11,0.0,20.21,8.0,1.26,GLOBAL
P6_PLATES_M1,enrichment,results/P6/enrichment.csv,a1bedeb03c0808fa,design,192,192,design (backbone clusters not held),4,16,4 of 16,actives kept of 16,0,complete,public,frac_S,frac_S,seq_only,0,high,0.25,48,4,16,8.0,2.0,14.0,8.0,1.0,GLOBAL
P6_PLATES_M1,enrichment,results/P6/enrichment.csv,a1bedeb03c0808fa,design,192,192,design (backbone clusters not held),6,16,6 of 16,actives kept of 16,0,complete,public,frac_S,frac_S,seq_only,0,high,0.5,96,6,16,6.0,3.0,12.0,8.0,0.75,GLOBAL
P6_PLATES_M1,enrichment,results/P6/enrichment.csv,a1bedeb03c0808fa,design,192,192,design (backbone clusters not held),0,16,0 of 16,actives kept of 16,0,complete,public,frac_T,frac_T,seq_only,0,low,0.05,10,0,16,0.0,0.0,0.0,8.0,0.0,GLOBAL
P6_PLATES_M1,enrichment,results/P6/enrichment.csv,a1bedeb03c0808fa,design,192,192,design (backbone clusters not held),0,16,0 of 16,actives kept of 16,0,complete,public,frac_T,frac_T,seq_only,0,low,0.1,19,0,16,0.0,0.0,0.0,8.0,0.0,GLOBAL
P6_PLATES_M1,enrichment,results/P6/enrichment.csv,a1bedeb03c0808fa,design,192,192,design (backbone clusters not held),1,16,1 of 16,actives kept of 16,0,complete,public,frac_T,frac_T,seq_only,0,low,0.25,48,1,16,2.0,0.0,8.0,8.0,0.25,GLOBAL
P6_PLATES_M1,enrichment,results/P6/enrichment.csv,a1bedeb03c0808fa,design,192,192,design (backbone clusters not held),10,16,10 of 16,actives kept of 16,0,complete,public,frac_T,frac_T,seq_only,0,low,0.5,96,10,16,10.0,4.0,14.0,8.0,1.25,GLOBAL
P6_PLATES_M1,enrichment,results/P6/enrichment.csv,a1bedeb03c0808fa,design,192,192,design (backbone clusters not held),0,16,0 of 16,actives kept of 16,0,complete,public,frac_T,frac_T,seq_only,0,high,0.05,10,0,16,0.0,0.0,0.0,8.0,0.0,GLOBAL
P6_PLATES_M1,enrichment,results/P6/enrichment.csv,a1bedeb03c0808fa,design,192,192,design (backbone clusters not held),1,16,1 of 16,actives kept of 16,0,complete,public,frac_T,frac_T,seq_only,0,high,0.1,19,1,16,5.05,0.0,10.11,8.0,0.63,GLOBAL
P6_PLATES_M1,enrichment,results/P6/enrichment.csv,a1bedeb03c0808fa,design,192,192,design (backbone clusters not held),2,16,2 of 16,actives kept of 16,0,complete,public,frac_T,frac_T,seq_only,0,high,0.25,48,2,16,4.0,0.0,8.0,8.0,0.5,GLOBAL
P6_PLATES_M1,enrichment,results/P6/enrichment.csv,a1bedeb03c0808fa,design,192,192,design (backbone clusters not held),8,16,8 of 16,actives kept of 16,0,complete,public,frac_T,frac_T,seq_only,0,high,0.5,96,8,16,8.0,3.0,12.05,8.0,1.0,GLOBAL
P6_PLATES_M1,enrichment,results/P6/enrichment.csv,a1bedeb03c0808fa,design,192,192,design (backbone clusters not held),1,16,1 of 16,actives kept of 16,0,complete,public,frac_V,frac_V,seq_only,0,low,0.05,10,1,16,9.6,0.0,28.8,8.0,1.2,GLOBAL
P6_PLATES_M1,enrichment,results/P6/enrichment.csv,a1bedeb03c0808fa,design,192,192,design (backbone clusters not held),2,16,2 of 16,actives kept of 16,0,complete,public,frac_V,frac_V,seq_only,0,low,0.1,19,2,16,10.11,0.0,20.21,8.0,1.26,GLOBAL
P6_PLATES_M1,enrichment,results/P6/enrichment.csv,a1bedeb03c0808fa,design,192,192,design (backbone clusters not held),6,16,6 of 16,actives kept of 16,0,complete,public,frac_V,frac_V,seq_only,0,low,0.25,48,6,16,12.0,6.0,22.0,8.0,1.5,GLOBAL
P6_PLATES_M1,enrichment,results/P6/enrichment.csv,a1bedeb03c0808fa,design,192,192,design (backbone clusters not held),12,16,12 of 16,actives kept of 16,0,complete,public,frac_V,frac_V,seq_only,0,low,0.5,96,12,16,12.0,7.0,17.0,8.0,1.5,GLOBAL
P6_PLATES_M1,enrichment,results/P6/enrichment.csv,a1bedeb03c0808fa,design,192,192,design (backbone clusters not held),0,16,0 of 16,actives kept of 16,0,complete,public,frac_V,frac_V,seq_only,0,high,0.05,10,0,16,0.0,0.0,0.0,8.0,0.0,GLOBAL
P6_PLATES_M1,enrichment,results/P6/enrichment.csv,a1bedeb03c0808fa,design,192,192,design (backbone clusters not held),0,16,0 of 16,actives kept of 16,0,complete,public,frac_V,frac_V,seq_only,0,high,0.1,19,0,16,0.0,0.0,10.11,8.0,0.0,GLOBAL
P6_PLATES_M1,enrichment,results/P6/enrichment.csv,a1bedeb03c0808fa,design,192,192,design (backbone clusters not held),1,16,1 of 16,actives kept of 16,0,complete,public,frac_V,frac_V,seq_only,0,high,0.25,48,1,16,2.0,0.0,6.0,8.0,0.25,GLOBAL
P6_PLATES_M1,enrichment,results/P6/enrichment.csv,a1bedeb03c0808fa,design,192,192,design (backbone clusters not held),4,16,4 of 16,actives kept of 16,0,complete,public,frac_V,frac_V,seq_only,0,high,0.5,96,4,16,4.0,1.0,7.0,8.0,0.5,GLOBAL
P6_PLATES_M1,enrichment,results/P6/enrichment.csv,a1bedeb03c0808fa,design,192,192,design (backbone clusters not held),1,16,1 of 16,actives kept of 16,0,complete,public,frac_W,frac_W,seq_only,0,low,0.05,10,1,16,9.6,0.0,28.8,8.0,1.2,GLOBAL
P6_PLATES_M1,enrichment,results/P6/enrichment.csv,a1bedeb03c0808fa,design,192,192,design (backbone clusters not held),3,16,3 of 16,actives kept of 16,0,complete,public,frac_W,frac_W,seq_only,0,low,0.1,19,3,16,15.16,0.0,25.26,8.0,1.89,GLOBAL
P6_PLATES_M1,enrichment,results/P6/enrichment.csv,a1bedeb03c0808fa,design,192,192,design (backbone clusters not held),4,16,4 of 16,actives kept of 16,0,complete,public,frac_W,frac_W,seq_only,0,low,0.25,48,4,16,8.0,6.0,20.0,8.0,1.0,GLOBAL
P6_PLATES_M1,enrichment,results/P6/enrichment.csv,a1bedeb03c0808fa,design,192,192,design (backbone clusters not held),9,16,9 of 16,actives kept of 16,0,complete,public,frac_W,frac_W,seq_only,0,low,0.5,96,9,16,9.0,5.0,14.0,8.0,1.12,GLOBAL
P6_PLATES_M1,enrichment,results/P6/enrichment.csv,a1bedeb03c0808fa,design,192,192,design (backbone clusters not held),0,16,0 of 16,actives kept of 16,0,complete,public,frac_W,frac_W,seq_only,0,high,0.05,10,0,16,0.0,0.0,0.0,8.0,0.0,GLOBAL
P6_PLATES_M1,enrichment,results/P6/enrichment.csv,a1bedeb03c0808fa,design,192,192,design (backbone clusters not held),0,16,0 of 16,actives kept of 16,0,complete,public,frac_W,frac_W,seq_only,0,high,0.1,19,0,16,0.0,0.0,25.26,8.0,0.0,GLOBAL
P6_PLATES_M1,enrichment,results/P6/enrichment.csv,a1bedeb03c0808fa,design,192,192,design (backbone clusters not held),5,16,5 of 16,actives kept of 16,0,complete,public,frac_W,frac_W,seq_only,0,high,0.25,48,5,16,10.0,4.0,18.0,8.0,1.25,GLOBAL
P6_PLATES_M1,enrichment,results/P6/enrichment.csv,a1bedeb03c0808fa,design,192,192,design (backbone clusters not held),7,16,7 of 16,actives kept of 16,0,complete,public,frac_W,frac_W,seq_only,0,high,0.5,96,7,16,7.0,3.0,11.0,8.0,0.88,GLOBAL
P6_PLATES_M1,enrichment,results/P6/enrichment.csv,a1bedeb03c0808fa,design,192,192,design (backbone clusters not held),0,16,0 of 16,actives kept of 16,0,complete,public,frac_Y,frac_Y,seq_only,0,low,0.05,10,0,16,0.0,0.0,0.0,8.0,0.0,REF
P6_PLATES_M1,enrichment,results/P6/enrichment.csv,a1bedeb03c0808fa,design,192,192,design (backbone clusters not held),0,16,0 of 16,actives kept of 16,0,complete,public,frac_Y,frac_Y,seq_only,0,low,0.1,19,0,16,0.0,0.0,10.11,8.0,0.0,REF
P6_PLATES_M1,enrichment,results/P6/enrichment.csv,a1bedeb03c0808fa,design,192,192,design (backbone clusters not held),1,16,1 of 16,actives kept of 16,0,complete,public,frac_Y,frac_Y,seq_only,0,low,0.25,48,1,16,2.0,0.0,6.0,8.0,0.25,REF
P6_PLATES_M1,enrichment,results/P6/enrichment.csv,a1bedeb03c0808fa,design,192,192,design (backbone clusters not held),3,16,3 of 16,actives kept of 16,0,complete,public,frac_Y,frac_Y,seq_only,0,low,0.5,96,3,16,3.0,0.0,6.0,8.0,0.38,REF
P6_PLATES_M1,enrichment,results/P6/enrichment.csv,a1bedeb03c0808fa,design,192,192,design (backbone clusters not held),1,16,1 of 16,actives kept of 16,0,complete,public,frac_Y,frac_Y,seq_only,0,high,0.05,10,1,16,9.6,0.0,28.8,8.0,1.2,REF
P6_PLATES_M1,enrichment,results/P6/enrichment.csv,a1bedeb03c0808fa,design,192,192,design (backbone clusters not held),2,16,2 of 16,actives kept of 16,0,complete,public,frac_Y,frac_Y,seq_only,0,high,0.1,19,2,16,10.11,0.0,25.26,8.0,1.26,REF
P6_PLATES_M1,enrichment,results/P6/enrichment.csv,a1bedeb03c0808fa,design,192,192,design (backbone clusters not held),12,16,12 of 16,actives kept of 16,0,complete,public,frac_Y,frac_Y,seq_only,0,high,0.25,48,12,16,24.0,12.0,32.0,8.0,3.0,REF
P6_PLATES_M1,enrichment,results/P6/enrichment.csv,a1bedeb03c0808fa,design,192,192,design (backbone clusters not held),13,16,13 of 16,actives kept of 16,0,complete,public,frac_Y,frac_Y,seq_only,0,high,0.5,96,13,16,13.0,7.95,19.0,8.0,1.62,REF
P6_PLATES_M1,enrichment,results/P6/enrichment.csv,a1bedeb03c0808fa,design,192,192,design (backbone clusters not held),0,16,0 of 16,actives kept of 16,0,complete,public,frac_aromatic,frac_aromatic,seq_only,0,low,0.05,10,0,16,0.0,0.0,0.0,8.0,0.0,GLOBAL
P6_PLATES_M1,enrichment,results/P6/enrichment.csv,a1bedeb03c0808fa,design,192,192,design (backbone clusters not held),0,16,0 of 16,actives kept of 16,0,complete,public,frac_aromatic,frac_aromatic,seq_only,0,low,0.1,19,0,16,0.0,0.0,10.11,8.0,0.0,GLOBAL
P6_PLATES_M1,enrichment,results/P6/enrichment.csv,a1bedeb03c0808fa,design,192,192,design (backbone clusters not held),2,16,2 of 16,actives kept of 16,0,complete,public,frac_aromatic,frac_aromatic,seq_only,0,low,0.25,48,2,16,4.0,0.0,8.0,8.0,0.5,GLOBAL
P6_PLATES_M1,enrichment,results/P6/enrichment.csv,a1bedeb03c0808fa,design,192,192,design (backbone clusters not held),2,16,2 of 16,actives kept of 16,0,complete,public,frac_aromatic,frac_aromatic,seq_only,0,low,0.5,96,2,16,2.0,0.0,5.0,8.0,0.25,GLOBAL
P6_PLATES_M1,enrichment,results/P6/enrichment.csv,a1bedeb03c0808fa,design,192,192,design (backbone clusters not held),0,16,0 of 16,actives kept of 16,0,complete,public,frac_aromatic,frac_aromatic,seq_only,0,high,0.05,10,0,16,0.0,0.0,19.2,8.0,0.0,GLOBAL
P6_PLATES_M1,enrichment,results/P6/enrichment.csv,a1bedeb03c0808fa,design,192,192,design (backbone clusters not held),2,16,2 of 16,actives kept of 16,0,complete,public,frac_aromatic,frac_aromatic,seq_only,0,high,0.1,19,2,16,10.11,0.0,25.26,8.0,1.26,GLOBAL
P6_PLATES_M1,enrichment,results/P6/enrichment.csv,a1bedeb03c0808fa,design,192,192,design (backbone clusters not held),10,16,10 of 16,actives kept of 16,0,complete,public,frac_aromatic,frac_aromatic,seq_only,0,high,0.25,48,10,16,20.0,10.0,30.0,8.0,2.5,GLOBAL
P6_PLATES_M1,enrichment,results/P6/enrichment.csv,a1bedeb03c0808fa,design,192,192,design (backbone clusters not held),14,16,14 of 16,actives kept of 16,0,complete,public,frac_aromatic,frac_aromatic,seq_only,0,high,0.5,96,14,16,14.0,8.0,20.0,8.0,1.75,GLOBAL
P6_PLATES_M1,enrichment,results/P6/enrichment.csv,a1bedeb03c0808fa,design,192,192,design (backbone clusters not held),1,16,1 of 16,actives kept of 16,0,complete,public,frac_catalytic_found,frac_catalytic_found,bookkeeping,0,low,0.05,10,1,16,9.6,0.0,19.2,8.0,1.2,X-BOOKKEEP
P6_PLATES_M1,enrichment,results/P6/enrichment.csv,a1bedeb03c0808fa,design,192,192,design (backbone clusters not held),1,16,1 of 16,actives kept of 16,0,complete,public,frac_catalytic_found,frac_catalytic_found,bookkeeping,0,low,0.1,19,1,16,5.05,0.0,20.21,8.0,0.63,X-BOOKKEEP
P6_PLATES_M1,enrichment,results/P6/enrichment.csv,a1bedeb03c0808fa,design,192,192,design (backbone clusters not held),3,16,3 of 16,actives kept of 16,0,complete,public,frac_catalytic_found,frac_catalytic_found,bookkeeping,0,low,0.25,48,3,16,6.0,2.0,14.0,8.0,0.75,X-BOOKKEEP
P6_PLATES_M1,enrichment,results/P6/enrichment.csv,a1bedeb03c0808fa,design,192,192,design (backbone clusters not held),5,16,5 of 16,actives kept of 16,0,complete,public,frac_catalytic_found,frac_catalytic_found,bookkeeping,0,low,0.5,96,5,16,5.0,4.0,13.0,8.0,0.63,X-BOOKKEEP
P6_PLATES_M1,enrichment,results/P6/enrichment.csv,a1bedeb03c0808fa,design,192,192,design (backbone clusters not held),1,16,1 of 16,actives kept of 16,0,complete,public,frac_catalytic_found,frac_catalytic_found,bookkeeping,0,high,0.05,10,1,16,9.6,0.0,28.8,8.0,1.2,X-BOOKKEEP
P6_PLATES_M1,enrichment,results/P6/enrichment.csv,a1bedeb03c0808fa,design,192,192,design (backbone clusters not held),1,16,1 of 16,actives kept of 16,0,complete,public,frac_catalytic_found,frac_catalytic_found,bookkeeping,0,high,0.1,19,1,16,5.05,0.0,20.21,8.0,0.63,X-BOOKKEEP
P6_PLATES_M1,enrichment,results/P6/enrichment.csv,a1bedeb03c0808fa,design,192,192,design (backbone clusters not held),3,16,3 of 16,actives kept of 16,0,complete,public,frac_catalytic_found,frac_catalytic_found,bookkeeping,0,high,0.25,48,3,16,6.0,2.0,14.0,8.0,0.75,X-BOOKKEEP
P6_PLATES_M1,enrichment,results/P6/enrichment.csv,a1bedeb03c0808fa,design,192,192,design (backbone clusters not held),5,16,5 of 16,actives kept of 16,0,complete,public,frac_catalytic_found,frac_catalytic_found,bookkeeping,0,high,0.5,96,5,16,5.0,4.0,13.0,8.0,0.63,X-BOOKKEEP
P6_PLATES_M1,enrichment,results/P6/enrichment.csv,a1bedeb03c0808fa,design,192,192,design (backbone clusters not held),1,16,1 of 16,actives kept of 16,0,complete,public,frac_catalytic_present,frac_catalytic_present,bookkeeping,0,low,0.05,10,1,16,9.6,0.0,19.2,8.0,1.2,X-BOOKKEEP
P6_PLATES_M1,enrichment,results/P6/enrichment.csv,a1bedeb03c0808fa,design,192,192,design (backbone clusters not held),1,16,1 of 16,actives kept of 16,0,complete,public,frac_catalytic_present,frac_catalytic_present,bookkeeping,0,low,0.1,19,1,16,5.05,0.0,20.21,8.0,0.63,X-BOOKKEEP
P6_PLATES_M1,enrichment,results/P6/enrichment.csv,a1bedeb03c0808fa,design,192,192,design (backbone clusters not held),3,16,3 of 16,actives kept of 16,0,complete,public,frac_catalytic_present,frac_catalytic_present,bookkeeping,0,low,0.25,48,3,16,6.0,2.0,14.0,8.0,0.75,X-BOOKKEEP
P6_PLATES_M1,enrichment,results/P6/enrichment.csv,a1bedeb03c0808fa,design,192,192,design (backbone clusters not held),5,16,5 of 16,actives kept of 16,0,complete,public,frac_catalytic_present,frac_catalytic_present,bookkeeping,0,low,0.5,96,5,16,5.0,4.0,13.0,8.0,0.63,X-BOOKKEEP
P6_PLATES_M1,enrichment,results/P6/enrichment.csv,a1bedeb03c0808fa,design,192,192,design (backbone clusters not held),1,16,1 of 16,actives kept of 16,0,complete,public,frac_catalytic_present,frac_catalytic_present,bookkeeping,0,high,0.05,10,1,16,9.6,0.0,19.2,8.0,1.2,X-BOOKKEEP
P6_PLATES_M1,enrichment,results/P6/enrichment.csv,a1bedeb03c0808fa,design,192,192,design (backbone clusters not held),1,16,1 of 16,actives kept of 16,0,complete,public,frac_catalytic_present,frac_catalytic_present,bookkeeping,0,high,0.1,19,1,16,5.05,0.0,20.21,8.0,0.63,X-BOOKKEEP
P6_PLATES_M1,enrichment,results/P6/enrichment.csv,a1bedeb03c0808fa,design,192,192,design (backbone clusters not held),3,16,3 of 16,actives kept of 16,0,complete,public,frac_catalytic_present,frac_catalytic_present,bookkeeping,0,high,0.25,48,3,16,6.0,2.0,16.0,8.0,0.75,X-BOOKKEEP
P6_PLATES_M1,enrichment,results/P6/enrichment.csv,a1bedeb03c0808fa,design,192,192,design (backbone clusters not held),5,16,5 of 16,actives kept of 16,0,complete,public,frac_catalytic_present,frac_catalytic_present,bookkeeping,0,high,0.5,96,5,16,5.0,4.0,13.0,8.0,0.63,X-BOOKKEEP
P6_PLATES_M1,enrichment,results/P6/enrichment.csv,a1bedeb03c0808fa,design,192,192,design (backbone clusters not held),0,16,0 of 16,actives kept of 16,0,complete,public,frac_charged,frac_charged,seq_only,0,low,0.05,10,0,16,0.0,0.0,0.0,8.0,0.0,GLOBAL
P6_PLATES_M1,enrichment,results/P6/enrichment.csv,a1bedeb03c0808fa,design,192,192,design (backbone clusters not held),0,16,0 of 16,actives kept of 16,0,complete,public,frac_charged,frac_charged,seq_only,0,low,0.1,19,0,16,0.0,0.0,0.0,8.0,0.0,GLOBAL
P6_PLATES_M1,enrichment,results/P6/enrichment.csv,a1bedeb03c0808fa,design,192,192,design (backbone clusters not held),2,16,2 of 16,actives kept of 16,0,complete,public,frac_charged,frac_charged,seq_only,0,low,0.25,48,2,16,4.0,0.0,8.0,8.0,0.5,GLOBAL
P6_PLATES_M1,enrichment,results/P6/enrichment.csv,a1bedeb03c0808fa,design,192,192,design (backbone clusters not held),4,16,4 of 16,actives kept of 16,0,complete,public,frac_charged,frac_charged,seq_only,0,low,0.5,96,4,16,4.0,1.0,8.0,8.0,0.5,GLOBAL
P6_PLATES_M1,enrichment,results/P6/enrichment.csv,a1bedeb03c0808fa,design,192,192,design (backbone clusters not held),2,16,2 of 16,actives kept of 16,0,complete,public,frac_charged,frac_charged,seq_only,0,high,0.05,10,2,16,19.2,0.0,38.4,8.0,2.4,GLOBAL
P6_PLATES_M1,enrichment,results/P6/enrichment.csv,a1bedeb03c0808fa,design,192,192,design (backbone clusters not held),3,16,3 of 16,actives kept of 16,0,complete,public,frac_charged,frac_charged,seq_only,0,high,0.1,19,3,16,15.16,5.05,30.32,8.0,1.89,GLOBAL
P6_PLATES_M1,enrichment,results/P6/enrichment.csv,a1bedeb03c0808fa,design,192,192,design (backbone clusters not held),7,16,7 of 16,actives kept of 16,0,complete,public,frac_charged,frac_charged,seq_only,0,high,0.25,48,7,16,14.0,6.0,22.0,8.0,1.75,GLOBAL
P6_PLATES_M1,enrichment,results/P6/enrichment.csv,a1bedeb03c0808fa,design,192,192,design (backbone clusters not held),12,16,12 of 16,actives kept of 16,0,complete,public,frac_charged,frac_charged,seq_only,0,high,0.5,96,12,16,12.0,7.0,17.0,8.0,1.5,GLOBAL
P6_PLATES_M1,enrichment,results/P6/enrichment.csv,a1bedeb03c0808fa,design,192,192,design (backbone clusters not held),0,16,0 of 16,actives kept of 16,0,complete,public,frac_ivywrel,frac_ivywrel,seq_only,0,low,0.05,10,0,16,0.0,0.0,19.2,8.0,0.0,GLOBAL
P6_PLATES_M1,enrichment,results/P6/enrichment.csv,a1bedeb03c0808fa,design,192,192,design (backbone clusters not held),3,16,3 of 16,actives kept of 16,0,complete,public,frac_ivywrel,frac_ivywrel,seq_only,0,low,0.1,19,3,16,15.16,0.0,25.26,8.0,1.89,GLOBAL
P6_PLATES_M1,enrichment,results/P6/enrichment.csv,a1bedeb03c0808fa,design,192,192,design (backbone clusters not held),4,16,4 of 16,actives kept of 16,0,complete,public,frac_ivywrel,frac_ivywrel,seq_only,0,low,0.25,48,4,16,8.0,2.0,14.0,8.0,1.0,GLOBAL
P6_PLATES_M1,enrichment,results/P6/enrichment.csv,a1bedeb03c0808fa,design,192,192,design (backbone clusters not held),7,16,7 of 16,actives kept of 16,0,complete,public,frac_ivywrel,frac_ivywrel,seq_only,0,low,0.5,96,7,16,7.0,3.0,12.0,8.0,0.88,GLOBAL
P6_PLATES_M1,enrichment,results/P6/enrichment.csv,a1bedeb03c0808fa,design,192,192,design (backbone clusters not held),1,16,1 of 16,actives kept of 16,0,complete,public,frac_ivywrel,frac_ivywrel,seq_only,0,high,0.05,10,1,16,9.6,0.0,28.8,8.0,1.2,GLOBAL
P6_PLATES_M1,enrichment,results/P6/enrichment.csv,a1bedeb03c0808fa,design,192,192,design (backbone clusters not held),2,16,2 of 16,actives kept of 16,0,complete,public,frac_ivywrel,frac_ivywrel,seq_only,0,high,0.1,19,2,16,10.11,0.0,30.32,8.0,1.26,GLOBAL
P6_PLATES_M1,enrichment,results/P6/enrichment.csv,a1bedeb03c0808fa,design,192,192,design (backbone clusters not held),6,16,6 of 16,actives kept of 16,0,complete,public,frac_ivywrel,frac_ivywrel,seq_only,0,high,0.25,48,6,16,12.0,4.0,20.0,8.0,1.5,GLOBAL
P6_PLATES_M1,enrichment,results/P6/enrichment.csv,a1bedeb03c0808fa,design,192,192,design (backbone clusters not held),9,16,9 of 16,actives kept of 16,0,complete,public,frac_ivywrel,frac_ivywrel,seq_only,0,high,0.5,96,9,16,9.0,4.0,14.0,8.0,1.12,GLOBAL
P6_PLATES_M1,enrichment,results/P6/enrichment.csv,a1bedeb03c0808fa,design,192,192,design (backbone clusters not held),0,16,0 of 16,actives kept of 16,0,complete,public,glu_fraction,frac_E,seq_only,0,low,0.05,10,0,16,0.0,0.0,0.0,8.0,0.0,GLOBAL
P6_PLATES_M1,enrichment,results/P6/enrichment.csv,a1bedeb03c0808fa,design,192,192,design (backbone clusters not held),0,16,0 of 16,actives kept of 16,0,complete,public,glu_fraction,frac_E,seq_only,0,low,0.1,19,0,16,0.0,0.0,0.0,8.0,0.0,GLOBAL
P6_PLATES_M1,enrichment,results/P6/enrichment.csv,a1bedeb03c0808fa,design,192,192,design (backbone clusters not held),0,16,0 of 16,actives kept of 16,0,complete,public,glu_fraction,frac_E,seq_only,0,low,0.25,48,0,16,0.0,0.0,0.0,8.0,0.0,GLOBAL
P6_PLATES_M1,enrichment,results/P6/enrichment.csv,a1bedeb03c0808fa,design,192,192,design (backbone clusters not held),1,16,1 of 16,actives kept of 16,0,complete,public,glu_fraction,frac_E,seq_only,0,low,0.5,96,1,16,1.0,0.0,3.0,8.0,0.12,GLOBAL
P6_PLATES_M1,enrichment,results/P6/enrichment.csv,a1bedeb03c0808fa,design,192,192,design (backbone clusters not held),1,16,1 of 16,actives kept of 16,0,complete,public,glu_fraction,frac_E,seq_only,0,high,0.05,10,1,16,9.6,0.0,28.8,8.0,1.2,GLOBAL
P6_PLATES_M1,enrichment,results/P6/enrichment.csv,a1bedeb03c0808fa,design,192,192,design (backbone clusters not held),3,16,3 of 16,actives kept of 16,0,complete,public,glu_fraction,frac_E,seq_only,0,high,0.1,19,3,16,15.16,5.05,35.37,8.0,1.89,GLOBAL
P6_PLATES_M1,enrichment,results/P6/enrichment.csv,a1bedeb03c0808fa,design,192,192,design (backbone clusters not held),9,16,9 of 16,actives kept of 16,0,complete,public,glu_fraction,frac_E,seq_only,0,high,0.25,48,9,16,18.0,8.0,28.0,8.0,2.25,GLOBAL
P6_PLATES_M1,enrichment,results/P6/enrichment.csv,a1bedeb03c0808fa,design,192,192,design (backbone clusters not held),15,16,15 of 16,actives kept of 16,0,complete,public,glu_fraction,frac_E,seq_only,0,high,0.5,96,15,16,15.0,9.0,21.0,8.0,1.88,GLOBAL
P6_PLATES_M1,enrichment,results/P6/enrichment.csv,a1bedeb03c0808fa,design,192,192,design (backbone clusters not held),1,16,1 of 16,actives kept of 16,0,complete,public,lys_fraction,frac_K,seq_only,0,low,0.05,10,1,16,9.6,0.0,28.8,8.0,1.2,GLOBAL
P6_PLATES_M1,enrichment,results/P6/enrichment.csv,a1bedeb03c0808fa,design,192,192,design (backbone clusters not held),1,16,1 of 16,actives kept of 16,0,complete,public,lys_fraction,frac_K,seq_only,0,low,0.1,19,1,16,5.05,0.0,15.16,8.0,0.63,GLOBAL
P6_PLATES_M1,enrichment,results/P6/enrichment.csv,a1bedeb03c0808fa,design,192,192,design (backbone clusters not held),1,16,1 of 16,actives kept of 16,0,complete,public,lys_fraction,frac_K,seq_only,0,low,0.25,48,1,16,2.0,0.0,6.0,8.0,0.25,GLOBAL
P6_PLATES_M1,enrichment,results/P6/enrichment.csv,a1bedeb03c0808fa,design,192,192,design (backbone clusters not held),4,16,4 of 16,actives kept of 16,0,complete,public,lys_fraction,frac_K,seq_only,0,low,0.5,96,4,16,4.0,1.0,8.0,8.0,0.5,GLOBAL
P6_PLATES_M1,enrichment,results/P6/enrichment.csv,a1bedeb03c0808fa,design,192,192,design (backbone clusters not held),2,16,2 of 16,actives kept of 16,0,complete,public,lys_fraction,frac_K,seq_only,0,high,0.05,10,2,16,19.2,0.0,38.4,8.0,2.4,GLOBAL
P6_PLATES_M1,enrichment,results/P6/enrichment.csv,a1bedeb03c0808fa,design,192,192,design (backbone clusters not held),3,16,3 of 16,actives kept of 16,0,complete,public,lys_fraction,frac_K,seq_only,0,high,0.1,19,3,16,15.16,0.0,25.26,8.0,1.89,GLOBAL
P6_PLATES_M1,enrichment,results/P6/enrichment.csv,a1bedeb03c0808fa,design,192,192,design (backbone clusters not held),4,16,4 of 16,actives kept of 16,0,complete,public,lys_fraction,frac_K,seq_only,0,high,0.25,48,4,16,8.0,2.0,16.0,8.0,1.0,GLOBAL
P6_PLATES_M1,enrichment,results/P6/enrichment.csv,a1bedeb03c0808fa,design,192,192,design (backbone clusters not held),12,16,12 of 16,actives kept of 16,0,complete,public,lys_fraction,frac_K,seq_only,0,high,0.5,96,12,16,12.0,7.0,17.0,8.0,1.5,GLOBAL
P6_PLATES_M1,enrichment,results/P6/enrichment.csv,a1bedeb03c0808fa,design,192,192,design (backbone clusters not held),1,16,1 of 16,actives kept of 16,0,complete,public,mean_hydropathy,mean_hydropathy,seq_only,0,low,0.05,10,1,16,9.6,0.0,28.8,8.0,1.2,GLOBAL
P6_PLATES_M1,enrichment,results/P6/enrichment.csv,a1bedeb03c0808fa,design,192,192,design (backbone clusters not held),2,16,2 of 16,actives kept of 16,0,complete,public,mean_hydropathy,mean_hydropathy,seq_only,0,low,0.1,19,2,16,10.11,0.0,25.26,8.0,1.26,GLOBAL
P6_PLATES_M1,enrichment,results/P6/enrichment.csv,a1bedeb03c0808fa,design,192,192,design (backbone clusters not held),8,16,8 of 16,actives kept of 16,0,complete,public,mean_hydropathy,mean_hydropathy,seq_only,0,low,0.25,48,8,16,16.0,8.0,26.0,8.0,2.0,GLOBAL
P6_PLATES_M1,enrichment,results/P6/enrichment.csv,a1bedeb03c0808fa,design,192,192,design (backbone clusters not held),13,16,13 of 16,actives kept of 16,0,complete,public,mean_hydropathy,mean_hydropathy,seq_only,0,low,0.5,96,13,16,13.0,8.0,19.0,8.0,1.62,GLOBAL
P6_PLATES_M1,enrichment,results/P6/enrichment.csv,a1bedeb03c0808fa,design,192,192,design (backbone clusters not held),0,16,0 of 16,actives kept of 16,0,complete,public,mean_hydropathy,mean_hydropathy,seq_only,0,high,0.05,10,0,16,0.0,0.0,0.0,8.0,0.0,GLOBAL
P6_PLATES_M1,enrichment,results/P6/enrichment.csv,a1bedeb03c0808fa,design,192,192,design (backbone clusters not held),0,16,0 of 16,actives kept of 16,0,complete,public,mean_hydropathy,mean_hydropathy,seq_only,0,high,0.1,19,0,16,0.0,0.0,0.0,8.0,0.0,GLOBAL
P6_PLATES_M1,enrichment,results/P6/enrichment.csv,a1bedeb03c0808fa,design,192,192,design (backbone clusters not held),1,16,1 of 16,actives kept of 16,0,complete,public,mean_hydropathy,mean_hydropathy,seq_only,0,high,0.25,48,1,16,2.0,0.0,6.0,8.0,0.25,GLOBAL
P6_PLATES_M1,enrichment,results/P6/enrichment.csv,a1bedeb03c0808fa,design,192,192,design (backbone clusters not held),3,16,3 of 16,actives kept of 16,0,complete,public,mean_hydropathy,mean_hydropathy,seq_only,0,high,0.5,96,3,16,3.0,1.0,6.0,8.0,0.38,GLOBAL
P6_PLATES_M1,enrichment,results/P6/enrichment.csv,a1bedeb03c0808fa,design,192,192,design (backbone clusters not held),0,16,0 of 16,actives kept of 16,0,complete,public,n_catalytic_expected,n_catalytic_expected,bookkeeping,0,low,0.05,10,0,16,0.0,0.0,19.2,8.0,0.0,X-BOOKKEEP
P6_PLATES_M1,enrichment,results/P6/enrichment.csv,a1bedeb03c0808fa,design,192,192,design (backbone clusters not held),1,16,1 of 16,actives kept of 16,0,complete,public,n_catalytic_expected,n_catalytic_expected,bookkeeping,0,low,0.1,19,1,16,5.05,0.0,15.16,8.0,0.63,X-BOOKKEEP
P6_PLATES_M1,enrichment,results/P6/enrichment.csv,a1bedeb03c0808fa,design,192,192,design (backbone clusters not held),3,16,3 of 16,actives kept of 16,0,complete,public,n_catalytic_expected,n_catalytic_expected,bookkeeping,0,low,0.25,48,3,16,6.0,2.0,14.0,8.0,0.75,X-BOOKKEEP
P6_PLATES_M1,enrichment,results/P6/enrichment.csv,a1bedeb03c0808fa,design,192,192,design (backbone clusters not held),4,16,4 of 16,actives kept of 16,0,complete,public,n_catalytic_expected,n_catalytic_expected,bookkeeping,0,low,0.5,96,4,16,4.0,4.0,13.0,8.0,0.5,X-BOOKKEEP
P6_PLATES_M1,enrichment,results/P6/enrichment.csv,a1bedeb03c0808fa,design,192,192,design (backbone clusters not held),1,16,1 of 16,actives kept of 16,0,complete,public,n_catalytic_expected,n_catalytic_expected,bookkeeping,0,high,0.05,10,1,16,9.6,0.0,19.2,8.0,1.2,X-BOOKKEEP
P6_PLATES_M1,enrichment,results/P6/enrichment.csv,a1bedeb03c0808fa,design,192,192,design (backbone clusters not held),1,16,1 of 16,actives kept of 16,0,complete,public,n_catalytic_expected,n_catalytic_expected,bookkeeping,0,high,0.1,19,1,16,5.05,0.0,20.21,8.0,0.63,X-BOOKKEEP
P6_PLATES_M1,enrichment,results/P6/enrichment.csv,a1bedeb03c0808fa,design,192,192,design (backbone clusters not held),3,16,3 of 16,actives kept of 16,0,complete,public,n_catalytic_expected,n_catalytic_expected,bookkeeping,0,high,0.25,48,3,16,6.0,2.0,14.0,8.0,0.75,X-BOOKKEEP
P6_PLATES_M1,enrichment,results/P6/enrichment.csv,a1bedeb03c0808fa,design,192,192,design (backbone clusters not held),5,16,5 of 16,actives kept of 16,0,complete,public,n_catalytic_expected,n_catalytic_expected,bookkeeping,0,high,0.5,96,5,16,5.0,4.0,13.0,8.0,0.63,X-BOOKKEEP
P6_PLATES_M1,enrichment,results/P6/enrichment.csv,a1bedeb03c0808fa,design,192,192,design (backbone clusters not held),0,16,0 of 16,actives kept of 16,0,complete,public,n_catalytic_found,n_catalytic_found,bookkeeping,0,low,0.05,10,0,16,0.0,0.0,19.2,8.0,0.0,X-BOOKKEEP
P6_PLATES_M1,enrichment,results/P6/enrichment.csv,a1bedeb03c0808fa,design,192,192,design (backbone clusters not held),1,16,1 of 16,actives kept of 16,0,complete,public,n_catalytic_found,n_catalytic_found,bookkeeping,0,low,0.1,19,1,16,5.05,0.0,15.41,8.0,0.63,X-BOOKKEEP
P6_PLATES_M1,enrichment,results/P6/enrichment.csv,a1bedeb03c0808fa,design,192,192,design (backbone clusters not held),3,16,3 of 16,actives kept of 16,0,complete,public,n_catalytic_found,n_catalytic_found,bookkeeping,0,low,0.25,48,3,16,6.0,2.0,14.0,8.0,0.75,X-BOOKKEEP
P6_PLATES_M1,enrichment,results/P6/enrichment.csv,a1bedeb03c0808fa,design,192,192,design (backbone clusters not held),4,16,4 of 16,actives kept of 16,0,complete,public,n_catalytic_found,n_catalytic_found,bookkeeping,0,low,0.5,96,4,16,4.0,4.0,12.0,8.0,0.5,X-BOOKKEEP
P6_PLATES_M1,enrichment,results/P6/enrichment.csv,a1bedeb03c0808fa,design,192,192,design (backbone clusters not held),1,16,1 of 16,actives kept of 16,0,complete,public,n_catalytic_found,n_catalytic_found,bookkeeping,0,high,0.05,10,1,16,9.6,0.0,19.2,8.0,1.2,X-BOOKKEEP
P6_PLATES_M1,enrichment,results/P6/enrichment.csv,a1bedeb03c0808fa,design,192,192,design (backbone clusters not held),1,16,1 of 16,actives kept of 16,0,complete,public,n_catalytic_found,n_catalytic_found,bookkeeping,0,high,0.1,19,1,16,5.05,0.0,20.21,8.0,0.63,X-BOOKKEEP
P6_PLATES_M1,enrichment,results/P6/enrichment.csv,a1bedeb03c0808fa,design,192,192,design (backbone clusters not held),3,16,3 of 16,actives kept of 16,0,complete,public,n_catalytic_found,n_catalytic_found,bookkeeping,0,high,0.25,48,3,16,6.0,2.0,14.0,8.0,0.75,X-BOOKKEEP
P6_PLATES_M1,enrichment,results/P6/enrichment.csv,a1bedeb03c0808fa,design,192,192,design (backbone clusters not held),5,16,5 of 16,actives kept of 16,0,complete,public,n_catalytic_found,n_catalytic_found,bookkeeping,0,high,0.5,96,5,16,5.0,4.0,13.0,8.0,0.63,X-BOOKKEEP
P6_PLATES_M1,enrichment,results/P6/enrichment.csv,a1bedeb03c0808fa,design,192,192,design (backbone clusters not held),0,16,0 of 16,actives kept of 16,0,complete,public,n_catalytic_identity_match,n_catalytic_identity_match,bookkeeping,0,low,0.05,10,0,16,0.0,0.0,19.2,8.0,0.0,X-BOOKKEEP
P6_PLATES_M1,enrichment,results/P6/enrichment.csv,a1bedeb03c0808fa,design,192,192,design (backbone clusters not held),1,16,1 of 16,actives kept of 16,0,complete,public,n_catalytic_identity_match,n_catalytic_identity_match,bookkeeping,0,low,0.1,19,1,16,5.05,0.0,15.16,8.0,0.63,X-BOOKKEEP
P6_PLATES_M1,enrichment,results/P6/enrichment.csv,a1bedeb03c0808fa,design,192,192,design (backbone clusters not held),3,16,3 of 16,actives kept of 16,0,complete,public,n_catalytic_identity_match,n_catalytic_identity_match,bookkeeping,0,low,0.25,48,3,16,6.0,2.0,14.0,8.0,0.75,X-BOOKKEEP
P6_PLATES_M1,enrichment,results/P6/enrichment.csv,a1bedeb03c0808fa,design,192,192,design (backbone clusters not held),4,16,4 of 16,actives kept of 16,0,complete,public,n_catalytic_identity_match,n_catalytic_identity_match,bookkeeping,0,low,0.5,96,4,16,4.0,4.0,13.0,8.0,0.5,X-BOOKKEEP
P6_PLATES_M1,enrichment,results/P6/enrichment.csv,a1bedeb03c0808fa,design,192,192,design (backbone clusters not held),1,16,1 of 16,actives kept of 16,0,complete,public,n_catalytic_identity_match,n_catalytic_identity_match,bookkeeping,0,high,0.05,10,1,16,9.6,0.0,19.2,8.0,1.2,X-BOOKKEEP
P6_PLATES_M1,enrichment,results/P6/enrichment.csv,a1bedeb03c0808fa,design,192,192,design (backbone clusters not held),1,16,1 of 16,actives kept of 16,0,complete,public,n_catalytic_identity_match,n_catalytic_identity_match,bookkeeping,0,high,0.1,19,1,16,5.05,0.0,20.21,8.0,0.63,X-BOOKKEEP
P6_PLATES_M1,enrichment,results/P6/enrichment.csv,a1bedeb03c0808fa,design,192,192,design (backbone clusters not held),3,16,3 of 16,actives kept of 16,0,complete,public,n_catalytic_identity_match,n_catalytic_identity_match,bookkeeping,0,high,0.25,48,3,16,6.0,2.0,16.0,8.0,0.75,X-BOOKKEEP
P6_PLATES_M1,enrichment,results/P6/enrichment.csv,a1bedeb03c0808fa,design,192,192,design (backbone clusters not held),5,16,5 of 16,actives kept of 16,0,complete,public,n_catalytic_identity_match,n_catalytic_identity_match,bookkeeping,0,high,0.5,96,5,16,5.0,4.0,13.0,8.0,0.63,X-BOOKKEEP
P6_PLATES_M1,enrichment,results/P6/enrichment.csv,a1bedeb03c0808fa,design,192,192,design (backbone clusters not held),0,16,0 of 16,actives kept of 16,0,complete,public,n_catalytic_in_spec,n_catalytic_in_spec,bookkeeping,0,low,0.05,10,0,16,0.0,0.0,19.2,8.0,0.0,X-BOOKKEEP
P6_PLATES_M1,enrichment,results/P6/enrichment.csv,a1bedeb03c0808fa,design,192,192,design (backbone clusters not held),1,16,1 of 16,actives kept of 16,0,complete,public,n_catalytic_in_spec,n_catalytic_in_spec,bookkeeping,0,low,0.1,19,1,16,5.05,0.0,20.21,8.0,0.63,X-BOOKKEEP
P6_PLATES_M1,enrichment,results/P6/enrichment.csv,a1bedeb03c0808fa,design,192,192,design (backbone clusters not held),3,16,3 of 16,actives kept of 16,0,complete,public,n_catalytic_in_spec,n_catalytic_in_spec,bookkeeping,0,low,0.25,48,3,16,6.0,2.0,14.0,8.0,0.75,X-BOOKKEEP
P6_PLATES_M1,enrichment,results/P6/enrichment.csv,a1bedeb03c0808fa,design,192,192,design (backbone clusters not held),4,16,4 of 16,actives kept of 16,0,complete,public,n_catalytic_in_spec,n_catalytic_in_spec,bookkeeping,0,low,0.5,96,4,16,4.0,4.0,12.0,8.0,0.5,X-BOOKKEEP
P6_PLATES_M1,enrichment,results/P6/enrichment.csv,a1bedeb03c0808fa,design,192,192,design (backbone clusters not held),1,16,1 of 16,actives kept of 16,0,complete,public,n_catalytic_in_spec,n_catalytic_in_spec,bookkeeping,0,high,0.05,10,1,16,9.6,0.0,19.2,8.0,1.2,X-BOOKKEEP
P6_PLATES_M1,enrichment,results/P6/enrichment.csv,a1bedeb03c0808fa,design,192,192,design (backbone clusters not held),1,16,1 of 16,actives kept of 16,0,complete,public,n_catalytic_in_spec,n_catalytic_in_spec,bookkeeping,0,high,0.1,19,1,16,5.05,0.0,20.21,8.0,0.63,X-BOOKKEEP
P6_PLATES_M1,enrichment,results/P6/enrichment.csv,a1bedeb03c0808fa,design,192,192,design (backbone clusters not held),3,16,3 of 16,actives kept of 16,0,complete,public,n_catalytic_in_spec,n_catalytic_in_spec,bookkeeping,0,high,0.25,48,3,16,6.0,2.0,14.0,8.0,0.75,X-BOOKKEEP
P6_PLATES_M1,enrichment,results/P6/enrichment.csv,a1bedeb03c0808fa,design,192,192,design (backbone clusters not held),5,16,5 of 16,actives kept of 16,0,complete,public,n_catalytic_in_spec,n_catalytic_in_spec,bookkeeping,0,high,0.5,96,5,16,5.0,4.0,13.0,8.0,0.63,X-BOOKKEEP
P6_PLATES_M1,enrichment,results/P6/enrichment.csv,a1bedeb03c0808fa,design,192,192,design (backbone clusters not held),0,16,0 of 16,actives kept of 16,0,complete,public,n_catalytic_observed,n_catalytic_observed,bookkeeping,0,low,0.05,10,0,16,0.0,0.0,19.2,8.0,0.0,X-BOOKKEEP
P6_PLATES_M1,enrichment,results/P6/enrichment.csv,a1bedeb03c0808fa,design,192,192,design (backbone clusters not held),1,16,1 of 16,actives kept of 16,0,complete,public,n_catalytic_observed,n_catalytic_observed,bookkeeping,0,low,0.1,19,1,16,5.05,0.0,15.16,8.0,0.63,X-BOOKKEEP
P6_PLATES_M1,enrichment,results/P6/enrichment.csv,a1bedeb03c0808fa,design,192,192,design (backbone clusters not held),3,16,3 of 16,actives kept of 16,0,complete,public,n_catalytic_observed,n_catalytic_observed,bookkeeping,0,low,0.25,48,3,16,6.0,2.0,14.0,8.0,0.75,X-BOOKKEEP
P6_PLATES_M1,enrichment,results/P6/enrichment.csv,a1bedeb03c0808fa,design,192,192,design (backbone clusters not held),4,16,4 of 16,actives kept of 16,0,complete,public,n_catalytic_observed,n_catalytic_observed,bookkeeping,0,low,0.5,96,4,16,4.0,4.0,13.0,8.0,0.5,X-BOOKKEEP
P6_PLATES_M1,enrichment,results/P6/enrichment.csv,a1bedeb03c0808fa,design,192,192,design (backbone clusters not held),1,16,1 of 16,actives kept of 16,0,complete,public,n_catalytic_observed,n_catalytic_observed,bookkeeping,0,high,0.05,10,1,16,9.6,0.0,19.2,8.0,1.2,X-BOOKKEEP
P6_PLATES_M1,enrichment,results/P6/enrichment.csv,a1bedeb03c0808fa,design,192,192,design (backbone clusters not held),1,16,1 of 16,actives kept of 16,0,complete,public,n_catalytic_observed,n_catalytic_observed,bookkeeping,0,high,0.1,19,1,16,5.05,0.0,20.21,8.0,0.63,X-BOOKKEEP
P6_PLATES_M1,enrichment,results/P6/enrichment.csv,a1bedeb03c0808fa,design,192,192,design (backbone clusters not held),3,16,3 of 16,actives kept of 16,0,complete,public,n_catalytic_observed,n_catalytic_observed,bookkeeping,0,high,0.25,48,3,16,6.0,2.0,14.0,8.0,0.75,X-BOOKKEEP
P6_PLATES_M1,enrichment,results/P6/enrichment.csv,a1bedeb03c0808fa,design,192,192,design (backbone clusters not held),5,16,5 of 16,actives kept of 16,0,complete,public,n_catalytic_observed,n_catalytic_observed,bookkeeping,0,high,0.5,96,5,16,5.0,4.0,13.0,8.0,0.63,X-BOOKKEEP
P6_PLATES_M1,enrichment,results/P6/enrichment.csv,a1bedeb03c0808fa,design,192,192,design (backbone clusters not held),1,16,1 of 16,actives kept of 16,0,complete,public,n_catalytic_substituted,n_catalytic_substituted,bookkeeping,0,low,0.05,10,1,16,9.6,0.0,28.8,8.0,1.2,X-BOOKKEEP
P6_PLATES_M1,enrichment,results/P6/enrichment.csv,a1bedeb03c0808fa,design,192,192,design (backbone clusters not held),1,16,1 of 16,actives kept of 16,0,complete,public,n_catalytic_substituted,n_catalytic_substituted,bookkeeping,0,low,0.1,19,1,16,5.05,0.0,20.21,8.0,0.63,X-BOOKKEEP
P6_PLATES_M1,enrichment,results/P6/enrichment.csv,a1bedeb03c0808fa,design,192,192,design (backbone clusters not held),3,16,3 of 16,actives kept of 16,0,complete,public,n_catalytic_substituted,n_catalytic_substituted,bookkeeping,0,low,0.25,48,3,16,6.0,2.0,14.0,8.0,0.75,X-BOOKKEEP
P6_PLATES_M1,enrichment,results/P6/enrichment.csv,a1bedeb03c0808fa,design,192,192,design (backbone clusters not held),5,16,5 of 16,actives kept of 16,0,complete,public,n_catalytic_substituted,n_catalytic_substituted,bookkeeping,0,low,0.5,96,5,16,5.0,4.0,12.0,8.0,0.63,X-BOOKKEEP
P6_PLATES_M1,enrichment,results/P6/enrichment.csv,a1bedeb03c0808fa,design,192,192,design (backbone clusters not held),1,16,1 of 16,actives kept of 16,0,complete,public,n_catalytic_substituted,n_catalytic_substituted,bookkeeping,0,high,0.05,10,1,16,9.6,0.0,19.2,8.0,1.2,X-BOOKKEEP
P6_PLATES_M1,enrichment,results/P6/enrichment.csv,a1bedeb03c0808fa,design,192,192,design (backbone clusters not held),1,16,1 of 16,actives kept of 16,0,complete,public,n_catalytic_substituted,n_catalytic_substituted,bookkeeping,0,high,0.1,19,1,16,5.05,0.0,20.21,8.0,0.63,X-BOOKKEEP
P6_PLATES_M1,enrichment,results/P6/enrichment.csv,a1bedeb03c0808fa,design,192,192,design (backbone clusters not held),3,16,3 of 16,actives kept of 16,0,complete,public,n_catalytic_substituted,n_catalytic_substituted,bookkeeping,0,high,0.25,48,3,16,6.0,2.0,14.0,8.0,0.75,X-BOOKKEEP
P6_PLATES_M1,enrichment,results/P6/enrichment.csv,a1bedeb03c0808fa,design,192,192,design (backbone clusters not held),5,16,5 of 16,actives kept of 16,0,complete,public,n_catalytic_substituted,n_catalytic_substituted,bookkeeping,0,high,0.5,96,5,16,5.0,4.0,13.0,8.0,0.63,X-BOOKKEEP
P6_PLATES_M1,enrichment,results/P6/enrichment.csv,a1bedeb03c0808fa,design,192,192,design (backbone clusters not held),0,16,0 of 16,actives kept of 16,0,complete,public,net_charge,net_charge,seq_only,0,low,0.05,10,0,16,0.0,0.0,0.0,8.0,0.0,REF
P6_PLATES_M1,enrichment,results/P6/enrichment.csv,a1bedeb03c0808fa,design,192,192,design (backbone clusters not held),0,16,0 of 16,actives kept of 16,0,complete,public,net_charge,net_charge,seq_only,0,low,0.1,19,0,16,0.0,0.0,10.11,8.0,0.0,REF
P6_PLATES_M1,enrichment,results/P6/enrichment.csv,a1bedeb03c0808fa,design,192,192,design (backbone clusters not held),6,16,6 of 16,actives kept of 16,0,complete,public,net_charge,net_charge,seq_only,0,low,0.25,48,6,16,12.0,4.0,18.0,8.0,1.5,REF
P6_PLATES_M1,enrichment,results/P6/enrichment.csv,a1bedeb03c0808fa,design,192,192,design (backbone clusters not held),7,16,7 of 16,actives kept of 16,0,complete,public,net_charge,net_charge,seq_only,0,low,0.5,96,7,16,7.0,3.0,12.0,8.0,0.88,REF
P6_PLATES_M1,enrichment,results/P6/enrichment.csv,a1bedeb03c0808fa,design,192,192,design (backbone clusters not held),0,16,0 of 16,actives kept of 16,0,complete,public,net_charge,net_charge,seq_only,0,high,0.05,10,0,16,0.0,0.0,19.2,8.0,0.0,REF
P6_PLATES_M1,enrichment,results/P6/enrichment.csv,a1bedeb03c0808fa,design,192,192,design (backbone clusters not held),3,16,3 of 16,actives kept of 16,0,complete,public,net_charge,net_charge,seq_only,0,high,0.1,19,3,16,15.16,0.0,25.26,8.0,1.89,REF
P6_PLATES_M1,enrichment,results/P6/enrichment.csv,a1bedeb03c0808fa,design,192,192,design (backbone clusters not held),8,16,8 of 16,actives kept of 16,0,complete,public,net_charge,net_charge,seq_only,0,high,0.25,48,8,16,16.0,8.0,24.0,8.0,2.0,REF
P6_PLATES_M1,enrichment,results/P6/enrichment.csv,a1bedeb03c0808fa,design,192,192,design (backbone clusters not held),9,16,9 of 16,actives kept of 16,0,complete,public,net_charge,net_charge,seq_only,0,high,0.5,96,9,16,9.0,5.0,14.0,8.0,1.12,REF
P6_PLATES_M1,enrichment,results/P6/enrichment.csv,a1bedeb03c0808fa,design,192,192,design (backbone clusters not held),0,16,0 of 16,actives kept of 16,0,complete,public,net_charge_per_residue,net_charge_per_residue,seq_only,0,low,0.05,10,0,16,0.0,0.0,0.0,8.0,0.0,GLOBAL
P6_PLATES_M1,enrichment,results/P6/enrichment.csv,a1bedeb03c0808fa,design,192,192,design (backbone clusters not held),2,16,2 of 16,actives kept of 16,0,complete,public,net_charge_per_residue,net_charge_per_residue,seq_only,0,low,0.1,19,2,16,10.11,0.0,25.26,8.0,1.26,GLOBAL
P6_PLATES_M1,enrichment,results/P6/enrichment.csv,a1bedeb03c0808fa,design,192,192,design (backbone clusters not held),7,16,7 of 16,actives kept of 16,0,complete,public,net_charge_per_residue,net_charge_per_residue,seq_only,0,low,0.25,48,7,16,14.0,6.0,22.0,8.0,1.75,GLOBAL
P6_PLATES_M1,enrichment,results/P6/enrichment.csv,a1bedeb03c0808fa,design,192,192,design (backbone clusters not held),7,16,7 of 16,actives kept of 16,0,complete,public,net_charge_per_residue,net_charge_per_residue,seq_only,0,low,0.5,96,7,16,7.0,3.0,12.0,8.0,0.88,GLOBAL
P6_PLATES_M1,enrichment,results/P6/enrichment.csv,a1bedeb03c0808fa,design,192,192,design (backbone clusters not held),0,16,0 of 16,actives kept of 16,0,complete,public,net_charge_per_residue,net_charge_per_residue,seq_only,0,high,0.05,10,0,16,0.0,0.0,9.6,8.0,0.0,GLOBAL
P6_PLATES_M1,enrichment,results/P6/enrichment.csv,a1bedeb03c0808fa,design,192,192,design (backbone clusters not held),2,16,2 of 16,actives kept of 16,0,complete,public,net_charge_per_residue,net_charge_per_residue,seq_only,0,high,0.1,19,2,16,10.11,0.0,20.21,8.0,1.26,GLOBAL
P6_PLATES_M1,enrichment,results/P6/enrichment.csv,a1bedeb03c0808fa,design,192,192,design (backbone clusters not held),5,16,5 of 16,actives kept of 16,0,complete,public,net_charge_per_residue,net_charge_per_residue,seq_only,0,high,0.25,48,5,16,10.0,4.0,18.0,8.0,1.25,GLOBAL
P6_PLATES_M1,enrichment,results/P6/enrichment.csv,a1bedeb03c0808fa,design,192,192,design (backbone clusters not held),9,16,9 of 16,actives kept of 16,0,complete,public,net_charge_per_residue,net_charge_per_residue,seq_only,0,high,0.5,96,9,16,9.0,4.0,13.0,8.0,1.12,GLOBAL
P6_PLATES_M1,enrichment,results/P6/enrichment.csv,a1bedeb03c0808fa,design,192,192,design (backbone clusters not held),0,16,0 of 16,actives kept of 16,0,complete,public,propka_catalytic_pka_max,propka_catalytic_pka_max,struct_site,1,low,0.05,10,0,16,0.0,0.0,0.0,8.0,0.0,OK
P6_PLATES_M1,enrichment,results/P6/enrichment.csv,a1bedeb03c0808fa,design,192,192,design (backbone clusters not held),0,16,0 of 16,actives kept of 16,0,complete,public,propka_catalytic_pka_max,propka_catalytic_pka_max,struct_site,1,low,0.1,19,0,16,0.0,0.0,0.0,8.0,0.0,OK
P6_PLATES_M1,enrichment,results/P6/enrichment.csv,a1bedeb03c0808fa,design,192,192,design (backbone clusters not held),4,16,4 of 16,actives kept of 16,0,complete,public,propka_catalytic_pka_max,propka_catalytic_pka_max,struct_site,1,low,0.25,48,4,16,8.0,2.0,16.0,8.0,1.0,OK
P6_PLATES_M1,enrichment,results/P6/enrichment.csv,a1bedeb03c0808fa,design,192,192,design (backbone clusters not held),12,16,12 of 16,actives kept of 16,0,complete,public,propka_catalytic_pka_max,propka_catalytic_pka_max,struct_site,1,low,0.5,96,12,16,12.0,7.0,17.0,8.0,1.5,OK
P6_PLATES_M1,enrichment,results/P6/enrichment.csv,a1bedeb03c0808fa,design,192,192,design (backbone clusters not held),0,16,0 of 16,actives kept of 16,0,complete,public,propka_catalytic_pka_max,propka_catalytic_pka_max,struct_site,1,high,0.05,10,0,16,0.0,0.0,19.2,8.0,0.0,OK
P6_PLATES_M1,enrichment,results/P6/enrichment.csv,a1bedeb03c0808fa,design,192,192,design (backbone clusters not held),3,16,3 of 16,actives kept of 16,0,complete,public,propka_catalytic_pka_max,propka_catalytic_pka_max,struct_site,1,high,0.1,19,3,16,15.16,0.0,25.26,8.0,1.89,OK
P6_PLATES_M1,enrichment,results/P6/enrichment.csv,a1bedeb03c0808fa,design,192,192,design (backbone clusters not held),3,16,3 of 16,actives kept of 16,0,complete,public,propka_catalytic_pka_max,propka_catalytic_pka_max,struct_site,1,high,0.25,48,3,16,6.0,2.0,12.0,8.0,0.75,OK
P6_PLATES_M1,enrichment,results/P6/enrichment.csv,a1bedeb03c0808fa,design,192,192,design (backbone clusters not held),4,16,4 of 16,actives kept of 16,0,complete,public,propka_catalytic_pka_max,propka_catalytic_pka_max,struct_site,1,high,0.5,96,4,16,4.0,1.0,8.0,8.0,0.5,OK
P6_PLATES_M1,enrichment,results/P6/enrichment.csv,a1bedeb03c0808fa,design,192,192,design (backbone clusters not held),0,16,0 of 16,actives kept of 16,0,complete,public,propka_catalytic_pka_mean,propka_catalytic_pka_mean,struct_site,1,low,0.05,10,0,16,0.0,0.0,0.0,8.0,0.0,OK
P6_PLATES_M1,enrichment,results/P6/enrichment.csv,a1bedeb03c0808fa,design,192,192,design (backbone clusters not held),0,16,0 of 16,actives kept of 16,0,complete,public,propka_catalytic_pka_mean,propka_catalytic_pka_mean,struct_site,1,low,0.1,19,0,16,0.0,0.0,0.0,8.0,0.0,OK
P6_PLATES_M1,enrichment,results/P6/enrichment.csv,a1bedeb03c0808fa,design,192,192,design (backbone clusters not held),3,16,3 of 16,actives kept of 16,0,complete,public,propka_catalytic_pka_mean,propka_catalytic_pka_mean,struct_site,1,low,0.25,48,3,16,6.0,0.0,12.0,8.0,0.75,OK
P6_PLATES_M1,enrichment,results/P6/enrichment.csv,a1bedeb03c0808fa,design,192,192,design (backbone clusters not held),10,16,10 of 16,actives kept of 16,0,complete,public,propka_catalytic_pka_mean,propka_catalytic_pka_mean,struct_site,1,low,0.5,96,10,16,10.0,5.0,15.0,8.0,1.25,OK
P6_PLATES_M1,enrichment,results/P6/enrichment.csv,a1bedeb03c0808fa,design,192,192,design (backbone clusters not held),0,16,0 of 16,actives kept of 16,0,complete,public,propka_catalytic_pka_mean,propka_catalytic_pka_mean,struct_site,1,high,0.05,10,0,16,0.0,0.0,0.0,8.0,0.0,OK
P6_PLATES_M1,enrichment,results/P6/enrichment.csv,a1bedeb03c0808fa,design,192,192,design (backbone clusters not held),0,16,0 of 16,actives kept of 16,0,complete,public,propka_catalytic_pka_mean,propka_catalytic_pka_mean,struct_site,1,high,0.1,19,0,16,0.0,0.0,0.25,8.0,0.0,OK
P6_PLATES_M1,enrichment,results/P6/enrichment.csv,a1bedeb03c0808fa,design,192,192,design (backbone clusters not held),3,16,3 of 16,actives kept of 16,0,complete,public,propka_catalytic_pka_mean,propka_catalytic_pka_mean,struct_site,1,high,0.25,48,3,16,6.0,2.0,12.0,8.0,0.75,OK
P6_PLATES_M1,enrichment,results/P6/enrichment.csv,a1bedeb03c0808fa,design,192,192,design (backbone clusters not held),6,16,6 of 16,actives kept of 16,0,complete,public,propka_catalytic_pka_mean,propka_catalytic_pka_mean,struct_site,1,high,0.5,96,6,16,6.0,2.0,10.0,8.0,0.75,OK
P6_PLATES_M1,enrichment,results/P6/enrichment.csv,a1bedeb03c0808fa,design,192,192,design (backbone clusters not held),0,16,0 of 16,actives kept of 16,0,complete,public,propka_catalytic_pka_min,propka_catalytic_pka_min,struct_site,1,low,0.05,10,0,16,0.0,0.0,0.0,8.0,0.0,OK
P6_PLATES_M1,enrichment,results/P6/enrichment.csv,a1bedeb03c0808fa,design,192,192,design (backbone clusters not held),0,16,0 of 16,actives kept of 16,0,complete,public,propka_catalytic_pka_min,propka_catalytic_pka_min,struct_site,1,low,0.1,19,0,16,0.0,0.0,0.0,8.0,0.0,OK
P6_PLATES_M1,enrichment,results/P6/enrichment.csv,a1bedeb03c0808fa,design,192,192,design (backbone clusters not held),1,16,1 of 16,actives kept of 16,0,complete,public,propka_catalytic_pka_min,propka_catalytic_pka_min,struct_site,1,low,0.25,48,1,16,2.0,0.0,6.0,8.0,0.25,OK
P6_PLATES_M1,enrichment,results/P6/enrichment.csv,a1bedeb03c0808fa,design,192,192,design (backbone clusters not held),10,16,10 of 16,actives kept of 16,0,complete,public,propka_catalytic_pka_min,propka_catalytic_pka_min,struct_site,1,low,0.5,96,10,16,10.0,4.0,14.0,8.0,1.25,OK
P6_PLATES_M1,enrichment,results/P6/enrichment.csv,a1bedeb03c0808fa,design,192,192,design (backbone clusters not held),0,16,0 of 16,actives kept of 16,0,complete,public,propka_catalytic_pka_min,propka_catalytic_pka_min,struct_site,1,high,0.05,10,0,16,0.0,0.0,0.0,8.0,0.0,OK
P6_PLATES_M1,enrichment,results/P6/enrichment.csv,a1bedeb03c0808fa,design,192,192,design (backbone clusters not held),0,16,0 of 16,actives kept of 16,0,complete,public,propka_catalytic_pka_min,propka_catalytic_pka_min,struct_site,1,high,0.1,19,0,16,0.0,0.0,5.05,8.0,0.0,OK
P6_PLATES_M1,enrichment,results/P6/enrichment.csv,a1bedeb03c0808fa,design,192,192,design (backbone clusters not held),2,16,2 of 16,actives kept of 16,0,complete,public,propka_catalytic_pka_min,propka_catalytic_pka_min,struct_site,1,high,0.25,48,2,16,4.0,0.0,10.0,8.0,0.5,OK
P6_PLATES_M1,enrichment,results/P6/enrichment.csv,a1bedeb03c0808fa,design,192,192,design (backbone clusters not held),6,16,6 of 16,actives kept of 16,0,complete,public,propka_catalytic_pka_min,propka_catalytic_pka_min,struct_site,1,high,0.5,96,6,16,6.0,3.0,12.0,8.0,0.75,OK
P6_PLATES_M1,enrichment,results/P6/enrichment.csv,a1bedeb03c0808fa,design,192,192,design (backbone clusters not held),1,16,1 of 16,actives kept of 16,0,complete,public,propka_catalytic_pka_range,propka_catalytic_pka_range,struct_site,1,low,0.05,10,1,16,9.6,0.0,19.2,8.0,1.2,OK
P6_PLATES_M1,enrichment,results/P6/enrichment.csv,a1bedeb03c0808fa,design,192,192,design (backbone clusters not held),1,16,1 of 16,actives kept of 16,0,complete,public,propka_catalytic_pka_range,propka_catalytic_pka_range,struct_site,1,low,0.1,19,1,16,5.05,0.0,15.16,8.0,0.63,OK
P6_PLATES_M1,enrichment,results/P6/enrichment.csv,a1bedeb03c0808fa,design,192,192,design (backbone clusters not held),4,16,4 of 16,actives kept of 16,0,complete,public,propka_catalytic_pka_range,propka_catalytic_pka_range,struct_site,1,low,0.25,48,4,16,8.0,2.0,14.0,8.0,1.0,OK
P6_PLATES_M1,enrichment,results/P6/enrichment.csv,a1bedeb03c0808fa,design,192,192,design (backbone clusters not held),11,16,11 of 16,actives kept of 16,0,complete,public,propka_catalytic_pka_range,propka_catalytic_pka_range,struct_site,1,low,0.5,96,11,16,11.0,6.0,16.0,8.0,1.38,OK
P6_PLATES_M1,enrichment,results/P6/enrichment.csv,a1bedeb03c0808fa,design,192,192,design (backbone clusters not held),0,16,0 of 16,actives kept of 16,0,complete,public,propka_catalytic_pka_range,propka_catalytic_pka_range,struct_site,1,high,0.05,10,0,16,0.0,0.0,19.2,8.0,0.0,OK
P6_PLATES_M1,enrichment,results/P6/enrichment.csv,a1bedeb03c0808fa,design,192,192,design (backbone clusters not held),3,16,3 of 16,actives kept of 16,0,complete,public,propka_catalytic_pka_range,propka_catalytic_pka_range,struct_site,1,high,0.1,19,3,16,15.16,0.0,25.26,8.0,1.89,OK
P6_PLATES_M1,enrichment,results/P6/enrichment.csv,a1bedeb03c0808fa,design,192,192,design (backbone clusters not held),3,16,3 of 16,actives kept of 16,0,complete,public,propka_catalytic_pka_range,propka_catalytic_pka_range,struct_site,1,high,0.25,48,3,16,6.0,2.0,12.0,8.0,0.75,OK
P6_PLATES_M1,enrichment,results/P6/enrichment.csv,a1bedeb03c0808fa,design,192,192,design (backbone clusters not held),5,16,5 of 16,actives kept of 16,0,complete,public,propka_catalytic_pka_range,propka_catalytic_pka_range,struct_site,1,high,0.5,96,5,16,5.0,2.0,10.0,8.0,0.63,OK
P6_PLATES_M1,enrichment,results/P6/enrichment.csv,a1bedeb03c0808fa,design,192,192,design (backbone clusters not held),0,16,0 of 16,actives kept of 16,0,complete,public,propka_catalytic_shift_absmax,propka_catalytic_shift_absmax,struct_site,1,low,0.05,10,0,16,0.0,0.0,0.0,8.0,0.0,OK
P6_PLATES_M1,enrichment,results/P6/enrichment.csv,a1bedeb03c0808fa,design,192,192,design (backbone clusters not held),0,16,0 of 16,actives kept of 16,0,complete,public,propka_catalytic_shift_absmax,propka_catalytic_shift_absmax,struct_site,1,low,0.1,19,0,16,0.0,0.0,5.05,8.0,0.0,OK
P6_PLATES_M1,enrichment,results/P6/enrichment.csv,a1bedeb03c0808fa,design,192,192,design (backbone clusters not held),2,16,2 of 16,actives kept of 16,0,complete,public,propka_catalytic_shift_absmax,propka_catalytic_shift_absmax,struct_site,1,low,0.25,48,2,16,4.0,0.0,10.0,8.0,0.5,OK
P6_PLATES_M1,enrichment,results/P6/enrichment.csv,a1bedeb03c0808fa,design,192,192,design (backbone clusters not held),6,16,6 of 16,actives kept of 16,0,complete,public,propka_catalytic_shift_absmax,propka_catalytic_shift_absmax,struct_site,1,low,0.5,96,6,16,6.0,3.0,12.0,8.0,0.75,OK
P6_PLATES_M1,enrichment,results/P6/enrichment.csv,a1bedeb03c0808fa,design,192,192,design (backbone clusters not held),0,16,0 of 16,actives kept of 16,0,complete,public,propka_catalytic_shift_absmax,propka_catalytic_shift_absmax,struct_site,1,high,0.05,10,0,16,0.0,0.0,0.0,8.0,0.0,OK
P6_PLATES_M1,enrichment,results/P6/enrichment.csv,a1bedeb03c0808fa,design,192,192,design (backbone clusters not held),0,16,0 of 16,actives kept of 16,0,complete,public,propka_catalytic_shift_absmax,propka_catalytic_shift_absmax,struct_site,1,high,0.1,19,0,16,0.0,0.0,0.0,8.0,0.0,OK
P6_PLATES_M1,enrichment,results/P6/enrichment.csv,a1bedeb03c0808fa,design,192,192,design (backbone clusters not held),1,16,1 of 16,actives kept of 16,0,complete,public,propka_catalytic_shift_absmax,propka_catalytic_shift_absmax,struct_site,1,high,0.25,48,1,16,2.0,0.0,6.0,8.0,0.25,OK
P6_PLATES_M1,enrichment,results/P6/enrichment.csv,a1bedeb03c0808fa,design,192,192,design (backbone clusters not held),10,16,10 of 16,actives kept of 16,0,complete,public,propka_catalytic_shift_absmax,propka_catalytic_shift_absmax,struct_site,1,high,0.5,96,10,16,10.0,4.0,14.0,8.0,1.25,OK
P6_PLATES_M1,enrichment,results/P6/enrichment.csv,a1bedeb03c0808fa,design,192,192,design (backbone clusters not held),0,16,0 of 16,actives kept of 16,0,complete,public,propka_catalytic_shift_mean,propka_catalytic_shift_mean,struct_site,1,low,0.05,10,0,16,0.0,0.0,0.0,8.0,0.0,OK
P6_PLATES_M1,enrichment,results/P6/enrichment.csv,a1bedeb03c0808fa,design,192,192,design (backbone clusters not held),0,16,0 of 16,actives kept of 16,0,complete,public,propka_catalytic_shift_mean,propka_catalytic_shift_mean,struct_site,1,low,0.1,19,0,16,0.0,0.0,0.0,8.0,0.0,OK
P6_PLATES_M1,enrichment,results/P6/enrichment.csv,a1bedeb03c0808fa,design,192,192,design (backbone clusters not held),3,16,3 of 16,actives kept of 16,0,complete,public,propka_catalytic_shift_mean,propka_catalytic_shift_mean,struct_site,1,low,0.25,48,3,16,6.0,0.0,12.0,8.0,0.75,OK
P6_PLATES_M1,enrichment,results/P6/enrichment.csv,a1bedeb03c0808fa,design,192,192,design (backbone clusters not held),10,16,10 of 16,actives kept of 16,0,complete,public,propka_catalytic_shift_mean,propka_catalytic_shift_mean,struct_site,1,low,0.5,96,10,16,10.0,5.0,15.0,8.0,1.25,OK
P6_PLATES_M1,enrichment,results/P6/enrichment.csv,a1bedeb03c0808fa,design,192,192,design (backbone clusters not held),0,16,0 of 16,actives kept of 16,0,complete,public,propka_catalytic_shift_mean,propka_catalytic_shift_mean,struct_site,1,high,0.05,10,0,16,0.0,0.0,0.0,8.0,0.0,OK
P6_PLATES_M1,enrichment,results/P6/enrichment.csv,a1bedeb03c0808fa,design,192,192,design (backbone clusters not held),0,16,0 of 16,actives kept of 16,0,complete,public,propka_catalytic_shift_mean,propka_catalytic_shift_mean,struct_site,1,high,0.1,19,0,16,0.0,0.0,5.05,8.0,0.0,OK
P6_PLATES_M1,enrichment,results/P6/enrichment.csv,a1bedeb03c0808fa,design,192,192,design (backbone clusters not held),3,16,3 of 16,actives kept of 16,0,complete,public,propka_catalytic_shift_mean,propka_catalytic_shift_mean,struct_site,1,high,0.25,48,3,16,6.0,2.0,12.0,8.0,0.75,OK
P6_PLATES_M1,enrichment,results/P6/enrichment.csv,a1bedeb03c0808fa,design,192,192,design (backbone clusters not held),6,16,6 of 16,actives kept of 16,0,complete,public,propka_catalytic_shift_mean,propka_catalytic_shift_mean,struct_site,1,high,0.5,96,6,16,6.0,2.0,10.0,8.0,0.75,OK
P6_PLATES_M1,enrichment,results/P6/enrichment.csv,a1bedeb03c0808fa,design,192,192,design (backbone clusters not held),0,16,0 of 16,actives kept of 16,0,complete,public,propka_n_catalytic_requested,propka_n_catalytic_requested,bookkeeping,0,low,0.05,10,0,16,0.0,0.0,19.2,8.0,0.0,X-BOOKKEEP
P6_PLATES_M1,enrichment,results/P6/enrichment.csv,a1bedeb03c0808fa,design,192,192,design (backbone clusters not held),1,16,1 of 16,actives kept of 16,0,complete,public,propka_n_catalytic_requested,propka_n_catalytic_requested,bookkeeping,0,low,0.1,19,1,16,5.05,0.0,20.21,8.0,0.63,X-BOOKKEEP
P6_PLATES_M1,enrichment,results/P6/enrichment.csv,a1bedeb03c0808fa,design,192,192,design (backbone clusters not held),3,16,3 of 16,actives kept of 16,0,complete,public,propka_n_catalytic_requested,propka_n_catalytic_requested,bookkeeping,0,low,0.25,48,3,16,6.0,2.0,14.0,8.0,0.75,X-BOOKKEEP
P6_PLATES_M1,enrichment,results/P6/enrichment.csv,a1bedeb03c0808fa,design,192,192,design (backbone clusters not held),4,16,4 of 16,actives kept of 16,0,complete,public,propka_n_catalytic_requested,propka_n_catalytic_requested,bookkeeping,0,low,0.5,96,4,16,4.0,4.0,13.0,8.0,0.5,X-BOOKKEEP
P6_PLATES_M1,enrichment,results/P6/enrichment.csv,a1bedeb03c0808fa,design,192,192,design (backbone clusters not held),1,16,1 of 16,actives kept of 16,0,complete,public,propka_n_catalytic_requested,propka_n_catalytic_requested,bookkeeping,0,high,0.05,10,1,16,9.6,0.0,19.2,8.0,1.2,X-BOOKKEEP
P6_PLATES_M1,enrichment,results/P6/enrichment.csv,a1bedeb03c0808fa,design,192,192,design (backbone clusters not held),1,16,1 of 16,actives kept of 16,0,complete,public,propka_n_catalytic_requested,propka_n_catalytic_requested,bookkeeping,0,high,0.1,19,1,16,5.05,0.0,20.21,8.0,0.63,X-BOOKKEEP
P6_PLATES_M1,enrichment,results/P6/enrichment.csv,a1bedeb03c0808fa,design,192,192,design (backbone clusters not held),3,16,3 of 16,actives kept of 16,0,complete,public,propka_n_catalytic_requested,propka_n_catalytic_requested,bookkeeping,0,high,0.25,48,3,16,6.0,2.0,14.0,8.0,0.75,X-BOOKKEEP
P6_PLATES_M1,enrichment,results/P6/enrichment.csv,a1bedeb03c0808fa,design,192,192,design (backbone clusters not held),5,16,5 of 16,actives kept of 16,0,complete,public,propka_n_catalytic_requested,propka_n_catalytic_requested,bookkeeping,0,high,0.5,96,5,16,5.0,4.0,13.0,8.0,0.63,X-BOOKKEEP
P6_PLATES_M1,enrichment,results/P6/enrichment.csv,a1bedeb03c0808fa,design,192,192,design (backbone clusters not held),0,16,0 of 16,actives kept of 16,0,complete,public,propka_n_catalytic_resolved,propka_n_catalytic_resolved,bookkeeping,0,low,0.05,10,0,16,0.0,0.0,19.2,8.0,0.0,X-BOOKKEEP
P6_PLATES_M1,enrichment,results/P6/enrichment.csv,a1bedeb03c0808fa,design,192,192,design (backbone clusters not held),1,16,1 of 16,actives kept of 16,0,complete,public,propka_n_catalytic_resolved,propka_n_catalytic_resolved,bookkeeping,0,low,0.1,19,1,16,5.05,0.0,15.16,8.0,0.63,X-BOOKKEEP
P6_PLATES_M1,enrichment,results/P6/enrichment.csv,a1bedeb03c0808fa,design,192,192,design (backbone clusters not held),3,16,3 of 16,actives kept of 16,0,complete,public,propka_n_catalytic_resolved,propka_n_catalytic_resolved,bookkeeping,0,low,0.25,48,3,16,6.0,2.0,14.0,8.0,0.75,X-BOOKKEEP
P6_PLATES_M1,enrichment,results/P6/enrichment.csv,a1bedeb03c0808fa,design,192,192,design (backbone clusters not held),4,16,4 of 16,actives kept of 16,0,complete,public,propka_n_catalytic_resolved,propka_n_catalytic_resolved,bookkeeping,0,low,0.5,96,4,16,4.0,4.0,13.0,8.0,0.5,X-BOOKKEEP
P6_PLATES_M1,enrichment,results/P6/enrichment.csv,a1bedeb03c0808fa,design,192,192,design (backbone clusters not held),1,16,1 of 16,actives kept of 16,0,complete,public,propka_n_catalytic_resolved,propka_n_catalytic_resolved,bookkeeping,0,high,0.05,10,1,16,9.6,0.0,19.2,8.0,1.2,X-BOOKKEEP
P6_PLATES_M1,enrichment,results/P6/enrichment.csv,a1bedeb03c0808fa,design,192,192,design (backbone clusters not held),1,16,1 of 16,actives kept of 16,0,complete,public,propka_n_catalytic_resolved,propka_n_catalytic_resolved,bookkeeping,0,high,0.1,19,1,16,5.05,0.0,20.21,8.0,0.63,X-BOOKKEEP
P6_PLATES_M1,enrichment,results/P6/enrichment.csv,a1bedeb03c0808fa,design,192,192,design (backbone clusters not held),3,16,3 of 16,actives kept of 16,0,complete,public,propka_n_catalytic_resolved,propka_n_catalytic_resolved,bookkeeping,0,high,0.25,48,3,16,6.0,2.0,14.0,8.0,0.75,X-BOOKKEEP
P6_PLATES_M1,enrichment,results/P6/enrichment.csv,a1bedeb03c0808fa,design,192,192,design (backbone clusters not held),5,16,5 of 16,actives kept of 16,0,complete,public,propka_n_catalytic_resolved,propka_n_catalytic_resolved,bookkeeping,0,high,0.5,96,5,16,5.0,4.0,13.0,8.0,0.63,X-BOOKKEEP
P6_PLATES_M1,enrichment,results/P6/enrichment.csv,a1bedeb03c0808fa,design,192,192,design (backbone clusters not held),1,16,1 of 16,actives kept of 16,0,complete,public,propka_status_ok,propka_status_ok,bookkeeping,0,low,0.05,10,1,16,9.6,0.0,19.2,8.0,1.2,X-BOOKKEEP
P6_PLATES_M1,enrichment,results/P6/enrichment.csv,a1bedeb03c0808fa,design,192,192,design (backbone clusters not held),1,16,1 of 16,actives kept of 16,0,complete,public,propka_status_ok,propka_status_ok,bookkeeping,0,low,0.1,19,1,16,5.05,0.0,20.21,8.0,0.63,X-BOOKKEEP
P6_PLATES_M1,enrichment,results/P6/enrichment.csv,a1bedeb03c0808fa,design,192,192,design (backbone clusters not held),3,16,3 of 16,actives kept of 16,0,complete,public,propka_status_ok,propka_status_ok,bookkeeping,0,low,0.25,48,3,16,6.0,2.0,14.0,8.0,0.75,X-BOOKKEEP
P6_PLATES_M1,enrichment,results/P6/enrichment.csv,a1bedeb03c0808fa,design,192,192,design (backbone clusters not held),5,16,5 of 16,actives kept of 16,0,complete,public,propka_status_ok,propka_status_ok,bookkeeping,0,low,0.5,96,5,16,5.0,4.0,13.0,8.0,0.63,X-BOOKKEEP
P6_PLATES_M1,enrichment,results/P6/enrichment.csv,a1bedeb03c0808fa,design,192,192,design (backbone clusters not held),1,16,1 of 16,actives kept of 16,0,complete,public,propka_status_ok,propka_status_ok,bookkeeping,0,high,0.05,10,1,16,9.6,0.0,19.2,8.0,1.2,X-BOOKKEEP
P6_PLATES_M1,enrichment,results/P6/enrichment.csv,a1bedeb03c0808fa,design,192,192,design (backbone clusters not held),1,16,1 of 16,actives kept of 16,0,complete,public,propka_status_ok,propka_status_ok,bookkeeping,0,high,0.1,19,1,16,5.05,0.0,20.21,8.0,0.63,X-BOOKKEEP
P6_PLATES_M1,enrichment,results/P6/enrichment.csv,a1bedeb03c0808fa,design,192,192,design (backbone clusters not held),3,16,3 of 16,actives kept of 16,0,complete,public,propka_status_ok,propka_status_ok,bookkeeping,0,high,0.25,48,3,16,6.0,2.0,14.0,8.0,0.75,X-BOOKKEEP
P6_PLATES_M1,enrichment,results/P6/enrichment.csv,a1bedeb03c0808fa,design,192,192,design (backbone clusters not held),5,16,5 of 16,actives kept of 16,0,complete,public,propka_status_ok,propka_status_ok,bookkeeping,0,high,0.5,96,5,16,5.0,4.0,13.0,8.0,0.63,X-BOOKKEEP
P6_PLATES_M1,enrichment,results/P6/enrichment.csv,a1bedeb03c0808fa,design,192,192,design (backbone clusters not held),0,16,0 of 16,actives kept of 16,0,complete,public,rosetta_cat_fa_atr,rosetta_cat_fa_atr,struct_site,1,low,0.05,10,0,16,0.0,0.0,0.0,8.0,0.0,OK
P6_PLATES_M1,enrichment,results/P6/enrichment.csv,a1bedeb03c0808fa,design,192,192,design (backbone clusters not held),0,16,0 of 16,actives kept of 16,0,complete,public,rosetta_cat_fa_atr,rosetta_cat_fa_atr,struct_site,1,low,0.1,19,0,16,0.0,0.0,0.0,8.0,0.0,OK
P6_PLATES_M1,enrichment,results/P6/enrichment.csv,a1bedeb03c0808fa,design,192,192,design (backbone clusters not held),0,16,0 of 16,actives kept of 16,0,complete,public,rosetta_cat_fa_atr,rosetta_cat_fa_atr,struct_site,1,low,0.25,48,0,16,0.0,0.0,0.0,8.0,0.0,OK
P6_PLATES_M1,enrichment,results/P6/enrichment.csv,a1bedeb03c0808fa,design,192,192,design (backbone clusters not held),3,16,3 of 16,actives kept of 16,0,complete,public,rosetta_cat_fa_atr,rosetta_cat_fa_atr,struct_site,1,low,0.5,96,3,16,3.0,0.0,7.0,8.0,0.38,OK
P6_PLATES_M1,enrichment,results/P6/enrichment.csv,a1bedeb03c0808fa,design,192,192,design (backbone clusters not held),1,16,1 of 16,actives kept of 16,0,complete,public,rosetta_cat_fa_atr,rosetta_cat_fa_atr,struct_site,1,high,0.05,10,1,16,9.6,0.0,28.8,8.0,1.2,OK
P6_PLATES_M1,enrichment,results/P6/enrichment.csv,a1bedeb03c0808fa,design,192,192,design (backbone clusters not held),1,16,1 of 16,actives kept of 16,0,complete,public,rosetta_cat_fa_atr,rosetta_cat_fa_atr,struct_site,1,high,0.1,19,1,16,5.05,0.0,15.16,8.0,0.63,OK
P6_PLATES_M1,enrichment,results/P6/enrichment.csv,a1bedeb03c0808fa,design,192,192,design (backbone clusters not held),6,16,6 of 16,actives kept of 16,0,complete,public,rosetta_cat_fa_atr,rosetta_cat_fa_atr,struct_site,1,high,0.25,48,6,16,12.0,2.0,22.0,8.0,1.5,OK
P6_PLATES_M1,enrichment,results/P6/enrichment.csv,a1bedeb03c0808fa,design,192,192,design (backbone clusters not held),13,16,13 of 16,actives kept of 16,0,complete,public,rosetta_cat_fa_atr,rosetta_cat_fa_atr,struct_site,1,high,0.5,96,13,16,13.0,8.0,19.0,8.0,1.62,OK
P6_PLATES_M1,enrichment,results/P6/enrichment.csv,a1bedeb03c0808fa,design,192,192,design (backbone clusters not held),2,16,2 of 16,actives kept of 16,0,complete,public,rosetta_cat_fa_dun,rosetta_cat_fa_dun,struct_site,1,low,0.05,10,2,16,19.2,0.0,38.4,8.0,2.4,OK
P6_PLATES_M1,enrichment,results/P6/enrichment.csv,a1bedeb03c0808fa,design,192,192,design (backbone clusters not held),2,16,2 of 16,actives kept of 16,0,complete,public,rosetta_cat_fa_dun,rosetta_cat_fa_dun,struct_site,1,low,0.1,19,2,16,10.11,0.0,25.26,8.0,1.26,OK
P6_PLATES_M1,enrichment,results/P6/enrichment.csv,a1bedeb03c0808fa,design,192,192,design (backbone clusters not held),8,16,8 of 16,actives kept of 16,0,complete,public,rosetta_cat_fa_dun,rosetta_cat_fa_dun,struct_site,1,low,0.25,48,8,16,16.0,6.0,24.0,8.0,2.0,OK
P6_PLATES_M1,enrichment,results/P6/enrichment.csv,a1bedeb03c0808fa,design,192,192,design (backbone clusters not held),14,16,14 of 16,actives kept of 16,0,complete,public,rosetta_cat_fa_dun,rosetta_cat_fa_dun,struct_site,1,low,0.5,96,14,16,14.0,8.0,20.0,8.0,1.75,OK
P6_PLATES_M1,enrichment,results/P6/enrichment.csv,a1bedeb03c0808fa,design,192,192,design (backbone clusters not held),0,16,0 of 16,actives kept of 16,0,complete,public,rosetta_cat_fa_dun,rosetta_cat_fa_dun,struct_site,1,high,0.05,10,0,16,0.0,0.0,0.0,8.0,0.0,OK
P6_PLATES_M1,enrichment,results/P6/enrichment.csv,a1bedeb03c0808fa,design,192,192,design (backbone clusters not held),0,16,0 of 16,actives kept of 16,0,complete,public,rosetta_cat_fa_dun,rosetta_cat_fa_dun,struct_site,1,high,0.1,19,0,16,0.0,0.0,0.0,8.0,0.0,OK
P6_PLATES_M1,enrichment,results/P6/enrichment.csv,a1bedeb03c0808fa,design,192,192,design (backbone clusters not held),0,16,0 of 16,actives kept of 16,0,complete,public,rosetta_cat_fa_dun,rosetta_cat_fa_dun,struct_site,1,high,0.25,48,0,16,0.0,0.0,0.0,8.0,0.0,OK
P6_PLATES_M1,enrichment,results/P6/enrichment.csv,a1bedeb03c0808fa,design,192,192,design (backbone clusters not held),2,16,2 of 16,actives kept of 16,0,complete,public,rosetta_cat_fa_dun,rosetta_cat_fa_dun,struct_site,1,high,0.5,96,2,16,2.0,0.0,7.0,8.0,0.25,OK
P6_PLATES_M1,enrichment,results/P6/enrichment.csv,a1bedeb03c0808fa,design,192,192,design (backbone clusters not held),1,16,1 of 16,actives kept of 16,0,complete,public,rosetta_cat_fa_elec,rosetta_cat_fa_elec,struct_site,1,low,0.05,10,1,16,9.6,0.0,28.8,8.0,1.2,OK
P6_PLATES_M1,enrichment,results/P6/enrichment.csv,a1bedeb03c0808fa,design,192,192,design (backbone clusters not held),4,16,4 of 16,actives kept of 16,0,complete,public,rosetta_cat_fa_elec,rosetta_cat_fa_elec,struct_site,1,low,0.1,19,4,16,20.21,5.05,35.37,8.0,2.53,OK
P6_PLATES_M1,enrichment,results/P6/enrichment.csv,a1bedeb03c0808fa,design,192,192,design (backbone clusters not held),4,16,4 of 16,actives kept of 16,0,complete,public,rosetta_cat_fa_elec,rosetta_cat_fa_elec,struct_site,1,low,0.25,48,4,16,8.0,2.0,16.0,8.0,1.0,OK
P6_PLATES_M1,enrichment,results/P6/enrichment.csv,a1bedeb03c0808fa,design,192,192,design (backbone clusters not held),12,16,12 of 16,actives kept of 16,0,complete,public,rosetta_cat_fa_elec,rosetta_cat_fa_elec,struct_site,1,low,0.5,96,12,16,12.0,7.0,17.0,8.0,1.5,OK
P6_PLATES_M1,enrichment,results/P6/enrichment.csv,a1bedeb03c0808fa,design,192,192,design (backbone clusters not held),0,16,0 of 16,actives kept of 16,0,complete,public,rosetta_cat_fa_elec,rosetta_cat_fa_elec,struct_site,1,high,0.05,10,0,16,0.0,0.0,0.0,8.0,0.0,OK
P6_PLATES_M1,enrichment,results/P6/enrichment.csv,a1bedeb03c0808fa,design,192,192,design (backbone clusters not held),0,16,0 of 16,actives kept of 16,0,complete,public,rosetta_cat_fa_elec,rosetta_cat_fa_elec,struct_site,1,high,0.1,19,0,16,0.0,0.0,0.0,8.0,0.0,OK
P6_PLATES_M1,enrichment,results/P6/enrichment.csv,a1bedeb03c0808fa,design,192,192,design (backbone clusters not held),0,16,0 of 16,actives kept of 16,0,complete,public,rosetta_cat_fa_elec,rosetta_cat_fa_elec,struct_site,1,high,0.25,48,0,16,0.0,0.0,2.0,8.0,0.0,OK
P6_PLATES_M1,enrichment,results/P6/enrichment.csv,a1bedeb03c0808fa,design,192,192,design (backbone clusters not held),4,16,4 of 16,actives kept of 16,0,complete,public,rosetta_cat_fa_elec,rosetta_cat_fa_elec,struct_site,1,high,0.5,96,4,16,4.0,1.0,9.0,8.0,0.5,OK
P6_PLATES_M1,enrichment,results/P6/enrichment.csv,a1bedeb03c0808fa,design,192,192,design (backbone clusters not held),1,16,1 of 16,actives kept of 16,0,complete,public,rosetta_cat_fa_intra_rep,rosetta_cat_fa_intra_rep,struct_site,1,low,0.05,10,1,16,9.6,0.0,38.4,8.0,1.2,OK
P6_PLATES_M1,enrichment,results/P6/enrichment.csv,a1bedeb03c0808fa,design,192,192,design (backbone clusters not held),5,16,5 of 16,actives kept of 16,0,complete,public,rosetta_cat_fa_intra_rep,rosetta_cat_fa_intra_rep,struct_site,1,low,0.1,19,5,16,25.26,10.11,40.42,8.0,3.16,OK
P6_PLATES_M1,enrichment,results/P6/enrichment.csv,a1bedeb03c0808fa,design,192,192,design (backbone clusters not held),11,16,11 of 16,actives kept of 16,0,complete,public,rosetta_cat_fa_intra_rep,rosetta_cat_fa_intra_rep,struct_site,1,low,0.25,48,11,16,22.0,10.0,32.0,8.0,2.75,OK
P6_PLATES_M1,enrichment,results/P6/enrichment.csv,a1bedeb03c0808fa,design,192,192,design (backbone clusters not held),14,16,14 of 16,actives kept of 16,0,complete,public,rosetta_cat_fa_intra_rep,rosetta_cat_fa_intra_rep,struct_site,1,low,0.5,96,14,16,14.0,8.0,20.0,8.0,1.75,OK
P6_PLATES_M1,enrichment,results/P6/enrichment.csv,a1bedeb03c0808fa,design,192,192,design (backbone clusters not held),0,16,0 of 16,actives kept of 16,0,complete,public,rosetta_cat_fa_intra_rep,rosetta_cat_fa_intra_rep,struct_site,1,high,0.05,10,0,16,0.0,0.0,0.0,8.0,0.0,OK
P6_PLATES_M1,enrichment,results/P6/enrichment.csv,a1bedeb03c0808fa,design,192,192,design (backbone clusters not held),0,16,0 of 16,actives kept of 16,0,complete,public,rosetta_cat_fa_intra_rep,rosetta_cat_fa_intra_rep,struct_site,1,high,0.1,19,0,16,0.0,0.0,0.0,8.0,0.0,OK
P6_PLATES_M1,enrichment,results/P6/enrichment.csv,a1bedeb03c0808fa,design,192,192,design (backbone clusters not held),0,16,0 of 16,actives kept of 16,0,complete,public,rosetta_cat_fa_intra_rep,rosetta_cat_fa_intra_rep,struct_site,1,high,0.25,48,0,16,0.0,0.0,0.0,8.0,0.0,OK
P6_PLATES_M1,enrichment,results/P6/enrichment.csv,a1bedeb03c0808fa,design,192,192,design (backbone clusters not held),2,16,2 of 16,actives kept of 16,0,complete,public,rosetta_cat_fa_intra_rep,rosetta_cat_fa_intra_rep,struct_site,1,high,0.5,96,2,16,2.0,0.0,5.0,8.0,0.25,OK
P6_PLATES_M1,enrichment,results/P6/enrichment.csv,a1bedeb03c0808fa,design,192,192,design (backbone clusters not held),2,16,2 of 16,actives kept of 16,0,complete,public,rosetta_cat_fa_rep,rosetta_cat_fa_rep,struct_site,1,low,0.05,10,2,16,19.2,0.0,48.0,8.0,2.4,OK
P6_PLATES_M1,enrichment,results/P6/enrichment.csv,a1bedeb03c0808fa,design,192,192,design (backbone clusters not held),7,16,7 of 16,actives kept of 16,0,complete,public,rosetta_cat_fa_rep,rosetta_cat_fa_rep,struct_site,1,low,0.1,19,7,16,35.37,15.16,45.47,8.0,4.42,OK
P6_PLATES_M1,enrichment,results/P6/enrichment.csv,a1bedeb03c0808fa,design,192,192,design (backbone clusters not held),11,16,11 of 16,actives kept of 16,0,complete,public,rosetta_cat_fa_rep,rosetta_cat_fa_rep,struct_site,1,low,0.25,48,11,16,22.0,12.0,30.0,8.0,2.75,OK
P6_PLATES_M1,enrichment,results/P6/enrichment.csv,a1bedeb03c0808fa,design,192,192,design (backbone clusters not held),14,16,14 of 16,actives kept of 16,0,complete,public,rosetta_cat_fa_rep,rosetta_cat_fa_rep,struct_site,1,low,0.5,96,14,16,14.0,8.0,20.0,8.0,1.75,OK
P6_PLATES_M1,enrichment,results/P6/enrichment.csv,a1bedeb03c0808fa,design,192,192,design (backbone clusters not held),1,16,1 of 16,actives kept of 16,0,complete,public,rosetta_cat_fa_rep,rosetta_cat_fa_rep,struct_site,1,high,0.05,10,1,16,9.6,0.0,28.8,8.0,1.2,OK
P6_PLATES_M1,enrichment,results/P6/enrichment.csv,a1bedeb03c0808fa,design,192,192,design (backbone clusters not held),1,16,1 of 16,actives kept of 16,0,complete,public,rosetta_cat_fa_rep,rosetta_cat_fa_rep,struct_site,1,high,0.1,19,1,16,5.05,0.0,15.16,8.0,0.63,OK
P6_PLATES_M1,enrichment,results/P6/enrichment.csv,a1bedeb03c0808fa,design,192,192,design (backbone clusters not held),1,16,1 of 16,actives kept of 16,0,complete,public,rosetta_cat_fa_rep,rosetta_cat_fa_rep,struct_site,1,high,0.25,48,1,16,2.0,0.0,6.0,8.0,0.25,OK
P6_PLATES_M1,enrichment,results/P6/enrichment.csv,a1bedeb03c0808fa,design,192,192,design (backbone clusters not held),2,16,2 of 16,actives kept of 16,0,complete,public,rosetta_cat_fa_rep,rosetta_cat_fa_rep,struct_site,1,high,0.5,96,2,16,2.0,0.0,5.0,8.0,0.25,OK
P6_PLATES_M1,enrichment,results/P6/enrichment.csv,a1bedeb03c0808fa,design,192,192,design (backbone clusters not held),0,16,0 of 16,actives kept of 16,0,complete,public,rosetta_cat_fa_sol,rosetta_cat_fa_sol,struct_site,1,low,0.05,10,0,16,0.0,0.0,0.0,8.0,0.0,OK
P6_PLATES_M1,enrichment,results/P6/enrichment.csv,a1bedeb03c0808fa,design,192,192,design (backbone clusters not held),0,16,0 of 16,actives kept of 16,0,complete,public,rosetta_cat_fa_sol,rosetta_cat_fa_sol,struct_site,1,low,0.1,19,0,16,0.0,0.0,0.0,8.0,0.0,OK
P6_PLATES_M1,enrichment,results/P6/enrichment.csv,a1bedeb03c0808fa,design,192,192,design (backbone clusters not held),2,16,2 of 16,actives kept of 16,0,complete,public,rosetta_cat_fa_sol,rosetta_cat_fa_sol,struct_site,1,low,0.25,48,2,16,4.0,0.0,8.0,8.0,0.5,OK
P6_PLATES_M1,enrichment,results/P6/enrichment.csv,a1bedeb03c0808fa,design,192,192,design (backbone clusters not held),12,16,12 of 16,actives kept of 16,0,complete,public,rosetta_cat_fa_sol,rosetta_cat_fa_sol,struct_site,1,low,0.5,96,12,16,12.0,7.0,18.0,8.0,1.5,OK
P6_PLATES_M1,enrichment,results/P6/enrichment.csv,a1bedeb03c0808fa,design,192,192,design (backbone clusters not held),0,16,0 of 16,actives kept of 16,0,complete,public,rosetta_cat_fa_sol,rosetta_cat_fa_sol,struct_site,1,high,0.05,10,0,16,0.0,0.0,0.0,8.0,0.0,OK
P6_PLATES_M1,enrichment,results/P6/enrichment.csv,a1bedeb03c0808fa,design,192,192,design (backbone clusters not held),0,16,0 of 16,actives kept of 16,0,complete,public,rosetta_cat_fa_sol,rosetta_cat_fa_sol,struct_site,1,high,0.1,19,0,16,0.0,0.0,0.0,8.0,0.0,OK
P6_PLATES_M1,enrichment,results/P6/enrichment.csv,a1bedeb03c0808fa,design,192,192,design (backbone clusters not held),0,16,0 of 16,actives kept of 16,0,complete,public,rosetta_cat_fa_sol,rosetta_cat_fa_sol,struct_site,1,high,0.25,48,0,16,0.0,0.0,0.0,8.0,0.0,OK
P6_PLATES_M1,enrichment,results/P6/enrichment.csv,a1bedeb03c0808fa,design,192,192,design (backbone clusters not held),4,16,4 of 16,actives kept of 16,0,complete,public,rosetta_cat_fa_sol,rosetta_cat_fa_sol,struct_site,1,high,0.5,96,4,16,4.0,1.0,8.0,8.0,0.5,OK
P6_PLATES_M1,enrichment,results/P6/enrichment.csv,a1bedeb03c0808fa,design,192,192,design (backbone clusters not held),3,16,3 of 16,actives kept of 16,0,complete,public,rosetta_cat_hbond_bb_sc,rosetta_cat_hbond_bb_sc,struct_site,1,low,0.05,10,3,16,28.8,0.0,48.0,8.0,3.6,OK
P6_PLATES_M1,enrichment,results/P6/enrichment.csv,a1bedeb03c0808fa,design,192,192,design (backbone clusters not held),3,16,3 of 16,actives kept of 16,0,complete,public,rosetta_cat_hbond_bb_sc,rosetta_cat_hbond_bb_sc,struct_site,1,low,0.1,19,3,16,15.16,5.05,30.32,8.0,1.89,OK
P6_PLATES_M1,enrichment,results/P6/enrichment.csv,a1bedeb03c0808fa,design,192,192,design (backbone clusters not held),4,16,4 of 16,actives kept of 16,0,complete,public,rosetta_cat_hbond_bb_sc,rosetta_cat_hbond_bb_sc,struct_site,1,low,0.25,48,4,16,8.0,2.0,16.0,8.0,1.0,OK
P6_PLATES_M1,enrichment,results/P6/enrichment.csv,a1bedeb03c0808fa,design,192,192,design (backbone clusters not held),8,16,8 of 16,actives kept of 16,0,complete,public,rosetta_cat_hbond_bb_sc,rosetta_cat_hbond_bb_sc,struct_site,1,low,0.5,96,8,16,8.0,4.0,13.0,8.0,1.0,OK
P6_PLATES_M1,enrichment,results/P6/enrichment.csv,a1bedeb03c0808fa,design,192,192,design (backbone clusters not held),1,16,1 of 16,actives kept of 16,0,complete,public,rosetta_cat_hbond_bb_sc,rosetta_cat_hbond_bb_sc,struct_site,1,high,0.05,10,1,16,9.6,0.0,19.2,8.0,1.2,OK
P6_PLATES_M1,enrichment,results/P6/enrichment.csv,a1bedeb03c0808fa,design,192,192,design (backbone clusters not held),2,16,2 of 16,actives kept of 16,0,complete,public,rosetta_cat_hbond_bb_sc,rosetta_cat_hbond_bb_sc,struct_site,1,high,0.1,19,2,16,10.11,0.0,20.21,8.0,1.26,OK
P6_PLATES_M1,enrichment,results/P6/enrichment.csv,a1bedeb03c0808fa,design,192,192,design (backbone clusters not held),3,16,3 of 16,actives kept of 16,0,complete,public,rosetta_cat_hbond_bb_sc,rosetta_cat_hbond_bb_sc,struct_site,1,high,0.25,48,3,16,6.0,2.0,14.0,8.0,0.75,OK
P6_PLATES_M1,enrichment,results/P6/enrichment.csv,a1bedeb03c0808fa,design,192,192,design (backbone clusters not held),4,16,4 of 16,actives kept of 16,0,complete,public,rosetta_cat_hbond_bb_sc,rosetta_cat_hbond_bb_sc,struct_site,1,high,0.5,96,4,16,4.0,4.0,12.0,8.0,0.5,OK
P6_PLATES_M1,enrichment,results/P6/enrichment.csv,a1bedeb03c0808fa,design,192,192,design (backbone clusters not held),0,16,0 of 16,actives kept of 16,0,complete,public,rosetta_cat_hbond_sc,rosetta_cat_hbond_sc,struct_site,1,low,0.05,10,0,16,0.0,0.0,0.0,8.0,0.0,OK
P6_PLATES_M1,enrichment,results/P6/enrichment.csv,a1bedeb03c0808fa,design,192,192,design (backbone clusters not held),0,16,0 of 16,actives kept of 16,0,complete,public,rosetta_cat_hbond_sc,rosetta_cat_hbond_sc,struct_site,1,low,0.1,19,0,16,0.0,0.0,15.16,8.0,0.0,OK
P6_PLATES_M1,enrichment,results/P6/enrichment.csv,a1bedeb03c0808fa,design,192,192,design (backbone clusters not held),7,16,7 of 16,actives kept of 16,0,complete,public,rosetta_cat_hbond_sc,rosetta_cat_hbond_sc,struct_site,1,low,0.25,48,7,16,14.0,6.0,24.0,8.0,1.75,OK
P6_PLATES_M1,enrichment,results/P6/enrichment.csv,a1bedeb03c0808fa,design,192,192,design (backbone clusters not held),11,16,11 of 16,actives kept of 16,0,complete,public,rosetta_cat_hbond_sc,rosetta_cat_hbond_sc,struct_site,1,low,0.5,96,11,16,11.0,6.0,16.0,8.0,1.38,OK
P6_PLATES_M1,enrichment,results/P6/enrichment.csv,a1bedeb03c0808fa,design,192,192,design (backbone clusters not held),1,16,1 of 16,actives kept of 16,0,complete,public,rosetta_cat_hbond_sc,rosetta_cat_hbond_sc,struct_site,1,high,0.05,10,1,16,9.6,0.0,19.2,8.0,1.2,OK
P6_PLATES_M1,enrichment,results/P6/enrichment.csv,a1bedeb03c0808fa,design,192,192,design (backbone clusters not held),2,16,2 of 16,actives kept of 16,0,complete,public,rosetta_cat_hbond_sc,rosetta_cat_hbond_sc,struct_site,1,high,0.1,19,2,16,10.11,0.0,15.16,8.0,1.26,OK
P6_PLATES_M1,enrichment,results/P6/enrichment.csv,a1bedeb03c0808fa,design,192,192,design (backbone clusters not held),4,16,4 of 16,actives kept of 16,0,complete,public,rosetta_cat_hbond_sc,rosetta_cat_hbond_sc,struct_site,1,high,0.25,48,4,16,8.0,0.0,12.0,8.0,1.0,OK
P6_PLATES_M1,enrichment,results/P6/enrichment.csv,a1bedeb03c0808fa,design,192,192,design (backbone clusters not held),5,16,5 of 16,actives kept of 16,0,complete,public,rosetta_cat_hbond_sc,rosetta_cat_hbond_sc,struct_site,1,high,0.5,96,5,16,5.0,2.0,10.0,8.0,0.63,OK
P6_PLATES_M1,enrichment,results/P6/enrichment.csv,a1bedeb03c0808fa,design,192,192,design (backbone clusters not held),0,16,0 of 16,actives kept of 16,0,complete,public,rosetta_cat_lk_ball_wtd,rosetta_cat_lk_ball_wtd,struct_site,1,low,0.05,10,0,16,0.0,0.0,0.0,8.0,0.0,OK
P6_PLATES_M1,enrichment,results/P6/enrichment.csv,a1bedeb03c0808fa,design,192,192,design (backbone clusters not held),0,16,0 of 16,actives kept of 16,0,complete,public,rosetta_cat_lk_ball_wtd,rosetta_cat_lk_ball_wtd,struct_site,1,low,0.1,19,0,16,0.0,0.0,0.0,8.0,0.0,OK
P6_PLATES_M1,enrichment,results/P6/enrichment.csv,a1bedeb03c0808fa,design,192,192,design (backbone clusters not held),1,16,1 of 16,actives kept of 16,0,complete,public,rosetta_cat_lk_ball_wtd,rosetta_cat_lk_ball_wtd,struct_site,1,low,0.25,48,1,16,2.0,0.0,4.0,8.0,0.25,OK
P6_PLATES_M1,enrichment,results/P6/enrichment.csv,a1bedeb03c0808fa,design,192,192,design (backbone clusters not held),6,16,6 of 16,actives kept of 16,0,complete,public,rosetta_cat_lk_ball_wtd,rosetta_cat_lk_ball_wtd,struct_site,1,low,0.5,96,6,16,6.0,2.0,10.0,8.0,0.75,OK
P6_PLATES_M1,enrichment,results/P6/enrichment.csv,a1bedeb03c0808fa,design,192,192,design (backbone clusters not held),1,16,1 of 16,actives kept of 16,0,complete,public,rosetta_cat_lk_ball_wtd,rosetta_cat_lk_ball_wtd,struct_site,1,high,0.05,10,1,16,9.6,0.0,38.4,8.0,1.2,OK
P6_PLATES_M1,enrichment,results/P6/enrichment.csv,a1bedeb03c0808fa,design,192,192,design (backbone clusters not held),5,16,5 of 16,actives kept of 16,0,complete,public,rosetta_cat_lk_ball_wtd,rosetta_cat_lk_ball_wtd,struct_site,1,high,0.1,19,5,16,25.26,10.11,40.42,8.0,3.16,OK
P6_PLATES_M1,enrichment,results/P6/enrichment.csv,a1bedeb03c0808fa,design,192,192,design (backbone clusters not held),6,16,6 of 16,actives kept of 16,0,complete,public,rosetta_cat_lk_ball_wtd,rosetta_cat_lk_ball_wtd,struct_site,1,high,0.25,48,6,16,12.0,6.0,20.0,8.0,1.5,OK
P6_PLATES_M1,enrichment,results/P6/enrichment.csv,a1bedeb03c0808fa,design,192,192,design (backbone clusters not held),10,16,10 of 16,actives kept of 16,0,complete,public,rosetta_cat_lk_ball_wtd,rosetta_cat_lk_ball_wtd,struct_site,1,high,0.5,96,10,16,10.0,6.0,16.0,8.0,1.25,OK
P6_PLATES_M1,enrichment,results/P6/enrichment.csv,a1bedeb03c0808fa,design,192,192,design (backbone clusters not held),1,16,1 of 16,actives kept of 16,0,complete,public,rosetta_cat_omega,rosetta_cat_omega,struct_site,1,low,0.05,10,1,16,9.6,0.0,28.8,8.0,1.2,OK
P6_PLATES_M1,enrichment,results/P6/enrichment.csv,a1bedeb03c0808fa,design,192,192,design (backbone clusters not held),2,16,2 of 16,actives kept of 16,0,complete,public,rosetta_cat_omega,rosetta_cat_omega,struct_site,1,low,0.1,19,2,16,10.11,0.0,20.21,8.0,1.26,OK
P6_PLATES_M1,enrichment,results/P6/enrichment.csv,a1bedeb03c0808fa,design,192,192,design (backbone clusters not held),2,16,2 of 16,actives kept of 16,0,complete,public,rosetta_cat_omega,rosetta_cat_omega,struct_site,1,low,0.25,48,2,16,4.0,0.0,8.0,8.0,0.5,OK
P6_PLATES_M1,enrichment,results/P6/enrichment.csv,a1bedeb03c0808fa,design,192,192,design (backbone clusters not held),6,16,6 of 16,actives kept of 16,0,complete,public,rosetta_cat_omega,rosetta_cat_omega,struct_site,1,low,0.5,96,6,16,6.0,2.0,10.0,8.0,0.75,OK
P6_PLATES_M1,enrichment,results/P6/enrichment.csv,a1bedeb03c0808fa,design,192,192,design (backbone clusters not held),1,16,1 of 16,actives kept of 16,0,complete,public,rosetta_cat_omega,rosetta_cat_omega,struct_site,1,high,0.05,10,1,16,9.6,0.0,28.8,8.0,1.2,OK
P6_PLATES_M1,enrichment,results/P6/enrichment.csv,a1bedeb03c0808fa,design,192,192,design (backbone clusters not held),1,16,1 of 16,actives kept of 16,0,complete,public,rosetta_cat_omega,rosetta_cat_omega,struct_site,1,high,0.1,19,1,16,5.05,0.0,15.16,8.0,0.63,OK
P6_PLATES_M1,enrichment,results/P6/enrichment.csv,a1bedeb03c0808fa,design,192,192,design (backbone clusters not held),4,16,4 of 16,actives kept of 16,0,complete,public,rosetta_cat_omega,rosetta_cat_omega,struct_site,1,high,0.25,48,4,16,8.0,2.0,18.0,8.0,1.0,OK
P6_PLATES_M1,enrichment,results/P6/enrichment.csv,a1bedeb03c0808fa,design,192,192,design (backbone clusters not held),10,16,10 of 16,actives kept of 16,0,complete,public,rosetta_cat_omega,rosetta_cat_omega,struct_site,1,high,0.5,96,10,16,10.0,6.0,16.0,8.0,1.25,OK
P6_PLATES_M1,enrichment,results/P6/enrichment.csv,a1bedeb03c0808fa,design,192,192,design (backbone clusters not held),0,16,0 of 16,actives kept of 16,0,complete,public,rosetta_cat_p_aa_pp,rosetta_cat_p_aa_pp,struct_site,1,low,0.05,10,0,16,0.0,0.0,0.0,8.0,0.0,OK
P6_PLATES_M1,enrichment,results/P6/enrichment.csv,a1bedeb03c0808fa,design,192,192,design (backbone clusters not held),0,16,0 of 16,actives kept of 16,0,complete,public,rosetta_cat_p_aa_pp,rosetta_cat_p_aa_pp,struct_site,1,low,0.1,19,0,16,0.0,0.0,0.0,8.0,0.0,OK
P6_PLATES_M1,enrichment,results/P6/enrichment.csv,a1bedeb03c0808fa,design,192,192,design (backbone clusters not held),2,16,2 of 16,actives kept of 16,0,complete,public,rosetta_cat_p_aa_pp,rosetta_cat_p_aa_pp,struct_site,1,low,0.25,48,2,16,4.0,0.0,8.0,8.0,0.5,OK
P6_PLATES_M1,enrichment,results/P6/enrichment.csv,a1bedeb03c0808fa,design,192,192,design (backbone clusters not held),4,16,4 of 16,actives kept of 16,0,complete,public,rosetta_cat_p_aa_pp,rosetta_cat_p_aa_pp,struct_site,1,low,0.5,96,4,16,4.0,1.0,8.0,8.0,0.5,OK
P6_PLATES_M1,enrichment,results/P6/enrichment.csv,a1bedeb03c0808fa,design,192,192,design (backbone clusters not held),2,16,2 of 16,actives kept of 16,0,complete,public,rosetta_cat_p_aa_pp,rosetta_cat_p_aa_pp,struct_site,1,high,0.05,10,2,16,19.2,0.0,48.0,8.0,2.4,OK
P6_PLATES_M1,enrichment,results/P6/enrichment.csv,a1bedeb03c0808fa,design,192,192,design (backbone clusters not held),2,16,2 of 16,actives kept of 16,0,complete,public,rosetta_cat_p_aa_pp,rosetta_cat_p_aa_pp,struct_site,1,high,0.1,19,2,16,10.11,0.0,25.26,8.0,1.26,OK
P6_PLATES_M1,enrichment,results/P6/enrichment.csv,a1bedeb03c0808fa,design,192,192,design (backbone clusters not held),4,16,4 of 16,actives kept of 16,0,complete,public,rosetta_cat_p_aa_pp,rosetta_cat_p_aa_pp,struct_site,1,high,0.25,48,4,16,8.0,2.0,14.0,8.0,1.0,OK
P6_PLATES_M1,enrichment,results/P6/enrichment.csv,a1bedeb03c0808fa,design,192,192,design (backbone clusters not held),12,16,12 of 16,actives kept of 16,0,complete,public,rosetta_cat_p_aa_pp,rosetta_cat_p_aa_pp,struct_site,1,high,0.5,96,12,16,12.0,7.0,18.0,8.0,1.5,OK
P6_PLATES_M1,enrichment,results/P6/enrichment.csv,a1bedeb03c0808fa,design,192,192,design (backbone clusters not held),0,16,0 of 16,actives kept of 16,0,complete,public,rosetta_cat_rama_prepro,rosetta_cat_rama_prepro,struct_site,1,low,0.05,10,0,16,0.0,0.0,0.0,8.0,0.0,OK
P6_PLATES_M1,enrichment,results/P6/enrichment.csv,a1bedeb03c0808fa,design,192,192,design (backbone clusters not held),0,16,0 of 16,actives kept of 16,0,complete,public,rosetta_cat_rama_prepro,rosetta_cat_rama_prepro,struct_site,1,low,0.1,19,0,16,0.0,0.0,10.11,8.0,0.0,OK
P6_PLATES_M1,enrichment,results/P6/enrichment.csv,a1bedeb03c0808fa,design,192,192,design (backbone clusters not held),1,16,1 of 16,actives kept of 16,0,complete,public,rosetta_cat_rama_prepro,rosetta_cat_rama_prepro,struct_site,1,low,0.25,48,1,16,2.0,0.0,8.0,8.0,0.25,OK
P6_PLATES_M1,enrichment,results/P6/enrichment.csv,a1bedeb03c0808fa,design,192,192,design (backbone clusters not held),9,16,9 of 16,actives kept of 16,0,complete,public,rosetta_cat_rama_prepro,rosetta_cat_rama_prepro,struct_site,1,low,0.5,96,9,16,9.0,5.0,15.0,8.0,1.12,OK
P6_PLATES_M1,enrichment,results/P6/enrichment.csv,a1bedeb03c0808fa,design,192,192,design (backbone clusters not held),1,16,1 of 16,actives kept of 16,0,complete,public,rosetta_cat_rama_prepro,rosetta_cat_rama_prepro,struct_site,1,high,0.05,10,1,16,9.6,0.0,28.8,8.0,1.2,OK
P6_PLATES_M1,enrichment,results/P6/enrichment.csv,a1bedeb03c0808fa,design,192,192,design (backbone clusters not held),2,16,2 of 16,actives kept of 16,0,complete,public,rosetta_cat_rama_prepro,rosetta_cat_rama_prepro,struct_site,1,high,0.1,19,2,16,10.11,0.0,20.21,8.0,1.26,OK
P6_PLATES_M1,enrichment,results/P6/enrichment.csv,a1bedeb03c0808fa,design,192,192,design (backbone clusters not held),5,16,5 of 16,actives kept of 16,0,complete,public,rosetta_cat_rama_prepro,rosetta_cat_rama_prepro,struct_site,1,high,0.25,48,5,16,10.0,4.0,16.1,8.0,1.25,OK
P6_PLATES_M1,enrichment,results/P6/enrichment.csv,a1bedeb03c0808fa,design,192,192,design (backbone clusters not held),7,16,7 of 16,actives kept of 16,0,complete,public,rosetta_cat_rama_prepro,rosetta_cat_rama_prepro,struct_site,1,high,0.5,96,7,16,7.0,3.0,11.0,8.0,0.88,OK
P6_PLATES_M1,enrichment,results/P6/enrichment.csv,a1bedeb03c0808fa,design,192,192,design (backbone clusters not held),1,16,1 of 16,actives kept of 16,0,complete,public,rosetta_cat_ref,rosetta_cat_ref,bookkeeping,0,low,0.05,10,1,16,9.6,0.0,19.2,8.0,1.2,X-BOOKKEEP
P6_PLATES_M1,enrichment,results/P6/enrichment.csv,a1bedeb03c0808fa,design,192,192,design (backbone clusters not held),1,16,1 of 16,actives kept of 16,0,complete,public,rosetta_cat_ref,rosetta_cat_ref,bookkeeping,0,low,0.1,19,1,16,5.05,0.0,20.21,8.0,0.63,X-BOOKKEEP
P6_PLATES_M1,enrichment,results/P6/enrichment.csv,a1bedeb03c0808fa,design,192,192,design (backbone clusters not held),3,16,3 of 16,actives kept of 16,0,complete,public,rosetta_cat_ref,rosetta_cat_ref,bookkeeping,0,low,0.25,48,3,16,6.0,2.0,14.0,8.0,0.75,X-BOOKKEEP
P6_PLATES_M1,enrichment,results/P6/enrichment.csv,a1bedeb03c0808fa,design,192,192,design (backbone clusters not held),5,16,5 of 16,actives kept of 16,0,complete,public,rosetta_cat_ref,rosetta_cat_ref,bookkeeping,0,low,0.5,96,5,16,5.0,4.0,13.0,8.0,0.63,X-BOOKKEEP
P6_PLATES_M1,enrichment,results/P6/enrichment.csv,a1bedeb03c0808fa,design,192,192,design (backbone clusters not held),0,16,0 of 16,actives kept of 16,0,complete,public,rosetta_cat_ref,rosetta_cat_ref,bookkeeping,0,high,0.05,10,0,16,0.0,0.0,19.2,8.0,0.0,X-BOOKKEEP
P6_PLATES_M1,enrichment,results/P6/enrichment.csv,a1bedeb03c0808fa,design,192,192,design (backbone clusters not held),1,16,1 of 16,actives kept of 16,0,complete,public,rosetta_cat_ref,rosetta_cat_ref,bookkeeping,0,high,0.1,19,1,16,5.05,0.0,20.21,8.0,0.63,X-BOOKKEEP
P6_PLATES_M1,enrichment,results/P6/enrichment.csv,a1bedeb03c0808fa,design,192,192,design (backbone clusters not held),3,16,3 of 16,actives kept of 16,0,complete,public,rosetta_cat_ref,rosetta_cat_ref,bookkeeping,0,high,0.25,48,3,16,6.0,2.0,14.0,8.0,0.75,X-BOOKKEEP
P6_PLATES_M1,enrichment,results/P6/enrichment.csv,a1bedeb03c0808fa,design,192,192,design (backbone clusters not held),4,16,4 of 16,actives kept of 16,0,complete,public,rosetta_cat_ref,rosetta_cat_ref,bookkeeping,0,high,0.5,96,4,16,4.0,4.0,13.0,8.0,0.5,X-BOOKKEEP
P6_PLATES_M1,enrichment,results/P6/enrichment.csv,a1bedeb03c0808fa,design,192,192,design (backbone clusters not held),3,16,3 of 16,actives kept of 16,0,complete,public,rosetta_cat_total,rosetta_cat_total,struct_site,1,low,0.05,10,3,16,28.8,0.0,48.0,8.0,3.6,OK
P6_PLATES_M1,enrichment,results/P6/enrichment.csv,a1bedeb03c0808fa,design,192,192,design (backbone clusters not held),3,16,3 of 16,actives kept of 16,0,complete,public,rosetta_cat_total,rosetta_cat_total,struct_site,1,low,0.1,19,3,16,15.16,5.05,30.32,8.0,1.89,OK
P6_PLATES_M1,enrichment,results/P6/enrichment.csv,a1bedeb03c0808fa,design,192,192,design (backbone clusters not held),6,16,6 of 16,actives kept of 16,0,complete,public,rosetta_cat_total,rosetta_cat_total,struct_site,1,low,0.25,48,6,16,12.0,4.0,20.0,8.0,1.5,OK
P6_PLATES_M1,enrichment,results/P6/enrichment.csv,a1bedeb03c0808fa,design,192,192,design (backbone clusters not held),15,16,15 of 16,actives kept of 16,0,complete,public,rosetta_cat_total,rosetta_cat_total,struct_site,1,low,0.5,96,15,16,15.0,9.0,20.0,8.0,1.88,OK
P6_PLATES_M1,enrichment,results/P6/enrichment.csv,a1bedeb03c0808fa,design,192,192,design (backbone clusters not held),1,16,1 of 16,actives kept of 16,0,complete,public,rosetta_cat_total,rosetta_cat_total,struct_site,1,high,0.05,10,1,16,9.6,0.0,19.2,8.0,1.2,OK
P6_PLATES_M1,enrichment,results/P6/enrichment.csv,a1bedeb03c0808fa,design,192,192,design (backbone clusters not held),1,16,1 of 16,actives kept of 16,0,complete,public,rosetta_cat_total,rosetta_cat_total,struct_site,1,high,0.1,19,1,16,5.05,0.0,15.16,8.0,0.63,OK
P6_PLATES_M1,enrichment,results/P6/enrichment.csv,a1bedeb03c0808fa,design,192,192,design (backbone clusters not held),1,16,1 of 16,actives kept of 16,0,complete,public,rosetta_cat_total,rosetta_cat_total,struct_site,1,high,0.25,48,1,16,2.0,0.0,6.0,8.0,0.25,OK
P6_PLATES_M1,enrichment,results/P6/enrichment.csv,a1bedeb03c0808fa,design,192,192,design (backbone clusters not held),1,16,1 of 16,actives kept of 16,0,complete,public,rosetta_cat_total,rosetta_cat_total,struct_site,1,high,0.5,96,1,16,1.0,0.0,5.0,8.0,0.12,OK
P6_PLATES_M1,enrichment,results/P6/enrichment.csv,a1bedeb03c0808fa,design,192,192,design (backbone clusters not held),3,16,3 of 16,actives kept of 16,0,complete,public,rosetta_cat_total_mean,rosetta_cat_total_mean,struct_site,0,low,0.05,10,3,16,28.8,0.0,48.0,8.0,3.6,OK
P6_PLATES_M1,enrichment,results/P6/enrichment.csv,a1bedeb03c0808fa,design,192,192,design (backbone clusters not held),3,16,3 of 16,actives kept of 16,0,complete,public,rosetta_cat_total_mean,rosetta_cat_total_mean,struct_site,0,low,0.1,19,3,16,15.16,5.05,30.32,8.0,1.89,OK
P6_PLATES_M1,enrichment,results/P6/enrichment.csv,a1bedeb03c0808fa,design,192,192,design (backbone clusters not held),6,16,6 of 16,actives kept of 16,0,complete,public,rosetta_cat_total_mean,rosetta_cat_total_mean,struct_site,0,low,0.25,48,6,16,12.0,4.0,20.0,8.0,1.5,OK
P6_PLATES_M1,enrichment,results/P6/enrichment.csv,a1bedeb03c0808fa,design,192,192,design (backbone clusters not held),15,16,15 of 16,actives kept of 16,0,complete,public,rosetta_cat_total_mean,rosetta_cat_total_mean,struct_site,0,low,0.5,96,15,16,15.0,9.0,20.0,8.0,1.88,OK
P6_PLATES_M1,enrichment,results/P6/enrichment.csv,a1bedeb03c0808fa,design,192,192,design (backbone clusters not held),1,16,1 of 16,actives kept of 16,0,complete,public,rosetta_cat_total_mean,rosetta_cat_total_mean,struct_site,0,high,0.05,10,1,16,9.6,0.0,19.2,8.0,1.2,OK
P6_PLATES_M1,enrichment,results/P6/enrichment.csv,a1bedeb03c0808fa,design,192,192,design (backbone clusters not held),1,16,1 of 16,actives kept of 16,0,complete,public,rosetta_cat_total_mean,rosetta_cat_total_mean,struct_site,0,high,0.1,19,1,16,5.05,0.0,15.16,8.0,0.63,OK
P6_PLATES_M1,enrichment,results/P6/enrichment.csv,a1bedeb03c0808fa,design,192,192,design (backbone clusters not held),1,16,1 of 16,actives kept of 16,0,complete,public,rosetta_cat_total_mean,rosetta_cat_total_mean,struct_site,0,high,0.25,48,1,16,2.0,0.0,6.0,8.0,0.25,OK
P6_PLATES_M1,enrichment,results/P6/enrichment.csv,a1bedeb03c0808fa,design,192,192,design (backbone clusters not held),1,16,1 of 16,actives kept of 16,0,complete,public,rosetta_cat_total_mean,rosetta_cat_total_mean,struct_site,0,high,0.5,96,1,16,1.0,0.0,5.0,8.0,0.12,OK
P6_PLATES_M1,enrichment,results/P6/enrichment.csv,a1bedeb03c0808fa,design,192,192,design (backbone clusters not held),0,16,0 of 16,actives kept of 16,0,complete,public,rosetta_cat_worst_residue,rosetta_cat_worst_residue,struct_site,1,low,0.05,10,0,16,0.0,0.0,0.0,8.0,0.0,OK
P6_PLATES_M1,enrichment,results/P6/enrichment.csv,a1bedeb03c0808fa,design,192,192,design (backbone clusters not held),0,16,0 of 16,actives kept of 16,0,complete,public,rosetta_cat_worst_residue,rosetta_cat_worst_residue,struct_site,1,low,0.1,19,0,16,0.0,0.0,15.16,8.0,0.0,OK
P6_PLATES_M1,enrichment,results/P6/enrichment.csv,a1bedeb03c0808fa,design,192,192,design (backbone clusters not held),5,16,5 of 16,actives kept of 16,0,complete,public,rosetta_cat_worst_residue,rosetta_cat_worst_residue,struct_site,1,low,0.25,48,5,16,10.0,4.0,20.0,8.0,1.25,OK
P6_PLATES_M1,enrichment,results/P6/enrichment.csv,a1bedeb03c0808fa,design,192,192,design (backbone clusters not held),13,16,13 of 16,actives kept of 16,0,complete,public,rosetta_cat_worst_residue,rosetta_cat_worst_residue,struct_site,1,low,0.5,96,13,16,13.0,8.0,19.0,8.0,1.62,OK
P6_PLATES_M1,enrichment,results/P6/enrichment.csv,a1bedeb03c0808fa,design,192,192,design (backbone clusters not held),0,16,0 of 16,actives kept of 16,0,complete,public,rosetta_cat_worst_residue,rosetta_cat_worst_residue,struct_site,1,high,0.05,10,0,16,0.0,0.0,0.0,8.0,0.0,OK
P6_PLATES_M1,enrichment,results/P6/enrichment.csv,a1bedeb03c0808fa,design,192,192,design (backbone clusters not held),1,16,1 of 16,actives kept of 16,0,complete,public,rosetta_cat_worst_residue,rosetta_cat_worst_residue,struct_site,1,high,0.1,19,1,16,5.05,0.0,10.11,8.0,0.63,OK
P6_PLATES_M1,enrichment,results/P6/enrichment.csv,a1bedeb03c0808fa,design,192,192,design (backbone clusters not held),1,16,1 of 16,actives kept of 16,0,complete,public,rosetta_cat_worst_residue,rosetta_cat_worst_residue,struct_site,1,high,0.25,48,1,16,2.0,0.0,6.0,8.0,0.25,OK
P6_PLATES_M1,enrichment,results/P6/enrichment.csv,a1bedeb03c0808fa,design,192,192,design (backbone clusters not held),3,16,3 of 16,actives kept of 16,0,complete,public,rosetta_cat_worst_residue,rosetta_cat_worst_residue,struct_site,1,high,0.5,96,3,16,3.0,0.0,5.0,8.0,0.38,OK
P6_PLATES_M1,enrichment,results/P6/enrichment.csv,a1bedeb03c0808fa,design,192,192,design (backbone clusters not held),0,16,0 of 16,actives kept of 16,0,complete,public,rosetta_catalytic_vdw_atr,rosetta_cat_fa_atr,struct_site,1,low,0.05,10,0,16,0.0,0.0,0.0,8.0,0.0,OK
P6_PLATES_M1,enrichment,results/P6/enrichment.csv,a1bedeb03c0808fa,design,192,192,design (backbone clusters not held),0,16,0 of 16,actives kept of 16,0,complete,public,rosetta_catalytic_vdw_atr,rosetta_cat_fa_atr,struct_site,1,low,0.1,19,0,16,0.0,0.0,0.0,8.0,0.0,OK
P6_PLATES_M1,enrichment,results/P6/enrichment.csv,a1bedeb03c0808fa,design,192,192,design (backbone clusters not held),0,16,0 of 16,actives kept of 16,0,complete,public,rosetta_catalytic_vdw_atr,rosetta_cat_fa_atr,struct_site,1,low,0.25,48,0,16,0.0,0.0,0.0,8.0,0.0,OK
P6_PLATES_M1,enrichment,results/P6/enrichment.csv,a1bedeb03c0808fa,design,192,192,design (backbone clusters not held),3,16,3 of 16,actives kept of 16,0,complete,public,rosetta_catalytic_vdw_atr,rosetta_cat_fa_atr,struct_site,1,low,0.5,96,3,16,3.0,0.0,7.0,8.0,0.38,OK
P6_PLATES_M1,enrichment,results/P6/enrichment.csv,a1bedeb03c0808fa,design,192,192,design (backbone clusters not held),1,16,1 of 16,actives kept of 16,0,complete,public,rosetta_catalytic_vdw_atr,rosetta_cat_fa_atr,struct_site,1,high,0.05,10,1,16,9.6,0.0,28.8,8.0,1.2,OK
P6_PLATES_M1,enrichment,results/P6/enrichment.csv,a1bedeb03c0808fa,design,192,192,design (backbone clusters not held),1,16,1 of 16,actives kept of 16,0,complete,public,rosetta_catalytic_vdw_atr,rosetta_cat_fa_atr,struct_site,1,high,0.1,19,1,16,5.05,0.0,15.16,8.0,0.63,OK
P6_PLATES_M1,enrichment,results/P6/enrichment.csv,a1bedeb03c0808fa,design,192,192,design (backbone clusters not held),6,16,6 of 16,actives kept of 16,0,complete,public,rosetta_catalytic_vdw_atr,rosetta_cat_fa_atr,struct_site,1,high,0.25,48,6,16,12.0,2.0,22.0,8.0,1.5,OK
P6_PLATES_M1,enrichment,results/P6/enrichment.csv,a1bedeb03c0808fa,design,192,192,design (backbone clusters not held),13,16,13 of 16,actives kept of 16,0,complete,public,rosetta_catalytic_vdw_atr,rosetta_cat_fa_atr,struct_site,1,high,0.5,96,13,16,13.0,8.0,19.0,8.0,1.62,OK
P6_PLATES_M1,enrichment,results/P6/enrichment.csv,a1bedeb03c0808fa,design,192,192,design (backbone clusters not held),0,16,0 of 16,actives kept of 16,0,complete,public,rosetta_catalytic_vdw_net,rosetta_catalytic_vdw_net,struct_site,1,low,0.05,10,0,16,0.0,0.0,0.0,8.0,0.0,OK
P6_PLATES_M1,enrichment,results/P6/enrichment.csv,a1bedeb03c0808fa,design,192,192,design (backbone clusters not held),0,16,0 of 16,actives kept of 16,0,complete,public,rosetta_catalytic_vdw_net,rosetta_catalytic_vdw_net,struct_site,1,low,0.1,19,0,16,0.0,0.0,0.0,8.0,0.0,OK
P6_PLATES_M1,enrichment,results/P6/enrichment.csv,a1bedeb03c0808fa,design,192,192,design (backbone clusters not held),0,16,0 of 16,actives kept of 16,0,complete,public,rosetta_catalytic_vdw_net,rosetta_catalytic_vdw_net,struct_site,1,low,0.25,48,0,16,0.0,0.0,4.0,8.0,0.0,OK
P6_PLATES_M1,enrichment,results/P6/enrichment.csv,a1bedeb03c0808fa,design,192,192,design (backbone clusters not held),7,16,7 of 16,actives kept of 16,0,complete,public,rosetta_catalytic_vdw_net,rosetta_catalytic_vdw_net,struct_site,1,low,0.5,96,7,16,7.0,3.0,11.0,8.0,0.88,OK
P6_PLATES_M1,enrichment,results/P6/enrichment.csv,a1bedeb03c0808fa,design,192,192,design (backbone clusters not held),1,16,1 of 16,actives kept of 16,0,complete,public,rosetta_catalytic_vdw_net,rosetta_catalytic_vdw_net,struct_site,1,high,0.05,10,1,16,9.6,0.0,19.2,8.0,1.2,OK
P6_PLATES_M1,enrichment,results/P6/enrichment.csv,a1bedeb03c0808fa,design,192,192,design (backbone clusters not held),1,16,1 of 16,actives kept of 16,0,complete,public,rosetta_catalytic_vdw_net,rosetta_catalytic_vdw_net,struct_site,1,high,0.1,19,1,16,5.05,0.0,15.16,8.0,0.63,OK
P6_PLATES_M1,enrichment,results/P6/enrichment.csv,a1bedeb03c0808fa,design,192,192,design (backbone clusters not held),3,16,3 of 16,actives kept of 16,0,complete,public,rosetta_catalytic_vdw_net,rosetta_catalytic_vdw_net,struct_site,1,high,0.25,48,3,16,6.0,0.0,12.0,8.0,0.75,OK
P6_PLATES_M1,enrichment,results/P6/enrichment.csv,a1bedeb03c0808fa,design,192,192,design (backbone clusters not held),9,16,9 of 16,actives kept of 16,0,complete,public,rosetta_catalytic_vdw_net,rosetta_catalytic_vdw_net,struct_site,1,high,0.5,96,9,16,9.0,4.0,14.0,8.0,1.12,OK
P6_PLATES_M1,enrichment,results/P6/enrichment.csv,a1bedeb03c0808fa,design,192,192,design (backbone clusters not held),2,16,2 of 16,actives kept of 16,0,complete,public,rosetta_catalytic_vdw_rep,rosetta_cat_fa_rep,struct_site,1,low,0.05,10,2,16,19.2,0.0,48.0,8.0,2.4,OK
P6_PLATES_M1,enrichment,results/P6/enrichment.csv,a1bedeb03c0808fa,design,192,192,design (backbone clusters not held),7,16,7 of 16,actives kept of 16,0,complete,public,rosetta_catalytic_vdw_rep,rosetta_cat_fa_rep,struct_site,1,low,0.1,19,7,16,35.37,15.16,50.53,8.0,4.42,OK
P6_PLATES_M1,enrichment,results/P6/enrichment.csv,a1bedeb03c0808fa,design,192,192,design (backbone clusters not held),11,16,11 of 16,actives kept of 16,0,complete,public,rosetta_catalytic_vdw_rep,rosetta_cat_fa_rep,struct_site,1,low,0.25,48,11,16,22.0,12.0,30.0,8.0,2.75,OK
P6_PLATES_M1,enrichment,results/P6/enrichment.csv,a1bedeb03c0808fa,design,192,192,design (backbone clusters not held),14,16,14 of 16,actives kept of 16,0,complete,public,rosetta_catalytic_vdw_rep,rosetta_cat_fa_rep,struct_site,1,low,0.5,96,14,16,14.0,8.0,20.0,8.0,1.75,OK
P6_PLATES_M1,enrichment,results/P6/enrichment.csv,a1bedeb03c0808fa,design,192,192,design (backbone clusters not held),1,16,1 of 16,actives kept of 16,0,complete,public,rosetta_catalytic_vdw_rep,rosetta_cat_fa_rep,struct_site,1,high,0.05,10,1,16,9.6,0.0,19.2,8.0,1.2,OK
P6_PLATES_M1,enrichment,results/P6/enrichment.csv,a1bedeb03c0808fa,design,192,192,design (backbone clusters not held),1,16,1 of 16,actives kept of 16,0,complete,public,rosetta_catalytic_vdw_rep,rosetta_cat_fa_rep,struct_site,1,high,0.1,19,1,16,5.05,0.0,15.16,8.0,0.63,OK
P6_PLATES_M1,enrichment,results/P6/enrichment.csv,a1bedeb03c0808fa,design,192,192,design (backbone clusters not held),1,16,1 of 16,actives kept of 16,0,complete,public,rosetta_catalytic_vdw_rep,rosetta_cat_fa_rep,struct_site,1,high,0.25,48,1,16,2.0,0.0,6.0,8.0,0.25,OK
P6_PLATES_M1,enrichment,results/P6/enrichment.csv,a1bedeb03c0808fa,design,192,192,design (backbone clusters not held),2,16,2 of 16,actives kept of 16,0,complete,public,rosetta_catalytic_vdw_rep,rosetta_cat_fa_rep,struct_site,1,high,0.5,96,2,16,2.0,0.0,5.0,8.0,0.25,OK
P6_PLATES_M1,enrichment,results/P6/enrichment.csv,a1bedeb03c0808fa,design,192,192,design (backbone clusters not held),2,16,2 of 16,actives kept of 16,0,complete,public,rosetta_catalytic_vdw_rep_per_res,rosetta_catalytic_vdw_rep_per_res,struct_site,0,low,0.05,10,2,16,19.2,0.0,48.0,8.0,2.4,OK
P6_PLATES_M1,enrichment,results/P6/enrichment.csv,a1bedeb03c0808fa,design,192,192,design (backbone clusters not held),7,16,7 of 16,actives kept of 16,0,complete,public,rosetta_catalytic_vdw_rep_per_res,rosetta_catalytic_vdw_rep_per_res,struct_site,0,low,0.1,19,7,16,35.37,15.16,50.53,8.0,4.42,OK
P6_PLATES_M1,enrichment,results/P6/enrichment.csv,a1bedeb03c0808fa,design,192,192,design (backbone clusters not held),11,16,11 of 16,actives kept of 16,0,complete,public,rosetta_catalytic_vdw_rep_per_res,rosetta_catalytic_vdw_rep_per_res,struct_site,0,low,0.25,48,11,16,22.0,12.0,30.0,8.0,2.75,OK
P6_PLATES_M1,enrichment,results/P6/enrichment.csv,a1bedeb03c0808fa,design,192,192,design (backbone clusters not held),14,16,14 of 16,actives kept of 16,0,complete,public,rosetta_catalytic_vdw_rep_per_res,rosetta_catalytic_vdw_rep_per_res,struct_site,0,low,0.5,96,14,16,14.0,8.0,20.0,8.0,1.75,OK
P6_PLATES_M1,enrichment,results/P6/enrichment.csv,a1bedeb03c0808fa,design,192,192,design (backbone clusters not held),1,16,1 of 16,actives kept of 16,0,complete,public,rosetta_catalytic_vdw_rep_per_res,rosetta_catalytic_vdw_rep_per_res,struct_site,0,high,0.05,10,1,16,9.6,0.0,19.2,8.0,1.2,OK
P6_PLATES_M1,enrichment,results/P6/enrichment.csv,a1bedeb03c0808fa,design,192,192,design (backbone clusters not held),1,16,1 of 16,actives kept of 16,0,complete,public,rosetta_catalytic_vdw_rep_per_res,rosetta_catalytic_vdw_rep_per_res,struct_site,0,high,0.1,19,1,16,5.05,0.0,15.16,8.0,0.63,OK
P6_PLATES_M1,enrichment,results/P6/enrichment.csv,a1bedeb03c0808fa,design,192,192,design (backbone clusters not held),1,16,1 of 16,actives kept of 16,0,complete,public,rosetta_catalytic_vdw_rep_per_res,rosetta_catalytic_vdw_rep_per_res,struct_site,0,high,0.25,48,1,16,2.0,0.0,6.0,8.0,0.25,OK
P6_PLATES_M1,enrichment,results/P6/enrichment.csv,a1bedeb03c0808fa,design,192,192,design (backbone clusters not held),2,16,2 of 16,actives kept of 16,0,complete,public,rosetta_catalytic_vdw_rep_per_res,rosetta_catalytic_vdw_rep_per_res,struct_site,0,high,0.5,96,2,16,2.0,0.0,5.0,8.0,0.25,OK
P6_PLATES_M1,enrichment,results/P6/enrichment.csv,a1bedeb03c0808fa,design,192,192,design (backbone clusters not held),0,16,0 of 16,actives kept of 16,0,complete,public,rosetta_fa_atr,rosetta_fa_atr,struct_whole,0,low,0.05,10,0,16,0.0,0.0,0.0,8.0,0.0,GLOBAL
P6_PLATES_M1,enrichment,results/P6/enrichment.csv,a1bedeb03c0808fa,design,192,192,design (backbone clusters not held),0,16,0 of 16,actives kept of 16,0,complete,public,rosetta_fa_atr,rosetta_fa_atr,struct_whole,0,low,0.1,19,0,16,0.0,0.0,0.0,8.0,0.0,GLOBAL
P6_PLATES_M1,enrichment,results/P6/enrichment.csv,a1bedeb03c0808fa,design,192,192,design (backbone clusters not held),1,16,1 of 16,actives kept of 16,0,complete,public,rosetta_fa_atr,rosetta_fa_atr,struct_whole,0,low,0.25,48,1,16,2.0,0.0,6.0,8.0,0.25,GLOBAL
P6_PLATES_M1,enrichment,results/P6/enrichment.csv,a1bedeb03c0808fa,design,192,192,design (backbone clusters not held),4,16,4 of 16,actives kept of 16,0,complete,public,rosetta_fa_atr,rosetta_fa_atr,struct_whole,0,low,0.5,96,4,16,4.0,1.0,9.0,8.0,0.5,GLOBAL
P6_PLATES_M1,enrichment,results/P6/enrichment.csv,a1bedeb03c0808fa,design,192,192,design (backbone clusters not held),1,16,1 of 16,actives kept of 16,0,complete,public,rosetta_fa_atr,rosetta_fa_atr,struct_whole,0,high,0.05,10,1,16,9.6,0.0,38.4,8.0,1.2,GLOBAL
P6_PLATES_M1,enrichment,results/P6/enrichment.csv,a1bedeb03c0808fa,design,192,192,design (backbone clusters not held),5,16,5 of 16,actives kept of 16,0,complete,public,rosetta_fa_atr,rosetta_fa_atr,struct_whole,0,high,0.1,19,5,16,25.26,10.11,40.42,8.0,3.16,GLOBAL
P6_PLATES_M1,enrichment,results/P6/enrichment.csv,a1bedeb03c0808fa,design,192,192,design (backbone clusters not held),6,16,6 of 16,actives kept of 16,0,complete,public,rosetta_fa_atr,rosetta_fa_atr,struct_whole,0,high,0.25,48,6,16,12.0,4.0,20.0,8.0,1.5,GLOBAL
P6_PLATES_M1,enrichment,results/P6/enrichment.csv,a1bedeb03c0808fa,design,192,192,design (backbone clusters not held),12,16,12 of 16,actives kept of 16,0,complete,public,rosetta_fa_atr,rosetta_fa_atr,struct_whole,0,high,0.5,96,12,16,12.0,6.0,18.0,8.0,1.5,GLOBAL
P6_PLATES_M1,enrichment,results/P6/enrichment.csv,a1bedeb03c0808fa,design,192,192,design (backbone clusters not held),0,16,0 of 16,actives kept of 16,0,complete,public,rosetta_fa_dun,rosetta_fa_dun,struct_whole,0,low,0.05,10,0,16,0.0,0.0,19.2,8.0,0.0,GLOBAL
P6_PLATES_M1,enrichment,results/P6/enrichment.csv,a1bedeb03c0808fa,design,192,192,design (backbone clusters not held),3,16,3 of 16,actives kept of 16,0,complete,public,rosetta_fa_dun,rosetta_fa_dun,struct_whole,0,low,0.1,19,3,16,15.16,0.0,30.32,8.0,1.89,GLOBAL
P6_PLATES_M1,enrichment,results/P6/enrichment.csv,a1bedeb03c0808fa,design,192,192,design (backbone clusters not held),8,16,8 of 16,actives kept of 16,0,complete,public,rosetta_fa_dun,rosetta_fa_dun,struct_whole,0,low,0.25,48,8,16,16.0,8.0,26.0,8.0,2.0,GLOBAL
P6_PLATES_M1,enrichment,results/P6/enrichment.csv,a1bedeb03c0808fa,design,192,192,design (backbone clusters not held),9,16,9 of 16,actives kept of 16,0,complete,public,rosetta_fa_dun,rosetta_fa_dun,struct_whole,0,low,0.5,96,9,16,9.0,5.0,14.0,8.0,1.12,GLOBAL
P6_PLATES_M1,enrichment,results/P6/enrichment.csv,a1bedeb03c0808fa,design,192,192,design (backbone clusters not held),0,16,0 of 16,actives kept of 16,0,complete,public,rosetta_fa_dun,rosetta_fa_dun,struct_whole,0,high,0.05,10,0,16,0.0,0.0,0.0,8.0,0.0,GLOBAL
P6_PLATES_M1,enrichment,results/P6/enrichment.csv,a1bedeb03c0808fa,design,192,192,design (backbone clusters not held),0,16,0 of 16,actives kept of 16,0,complete,public,rosetta_fa_dun,rosetta_fa_dun,struct_whole,0,high,0.1,19,0,16,0.0,0.0,0.0,8.0,0.0,GLOBAL
P6_PLATES_M1,enrichment,results/P6/enrichment.csv,a1bedeb03c0808fa,design,192,192,design (backbone clusters not held),2,16,2 of 16,actives kept of 16,0,complete,public,rosetta_fa_dun,rosetta_fa_dun,struct_whole,0,high,0.25,48,2,16,4.0,0.0,10.0,8.0,0.5,GLOBAL
P6_PLATES_M1,enrichment,results/P6/enrichment.csv,a1bedeb03c0808fa,design,192,192,design (backbone clusters not held),7,16,7 of 16,actives kept of 16,0,complete,public,rosetta_fa_dun,rosetta_fa_dun,struct_whole,0,high,0.5,96,7,16,7.0,3.0,12.0,8.0,0.88,GLOBAL
P6_PLATES_M1,enrichment,results/P6/enrichment.csv,a1bedeb03c0808fa,design,192,192,design (backbone clusters not held),0,16,0 of 16,actives kept of 16,0,complete,public,rosetta_fa_elec,rosetta_fa_elec,struct_whole,0,low,0.05,10,0,16,0.0,0.0,0.0,8.0,0.0,GLOBAL
P6_PLATES_M1,enrichment,results/P6/enrichment.csv,a1bedeb03c0808fa,design,192,192,design (backbone clusters not held),0,16,0 of 16,actives kept of 16,0,complete,public,rosetta_fa_elec,rosetta_fa_elec,struct_whole,0,low,0.1,19,0,16,0.0,0.0,0.0,8.0,0.0,GLOBAL
P6_PLATES_M1,enrichment,results/P6/enrichment.csv,a1bedeb03c0808fa,design,192,192,design (backbone clusters not held),1,16,1 of 16,actives kept of 16,0,complete,public,rosetta_fa_elec,rosetta_fa_elec,struct_whole,0,low,0.25,48,1,16,2.0,0.0,6.0,8.0,0.25,GLOBAL
P6_PLATES_M1,enrichment,results/P6/enrichment.csv,a1bedeb03c0808fa,design,192,192,design (backbone clusters not held),7,16,7 of 16,actives kept of 16,0,complete,public,rosetta_fa_elec,rosetta_fa_elec,struct_whole,0,low,0.5,96,7,16,7.0,3.0,11.0,8.0,0.88,GLOBAL
P6_PLATES_M1,enrichment,results/P6/enrichment.csv,a1bedeb03c0808fa,design,192,192,design (backbone clusters not held),0,16,0 of 16,actives kept of 16,0,complete,public,rosetta_fa_elec,rosetta_fa_elec,struct_whole,0,high,0.05,10,0,16,0.0,0.0,28.8,8.0,0.0,GLOBAL
P6_PLATES_M1,enrichment,results/P6/enrichment.csv,a1bedeb03c0808fa,design,192,192,design (backbone clusters not held),5,16,5 of 16,actives kept of 16,0,complete,public,rosetta_fa_elec,rosetta_fa_elec,struct_whole,0,high,0.1,19,5,16,25.26,5.05,35.37,8.0,3.16,GLOBAL
P6_PLATES_M1,enrichment,results/P6/enrichment.csv,a1bedeb03c0808fa,design,192,192,design (backbone clusters not held),6,16,6 of 16,actives kept of 16,0,complete,public,rosetta_fa_elec,rosetta_fa_elec,struct_whole,0,high,0.25,48,6,16,12.0,6.0,20.0,8.0,1.5,GLOBAL
P6_PLATES_M1,enrichment,results/P6/enrichment.csv,a1bedeb03c0808fa,design,192,192,design (backbone clusters not held),9,16,9 of 16,actives kept of 16,0,complete,public,rosetta_fa_elec,rosetta_fa_elec,struct_whole,0,high,0.5,96,9,16,9.0,5.0,15.0,8.0,1.12,GLOBAL
P6_PLATES_M1,enrichment,results/P6/enrichment.csv,a1bedeb03c0808fa,design,192,192,design (backbone clusters not held),2,16,2 of 16,actives kept of 16,0,complete,public,rosetta_fa_intra_rep,rosetta_fa_intra_rep,struct_whole,0,low,0.05,10,2,16,19.2,0.0,38.4,8.0,2.4,GLOBAL
P6_PLATES_M1,enrichment,results/P6/enrichment.csv,a1bedeb03c0808fa,design,192,192,design (backbone clusters not held),4,16,4 of 16,actives kept of 16,0,complete,public,rosetta_fa_intra_rep,rosetta_fa_intra_rep,struct_whole,0,low,0.1,19,4,16,20.21,5.05,35.37,8.0,2.53,GLOBAL
P6_PLATES_M1,enrichment,results/P6/enrichment.csv,a1bedeb03c0808fa,design,192,192,design (backbone clusters not held),7,16,7 of 16,actives kept of 16,0,complete,public,rosetta_fa_intra_rep,rosetta_fa_intra_rep,struct_whole,0,low,0.25,48,7,16,14.0,6.0,22.0,8.0,1.75,GLOBAL
P6_PLATES_M1,enrichment,results/P6/enrichment.csv,a1bedeb03c0808fa,design,192,192,design (backbone clusters not held),11,16,11 of 16,actives kept of 16,0,complete,public,rosetta_fa_intra_rep,rosetta_fa_intra_rep,struct_whole,0,low,0.5,96,11,16,11.0,6.0,16.0,8.0,1.38,GLOBAL
P6_PLATES_M1,enrichment,results/P6/enrichment.csv,a1bedeb03c0808fa,design,192,192,design (backbone clusters not held),0,16,0 of 16,actives kept of 16,0,complete,public,rosetta_fa_intra_rep,rosetta_fa_intra_rep,struct_whole,0,high,0.05,10,0,16,0.0,0.0,0.0,8.0,0.0,GLOBAL
P6_PLATES_M1,enrichment,results/P6/enrichment.csv,a1bedeb03c0808fa,design,192,192,design (backbone clusters not held),0,16,0 of 16,actives kept of 16,0,complete,public,rosetta_fa_intra_rep,rosetta_fa_intra_rep,struct_whole,0,high,0.1,19,0,16,0.0,0.0,0.0,8.0,0.0,GLOBAL
P6_PLATES_M1,enrichment,results/P6/enrichment.csv,a1bedeb03c0808fa,design,192,192,design (backbone clusters not held),0,16,0 of 16,actives kept of 16,0,complete,public,rosetta_fa_intra_rep,rosetta_fa_intra_rep,struct_whole,0,high,0.25,48,0,16,0.0,0.0,2.0,8.0,0.0,GLOBAL
P6_PLATES_M1,enrichment,results/P6/enrichment.csv,a1bedeb03c0808fa,design,192,192,design (backbone clusters not held),5,16,5 of 16,actives kept of 16,0,complete,public,rosetta_fa_intra_rep,rosetta_fa_intra_rep,struct_whole,0,high,0.5,96,5,16,5.0,2.0,10.0,8.0,0.63,GLOBAL
P6_PLATES_M1,enrichment,results/P6/enrichment.csv,a1bedeb03c0808fa,design,192,192,design (backbone clusters not held),0,16,0 of 16,actives kept of 16,0,complete,public,rosetta_fa_rep,rosetta_fa_rep,struct_whole,0,low,0.05,10,0,16,0.0,0.0,19.2,8.0,0.0,GLOBAL
P6_PLATES_M1,enrichment,results/P6/enrichment.csv,a1bedeb03c0808fa,design,192,192,design (backbone clusters not held),2,16,2 of 16,actives kept of 16,0,complete,public,rosetta_fa_rep,rosetta_fa_rep,struct_whole,0,low,0.1,19,2,16,10.11,0.0,20.21,8.0,1.26,GLOBAL
P6_PLATES_M1,enrichment,results/P6/enrichment.csv,a1bedeb03c0808fa,design,192,192,design (backbone clusters not held),6,16,6 of 16,actives kept of 16,0,complete,public,rosetta_fa_rep,rosetta_fa_rep,struct_whole,0,low,0.25,48,6,16,12.0,4.0,22.0,8.0,1.5,GLOBAL
P6_PLATES_M1,enrichment,results/P6/enrichment.csv,a1bedeb03c0808fa,design,192,192,design (backbone clusters not held),14,16,14 of 16,actives kept of 16,0,complete,public,rosetta_fa_rep,rosetta_fa_rep,struct_whole,0,low,0.5,96,14,16,14.0,9.0,20.0,8.0,1.75,GLOBAL
P6_PLATES_M1,enrichment,results/P6/enrichment.csv,a1bedeb03c0808fa,design,192,192,design (backbone clusters not held),0,16,0 of 16,actives kept of 16,0,complete,public,rosetta_fa_rep,rosetta_fa_rep,struct_whole,0,high,0.05,10,0,16,0.0,0.0,0.0,8.0,0.0,GLOBAL
P6_PLATES_M1,enrichment,results/P6/enrichment.csv,a1bedeb03c0808fa,design,192,192,design (backbone clusters not held),0,16,0 of 16,actives kept of 16,0,complete,public,rosetta_fa_rep,rosetta_fa_rep,struct_whole,0,high,0.1,19,0,16,0.0,0.0,0.0,8.0,0.0,GLOBAL
P6_PLATES_M1,enrichment,results/P6/enrichment.csv,a1bedeb03c0808fa,design,192,192,design (backbone clusters not held),0,16,0 of 16,actives kept of 16,0,complete,public,rosetta_fa_rep,rosetta_fa_rep,struct_whole,0,high,0.25,48,0,16,0.0,0.0,0.0,8.0,0.0,GLOBAL
P6_PLATES_M1,enrichment,results/P6/enrichment.csv,a1bedeb03c0808fa,design,192,192,design (backbone clusters not held),2,16,2 of 16,actives kept of 16,0,complete,public,rosetta_fa_rep,rosetta_fa_rep,struct_whole,0,high,0.5,96,2,16,2.0,0.0,4.0,8.0,0.25,GLOBAL
P6_PLATES_M1,enrichment,results/P6/enrichment.csv,a1bedeb03c0808fa,design,192,192,design (backbone clusters not held),1,16,1 of 16,actives kept of 16,0,complete,public,rosetta_fa_sol,rosetta_fa_sol,struct_whole,0,low,0.05,10,1,16,9.6,0.0,38.4,8.0,1.2,GLOBAL
P6_PLATES_M1,enrichment,results/P6/enrichment.csv,a1bedeb03c0808fa,design,192,192,design (backbone clusters not held),5,16,5 of 16,actives kept of 16,0,complete,public,rosetta_fa_sol,rosetta_fa_sol,struct_whole,0,low,0.1,19,5,16,25.26,5.05,40.42,8.0,3.16,GLOBAL
P6_PLATES_M1,enrichment,results/P6/enrichment.csv,a1bedeb03c0808fa,design,192,192,design (backbone clusters not held),6,16,6 of 16,actives kept of 16,0,complete,public,rosetta_fa_sol,rosetta_fa_sol,struct_whole,0,low,0.25,48,6,16,12.0,4.0,20.0,8.0,1.5,GLOBAL
P6_PLATES_M1,enrichment,results/P6/enrichment.csv,a1bedeb03c0808fa,design,192,192,design (backbone clusters not held),9,16,9 of 16,actives kept of 16,0,complete,public,rosetta_fa_sol,rosetta_fa_sol,struct_whole,0,low,0.5,96,9,16,9.0,5.0,14.0,8.0,1.12,GLOBAL
P6_PLATES_M1,enrichment,results/P6/enrichment.csv,a1bedeb03c0808fa,design,192,192,design (backbone clusters not held),0,16,0 of 16,actives kept of 16,0,complete,public,rosetta_fa_sol,rosetta_fa_sol,struct_whole,0,high,0.05,10,0,16,0.0,0.0,0.0,8.0,0.0,GLOBAL
P6_PLATES_M1,enrichment,results/P6/enrichment.csv,a1bedeb03c0808fa,design,192,192,design (backbone clusters not held),0,16,0 of 16,actives kept of 16,0,complete,public,rosetta_fa_sol,rosetta_fa_sol,struct_whole,0,high,0.1,19,0,16,0.0,0.0,0.0,8.0,0.0,GLOBAL
P6_PLATES_M1,enrichment,results/P6/enrichment.csv,a1bedeb03c0808fa,design,192,192,design (backbone clusters not held),1,16,1 of 16,actives kept of 16,0,complete,public,rosetta_fa_sol,rosetta_fa_sol,struct_whole,0,high,0.25,48,1,16,2.0,0.0,6.0,8.0,0.25,GLOBAL
P6_PLATES_M1,enrichment,results/P6/enrichment.csv,a1bedeb03c0808fa,design,192,192,design (backbone clusters not held),7,16,7 of 16,actives kept of 16,0,complete,public,rosetta_fa_sol,rosetta_fa_sol,struct_whole,0,high,0.5,96,7,16,7.0,3.0,12.0,8.0,0.88,GLOBAL
P6_PLATES_M1,enrichment,results/P6/enrichment.csv,a1bedeb03c0808fa,design,192,192,design (backbone clusters not held),0,16,0 of 16,actives kept of 16,0,complete,public,rosetta_hbond_bb_sc,rosetta_hbond_bb_sc,struct_whole,0,low,0.05,10,0,16,0.0,0.0,0.0,8.0,0.0,GLOBAL
P6_PLATES_M1,enrichment,results/P6/enrichment.csv,a1bedeb03c0808fa,design,192,192,design (backbone clusters not held),0,16,0 of 16,actives kept of 16,0,complete,public,rosetta_hbond_bb_sc,rosetta_hbond_bb_sc,struct_whole,0,low,0.1,19,0,16,0.0,0.0,0.0,8.0,0.0,GLOBAL
P6_PLATES_M1,enrichment,results/P6/enrichment.csv,a1bedeb03c0808fa,design,192,192,design (backbone clusters not held),0,16,0 of 16,actives kept of 16,0,complete,public,rosetta_hbond_bb_sc,rosetta_hbond_bb_sc,struct_whole,0,low,0.25,48,0,16,0.0,0.0,0.0,8.0,0.0,GLOBAL
P6_PLATES_M1,enrichment,results/P6/enrichment.csv,a1bedeb03c0808fa,design,192,192,design (backbone clusters not held),7,16,7 of 16,actives kept of 16,0,complete,public,rosetta_hbond_bb_sc,rosetta_hbond_bb_sc,struct_whole,0,low,0.5,96,7,16,7.0,2.0,11.0,8.0,0.88,GLOBAL
P6_PLATES_M1,enrichment,results/P6/enrichment.csv,a1bedeb03c0808fa,design,192,192,design (backbone clusters not held),0,16,0 of 16,actives kept of 16,0,complete,public,rosetta_hbond_bb_sc,rosetta_hbond_bb_sc,struct_whole,0,high,0.05,10,0,16,0.0,0.0,19.2,8.0,0.0,GLOBAL
P6_PLATES_M1,enrichment,results/P6/enrichment.csv,a1bedeb03c0808fa,design,192,192,design (backbone clusters not held),3,16,3 of 16,actives kept of 16,0,complete,public,rosetta_hbond_bb_sc,rosetta_hbond_bb_sc,struct_whole,0,high,0.1,19,3,16,15.16,0.0,25.26,8.0,1.89,GLOBAL
P6_PLATES_M1,enrichment,results/P6/enrichment.csv,a1bedeb03c0808fa,design,192,192,design (backbone clusters not held),6,16,6 of 16,actives kept of 16,0,complete,public,rosetta_hbond_bb_sc,rosetta_hbond_bb_sc,struct_whole,0,high,0.25,48,6,16,12.0,4.0,20.0,8.0,1.5,GLOBAL
P6_PLATES_M1,enrichment,results/P6/enrichment.csv,a1bedeb03c0808fa,design,192,192,design (backbone clusters not held),9,16,9 of 16,actives kept of 16,0,complete,public,rosetta_hbond_bb_sc,rosetta_hbond_bb_sc,struct_whole,0,high,0.5,96,9,16,9.0,5.0,14.0,8.0,1.12,GLOBAL
P6_PLATES_M1,enrichment,results/P6/enrichment.csv,a1bedeb03c0808fa,design,192,192,design (backbone clusters not held),0,16,0 of 16,actives kept of 16,0,complete,public,rosetta_hbond_sc,rosetta_hbond_sc,struct_whole,0,low,0.05,10,0,16,0.0,0.0,0.0,8.0,0.0,GLOBAL
P6_PLATES_M1,enrichment,results/P6/enrichment.csv,a1bedeb03c0808fa,design,192,192,design (backbone clusters not held),1,16,1 of 16,actives kept of 16,0,complete,public,rosetta_hbond_sc,rosetta_hbond_sc,struct_whole,0,low,0.1,19,1,16,5.05,0.0,15.16,8.0,0.63,GLOBAL
P6_PLATES_M1,enrichment,results/P6/enrichment.csv,a1bedeb03c0808fa,design,192,192,design (backbone clusters not held),4,16,4 of 16,actives kept of 16,0,complete,public,rosetta_hbond_sc,rosetta_hbond_sc,struct_whole,0,low,0.25,48,4,16,8.0,2.0,16.0,8.0,1.0,GLOBAL
P6_PLATES_M1,enrichment,results/P6/enrichment.csv,a1bedeb03c0808fa,design,192,192,design (backbone clusters not held),7,16,7 of 16,actives kept of 16,0,complete,public,rosetta_hbond_sc,rosetta_hbond_sc,struct_whole,0,low,0.5,96,7,16,7.0,3.0,11.0,8.0,0.88,GLOBAL
P6_PLATES_M1,enrichment,results/P6/enrichment.csv,a1bedeb03c0808fa,design,192,192,design (backbone clusters not held),2,16,2 of 16,actives kept of 16,0,complete,public,rosetta_hbond_sc,rosetta_hbond_sc,struct_whole,0,high,0.05,10,2,16,19.2,0.0,38.4,8.0,2.4,GLOBAL
P6_PLATES_M1,enrichment,results/P6/enrichment.csv,a1bedeb03c0808fa,design,192,192,design (backbone clusters not held),4,16,4 of 16,actives kept of 16,0,complete,public,rosetta_hbond_sc,rosetta_hbond_sc,struct_whole,0,high,0.1,19,4,16,20.21,5.05,30.32,8.0,2.53,GLOBAL
P6_PLATES_M1,enrichment,results/P6/enrichment.csv,a1bedeb03c0808fa,design,192,192,design (backbone clusters not held),5,16,5 of 16,actives kept of 16,0,complete,public,rosetta_hbond_sc,rosetta_hbond_sc,struct_whole,0,high,0.25,48,5,16,10.0,4.0,18.0,8.0,1.25,GLOBAL
P6_PLATES_M1,enrichment,results/P6/enrichment.csv,a1bedeb03c0808fa,design,192,192,design (backbone clusters not held),9,16,9 of 16,actives kept of 16,0,complete,public,rosetta_hbond_sc,rosetta_hbond_sc,struct_whole,0,high,0.5,96,9,16,9.0,5.0,14.0,8.0,1.12,GLOBAL
P6_PLATES_M1,enrichment,results/P6/enrichment.csv,a1bedeb03c0808fa,design,192,192,design (backbone clusters not held),0,16,0 of 16,actives kept of 16,0,complete,public,rosetta_lk_ball_wtd,rosetta_lk_ball_wtd,struct_whole,0,low,0.05,10,0,16,0.0,0.0,0.0,8.0,0.0,GLOBAL
P6_PLATES_M1,enrichment,results/P6/enrichment.csv,a1bedeb03c0808fa,design,192,192,design (backbone clusters not held),0,16,0 of 16,actives kept of 16,0,complete,public,rosetta_lk_ball_wtd,rosetta_lk_ball_wtd,struct_whole,0,low,0.1,19,0,16,0.0,0.0,0.0,8.0,0.0,GLOBAL
P6_PLATES_M1,enrichment,results/P6/enrichment.csv,a1bedeb03c0808fa,design,192,192,design (backbone clusters not held),1,16,1 of 16,actives kept of 16,0,complete,public,rosetta_lk_ball_wtd,rosetta_lk_ball_wtd,struct_whole,0,low,0.25,48,1,16,2.0,0.0,6.0,8.0,0.25,GLOBAL
P6_PLATES_M1,enrichment,results/P6/enrichment.csv,a1bedeb03c0808fa,design,192,192,design (backbone clusters not held),3,16,3 of 16,actives kept of 16,0,complete,public,rosetta_lk_ball_wtd,rosetta_lk_ball_wtd,struct_whole,0,low,0.5,96,3,16,3.0,0.0,8.0,8.0,0.38,GLOBAL
P6_PLATES_M1,enrichment,results/P6/enrichment.csv,a1bedeb03c0808fa,design,192,192,design (backbone clusters not held),2,16,2 of 16,actives kept of 16,0,complete,public,rosetta_lk_ball_wtd,rosetta_lk_ball_wtd,struct_whole,0,high,0.05,10,2,16,19.2,0.0,48.0,8.0,2.4,GLOBAL
P6_PLATES_M1,enrichment,results/P6/enrichment.csv,a1bedeb03c0808fa,design,192,192,design (backbone clusters not held),5,16,5 of 16,actives kept of 16,0,complete,public,rosetta_lk_ball_wtd,rosetta_lk_ball_wtd,struct_whole,0,high,0.1,19,5,16,25.26,10.11,40.42,8.0,3.16,GLOBAL
P6_PLATES_M1,enrichment,results/P6/enrichment.csv,a1bedeb03c0808fa,design,192,192,design (backbone clusters not held),5,16,5 of 16,actives kept of 16,0,complete,public,rosetta_lk_ball_wtd,rosetta_lk_ball_wtd,struct_whole,0,high,0.25,48,5,16,10.0,4.0,18.0,8.0,1.25,GLOBAL
P6_PLATES_M1,enrichment,results/P6/enrichment.csv,a1bedeb03c0808fa,design,192,192,design (backbone clusters not held),13,16,13 of 16,actives kept of 16,0,complete,public,rosetta_lk_ball_wtd,rosetta_lk_ball_wtd,struct_whole,0,high,0.5,96,13,16,13.0,7.0,18.0,8.0,1.62,GLOBAL
P6_PLATES_M1,enrichment,results/P6/enrichment.csv,a1bedeb03c0808fa,design,192,192,design (backbone clusters not held),0,16,0 of 16,actives kept of 16,0,complete,public,rosetta_n_catalytic_mapped,rosetta_n_catalytic_mapped,bookkeeping,0,low,0.05,10,0,16,0.0,0.0,19.2,8.0,0.0,X-BOOKKEEP
P6_PLATES_M1,enrichment,results/P6/enrichment.csv,a1bedeb03c0808fa,design,192,192,design (backbone clusters not held),1,16,1 of 16,actives kept of 16,0,complete,public,rosetta_n_catalytic_mapped,rosetta_n_catalytic_mapped,bookkeeping,0,low,0.1,19,1,16,5.05,0.0,20.21,8.0,0.63,X-BOOKKEEP
P6_PLATES_M1,enrichment,results/P6/enrichment.csv,a1bedeb03c0808fa,design,192,192,design (backbone clusters not held),3,16,3 of 16,actives kept of 16,0,complete,public,rosetta_n_catalytic_mapped,rosetta_n_catalytic_mapped,bookkeeping,0,low,0.25,48,3,16,6.0,2.0,14.0,8.0,0.75,X-BOOKKEEP
P6_PLATES_M1,enrichment,results/P6/enrichment.csv,a1bedeb03c0808fa,design,192,192,design (backbone clusters not held),4,16,4 of 16,actives kept of 16,0,complete,public,rosetta_n_catalytic_mapped,rosetta_n_catalytic_mapped,bookkeeping,0,low,0.5,96,4,16,4.0,4.0,13.0,8.0,0.5,X-BOOKKEEP
P6_PLATES_M1,enrichment,results/P6/enrichment.csv,a1bedeb03c0808fa,design,192,192,design (backbone clusters not held),1,16,1 of 16,actives kept of 16,0,complete,public,rosetta_n_catalytic_mapped,rosetta_n_catalytic_mapped,bookkeeping,0,high,0.05,10,1,16,9.6,0.0,19.2,8.0,1.2,X-BOOKKEEP
P6_PLATES_M1,enrichment,results/P6/enrichment.csv,a1bedeb03c0808fa,design,192,192,design (backbone clusters not held),1,16,1 of 16,actives kept of 16,0,complete,public,rosetta_n_catalytic_mapped,rosetta_n_catalytic_mapped,bookkeeping,0,high,0.1,19,1,16,5.05,0.0,20.21,8.0,0.63,X-BOOKKEEP
P6_PLATES_M1,enrichment,results/P6/enrichment.csv,a1bedeb03c0808fa,design,192,192,design (backbone clusters not held),3,16,3 of 16,actives kept of 16,0,complete,public,rosetta_n_catalytic_mapped,rosetta_n_catalytic_mapped,bookkeeping,0,high,0.25,48,3,16,6.0,2.0,14.0,8.0,0.75,X-BOOKKEEP
P6_PLATES_M1,enrichment,results/P6/enrichment.csv,a1bedeb03c0808fa,design,192,192,design (backbone clusters not held),5,16,5 of 16,actives kept of 16,0,complete,public,rosetta_n_catalytic_mapped,rosetta_n_catalytic_mapped,bookkeeping,0,high,0.5,96,5,16,5.0,4.0,13.0,8.0,0.63,X-BOOKKEEP
P6_PLATES_M1,enrichment,results/P6/enrichment.csv,a1bedeb03c0808fa,design,192,192,design (backbone clusters not held),0,16,0 of 16,actives kept of 16,0,complete,public,rosetta_n_catalytic_requested,rosetta_n_catalytic_requested,bookkeeping,0,low,0.05,10,0,16,0.0,0.0,19.2,8.0,0.0,X-BOOKKEEP
P6_PLATES_M1,enrichment,results/P6/enrichment.csv,a1bedeb03c0808fa,design,192,192,design (backbone clusters not held),1,16,1 of 16,actives kept of 16,0,complete,public,rosetta_n_catalytic_requested,rosetta_n_catalytic_requested,bookkeeping,0,low,0.1,19,1,16,5.05,0.0,20.21,8.0,0.63,X-BOOKKEEP
P6_PLATES_M1,enrichment,results/P6/enrichment.csv,a1bedeb03c0808fa,design,192,192,design (backbone clusters not held),3,16,3 of 16,actives kept of 16,0,complete,public,rosetta_n_catalytic_requested,rosetta_n_catalytic_requested,bookkeeping,0,low,0.25,48,3,16,6.0,2.0,14.0,8.0,0.75,X-BOOKKEEP
P6_PLATES_M1,enrichment,results/P6/enrichment.csv,a1bedeb03c0808fa,design,192,192,design (backbone clusters not held),4,16,4 of 16,actives kept of 16,0,complete,public,rosetta_n_catalytic_requested,rosetta_n_catalytic_requested,bookkeeping,0,low,0.5,96,4,16,4.0,4.0,13.0,8.0,0.5,X-BOOKKEEP
P6_PLATES_M1,enrichment,results/P6/enrichment.csv,a1bedeb03c0808fa,design,192,192,design (backbone clusters not held),1,16,1 of 16,actives kept of 16,0,complete,public,rosetta_n_catalytic_requested,rosetta_n_catalytic_requested,bookkeeping,0,high,0.05,10,1,16,9.6,0.0,19.2,8.0,1.2,X-BOOKKEEP
P6_PLATES_M1,enrichment,results/P6/enrichment.csv,a1bedeb03c0808fa,design,192,192,design (backbone clusters not held),1,16,1 of 16,actives kept of 16,0,complete,public,rosetta_n_catalytic_requested,rosetta_n_catalytic_requested,bookkeeping,0,high,0.1,19,1,16,5.05,0.0,20.21,8.0,0.63,X-BOOKKEEP
P6_PLATES_M1,enrichment,results/P6/enrichment.csv,a1bedeb03c0808fa,design,192,192,design (backbone clusters not held),3,16,3 of 16,actives kept of 16,0,complete,public,rosetta_n_catalytic_requested,rosetta_n_catalytic_requested,bookkeeping,0,high,0.25,48,3,16,6.0,2.0,14.0,8.0,0.75,X-BOOKKEEP
P6_PLATES_M1,enrichment,results/P6/enrichment.csv,a1bedeb03c0808fa,design,192,192,design (backbone clusters not held),5,16,5 of 16,actives kept of 16,0,complete,public,rosetta_n_catalytic_requested,rosetta_n_catalytic_requested,bookkeeping,0,high,0.5,96,5,16,5.0,4.0,13.0,8.0,0.63,X-BOOKKEEP
P6_PLATES_M1,enrichment,results/P6/enrichment.csv,a1bedeb03c0808fa,design,192,192,design (backbone clusters not held),2,16,2 of 16,actives kept of 16,0,complete,public,rosetta_n_residues,seq_length,bookkeeping,0,low,0.05,10,2,16,19.2,0.0,48.0,8.0,2.4,X-BOOKKEEP
P6_PLATES_M1,enrichment,results/P6/enrichment.csv,a1bedeb03c0808fa,design,192,192,design (backbone clusters not held),5,16,5 of 16,actives kept of 16,0,complete,public,rosetta_n_residues,seq_length,bookkeeping,0,low,0.1,19,5,16,25.26,10.11,40.42,8.0,3.16,X-BOOKKEEP
P6_PLATES_M1,enrichment,results/P6/enrichment.csv,a1bedeb03c0808fa,design,192,192,design (backbone clusters not held),6,16,6 of 16,actives kept of 16,0,complete,public,rosetta_n_residues,seq_length,bookkeeping,0,low,0.25,48,6,16,12.0,4.0,20.0,8.0,1.5,X-BOOKKEEP
P6_PLATES_M1,enrichment,results/P6/enrichment.csv,a1bedeb03c0808fa,design,192,192,design (backbone clusters not held),12,16,12 of 16,actives kept of 16,0,complete,public,rosetta_n_residues,seq_length,bookkeeping,0,low,0.5,96,12,16,12.0,7.0,18.0,8.0,1.5,X-BOOKKEEP
P6_PLATES_M1,enrichment,results/P6/enrichment.csv,a1bedeb03c0808fa,design,192,192,design (backbone clusters not held),0,16,0 of 16,actives kept of 16,0,complete,public,rosetta_n_residues,seq_length,bookkeeping,0,high,0.05,10,0,16,0.0,0.0,0.0,8.0,0.0,X-BOOKKEEP
P6_PLATES_M1,enrichment,results/P6/enrichment.csv,a1bedeb03c0808fa,design,192,192,design (backbone clusters not held),0,16,0 of 16,actives kept of 16,0,complete,public,rosetta_n_residues,seq_length,bookkeeping,0,high,0.1,19,0,16,0.0,0.0,0.0,8.0,0.0,X-BOOKKEEP
P6_PLATES_M1,enrichment,results/P6/enrichment.csv,a1bedeb03c0808fa,design,192,192,design (backbone clusters not held),0,16,0 of 16,actives kept of 16,0,complete,public,rosetta_n_residues,seq_length,bookkeeping,0,high,0.25,48,0,16,0.0,0.0,4.0,8.0,0.0,X-BOOKKEEP
P6_PLATES_M1,enrichment,results/P6/enrichment.csv,a1bedeb03c0808fa,design,192,192,design (backbone clusters not held),3,16,3 of 16,actives kept of 16,0,complete,public,rosetta_n_residues,seq_length,bookkeeping,0,high,0.5,96,3,16,3.0,0.0,9.0,8.0,0.38,X-BOOKKEEP
P6_PLATES_M1,enrichment,results/P6/enrichment.csv,a1bedeb03c0808fa,design,192,192,design (backbone clusters not held),2,16,2 of 16,actives kept of 16,0,complete,public,rosetta_omega,rosetta_omega,struct_whole,0,low,0.05,10,2,16,19.2,0.0,48.0,8.0,2.4,GLOBAL
P6_PLATES_M1,enrichment,results/P6/enrichment.csv,a1bedeb03c0808fa,design,192,192,design (backbone clusters not held),7,16,7 of 16,actives kept of 16,0,complete,public,rosetta_omega,rosetta_omega,struct_whole,0,low,0.1,19,7,16,35.37,15.16,50.53,8.0,4.42,GLOBAL
P6_PLATES_M1,enrichment,results/P6/enrichment.csv,a1bedeb03c0808fa,design,192,192,design (backbone clusters not held),11,16,11 of 16,actives kept of 16,0,complete,public,rosetta_omega,rosetta_omega,struct_whole,0,low,0.25,48,11,16,22.0,12.0,30.0,8.0,2.75,GLOBAL
P6_PLATES_M1,enrichment,results/P6/enrichment.csv,a1bedeb03c0808fa,design,192,192,design (backbone clusters not held),14,16,14 of 16,actives kept of 16,0,complete,public,rosetta_omega,rosetta_omega,struct_whole,0,low,0.5,96,14,16,14.0,8.0,19.0,8.0,1.75,GLOBAL
P6_PLATES_M1,enrichment,results/P6/enrichment.csv,a1bedeb03c0808fa,design,192,192,design (backbone clusters not held),0,16,0 of 16,actives kept of 16,0,complete,public,rosetta_omega,rosetta_omega,struct_whole,0,high,0.05,10,0,16,0.0,0.0,0.0,8.0,0.0,GLOBAL
P6_PLATES_M1,enrichment,results/P6/enrichment.csv,a1bedeb03c0808fa,design,192,192,design (backbone clusters not held),0,16,0 of 16,actives kept of 16,0,complete,public,rosetta_omega,rosetta_omega,struct_whole,0,high,0.1,19,0,16,0.0,0.0,0.0,8.0,0.0,GLOBAL
P6_PLATES_M1,enrichment,results/P6/enrichment.csv,a1bedeb03c0808fa,design,192,192,design (backbone clusters not held),1,16,1 of 16,actives kept of 16,0,complete,public,rosetta_omega,rosetta_omega,struct_whole,0,high,0.25,48,1,16,2.0,0.0,6.0,8.0,0.25,GLOBAL
P6_PLATES_M1,enrichment,results/P6/enrichment.csv,a1bedeb03c0808fa,design,192,192,design (backbone clusters not held),2,16,2 of 16,actives kept of 16,0,complete,public,rosetta_omega,rosetta_omega,struct_whole,0,high,0.5,96,2,16,2.0,0.0,6.0,8.0,0.25,GLOBAL
P6_PLATES_M1,enrichment,results/P6/enrichment.csv,a1bedeb03c0808fa,design,192,192,design (backbone clusters not held),0,16,0 of 16,actives kept of 16,0,complete,public,rosetta_p_aa_pp,rosetta_p_aa_pp,struct_whole,0,low,0.05,10,0,16,0.0,0.0,0.0,8.0,0.0,GLOBAL
P6_PLATES_M1,enrichment,results/P6/enrichment.csv,a1bedeb03c0808fa,design,192,192,design (backbone clusters not held),0,16,0 of 16,actives kept of 16,0,complete,public,rosetta_p_aa_pp,rosetta_p_aa_pp,struct_whole,0,low,0.1,19,0,16,0.0,0.0,0.0,8.0,0.0,GLOBAL
P6_PLATES_M1,enrichment,results/P6/enrichment.csv,a1bedeb03c0808fa,design,192,192,design (backbone clusters not held),0,16,0 of 16,actives kept of 16,0,complete,public,rosetta_p_aa_pp,rosetta_p_aa_pp,struct_whole,0,low,0.25,48,0,16,0.0,0.0,4.0,8.0,0.0,GLOBAL
P6_PLATES_M1,enrichment,results/P6/enrichment.csv,a1bedeb03c0808fa,design,192,192,design (backbone clusters not held),3,16,3 of 16,actives kept of 16,0,complete,public,rosetta_p_aa_pp,rosetta_p_aa_pp,struct_whole,0,low,0.5,96,3,16,3.0,0.0,6.0,8.0,0.38,GLOBAL
P6_PLATES_M1,enrichment,results/P6/enrichment.csv,a1bedeb03c0808fa,design,192,192,design (backbone clusters not held),2,16,2 of 16,actives kept of 16,0,complete,public,rosetta_p_aa_pp,rosetta_p_aa_pp,struct_whole,0,high,0.05,10,2,16,19.2,0.0,38.4,8.0,2.4,GLOBAL
P6_PLATES_M1,enrichment,results/P6/enrichment.csv,a1bedeb03c0808fa,design,192,192,design (backbone clusters not held),3,16,3 of 16,actives kept of 16,0,complete,public,rosetta_p_aa_pp,rosetta_p_aa_pp,struct_whole,0,high,0.1,19,3,16,15.16,5.05,30.32,8.0,1.89,GLOBAL
P6_PLATES_M1,enrichment,results/P6/enrichment.csv,a1bedeb03c0808fa,design,192,192,design (backbone clusters not held),9,16,9 of 16,actives kept of 16,0,complete,public,rosetta_p_aa_pp,rosetta_p_aa_pp,struct_whole,0,high,0.25,48,9,16,18.0,8.0,28.0,8.0,2.25,GLOBAL
P6_PLATES_M1,enrichment,results/P6/enrichment.csv,a1bedeb03c0808fa,design,192,192,design (backbone clusters not held),13,16,13 of 16,actives kept of 16,0,complete,public,rosetta_p_aa_pp,rosetta_p_aa_pp,struct_whole,0,high,0.5,96,13,16,13.0,8.0,19.0,8.0,1.62,GLOBAL
P6_PLATES_M1,enrichment,results/P6/enrichment.csv,a1bedeb03c0808fa,design,192,192,design (backbone clusters not held),1,16,1 of 16,actives kept of 16,0,complete,public,rosetta_rama_prepro,rosetta_rama_prepro,struct_whole,0,low,0.05,10,1,16,9.6,0.0,28.8,8.0,1.2,GLOBAL
P6_PLATES_M1,enrichment,results/P6/enrichment.csv,a1bedeb03c0808fa,design,192,192,design (backbone clusters not held),1,16,1 of 16,actives kept of 16,0,complete,public,rosetta_rama_prepro,rosetta_rama_prepro,struct_whole,0,low,0.1,19,1,16,5.05,0.0,20.21,8.0,0.63,GLOBAL
P6_PLATES_M1,enrichment,results/P6/enrichment.csv,a1bedeb03c0808fa,design,192,192,design (backbone clusters not held),3,16,3 of 16,actives kept of 16,0,complete,public,rosetta_rama_prepro,rosetta_rama_prepro,struct_whole,0,low,0.25,48,3,16,6.0,2.0,14.0,8.0,0.75,GLOBAL
P6_PLATES_M1,enrichment,results/P6/enrichment.csv,a1bedeb03c0808fa,design,192,192,design (backbone clusters not held),10,16,10 of 16,actives kept of 16,0,complete,public,rosetta_rama_prepro,rosetta_rama_prepro,struct_whole,0,low,0.5,96,10,16,10.0,5.0,15.0,8.0,1.25,GLOBAL
P6_PLATES_M1,enrichment,results/P6/enrichment.csv,a1bedeb03c0808fa,design,192,192,design (backbone clusters not held),1,16,1 of 16,actives kept of 16,0,complete,public,rosetta_rama_prepro,rosetta_rama_prepro,struct_whole,0,high,0.05,10,1,16,9.6,0.0,19.2,8.0,1.2,GLOBAL
P6_PLATES_M1,enrichment,results/P6/enrichment.csv,a1bedeb03c0808fa,design,192,192,design (backbone clusters not held),1,16,1 of 16,actives kept of 16,0,complete,public,rosetta_rama_prepro,rosetta_rama_prepro,struct_whole,0,high,0.1,19,1,16,5.05,0.0,15.16,8.0,0.63,GLOBAL
P6_PLATES_M1,enrichment,results/P6/enrichment.csv,a1bedeb03c0808fa,design,192,192,design (backbone clusters not held),3,16,3 of 16,actives kept of 16,0,complete,public,rosetta_rama_prepro,rosetta_rama_prepro,struct_whole,0,high,0.25,48,3,16,6.0,0.0,14.0,8.0,0.75,GLOBAL
P6_PLATES_M1,enrichment,results/P6/enrichment.csv,a1bedeb03c0808fa,design,192,192,design (backbone clusters not held),6,16,6 of 16,actives kept of 16,0,complete,public,rosetta_rama_prepro,rosetta_rama_prepro,struct_whole,0,high,0.5,96,6,16,6.0,2.0,10.0,8.0,0.75,GLOBAL
P6_PLATES_M1,enrichment,results/P6/enrichment.csv,a1bedeb03c0808fa,design,192,192,design (backbone clusters not held),1,16,1 of 16,actives kept of 16,0,complete,public,rosetta_ref,rosetta_ref,bookkeeping,0,low,0.05,10,1,16,9.6,0.0,38.4,8.0,1.2,X-BOOKKEEP
P6_PLATES_M1,enrichment,results/P6/enrichment.csv,a1bedeb03c0808fa,design,192,192,design (backbone clusters not held),4,16,4 of 16,actives kept of 16,0,complete,public,rosetta_ref,rosetta_ref,bookkeeping,0,low,0.1,19,4,16,20.21,5.05,35.37,8.0,2.53,X-BOOKKEEP
P6_PLATES_M1,enrichment,results/P6/enrichment.csv,a1bedeb03c0808fa,design,192,192,design (backbone clusters not held),8,16,8 of 16,actives kept of 16,0,complete,public,rosetta_ref,rosetta_ref,bookkeeping,0,low,0.25,48,8,16,16.0,8.0,26.0,8.0,2.0,X-BOOKKEEP
P6_PLATES_M1,enrichment,results/P6/enrichment.csv,a1bedeb03c0808fa,design,192,192,design (backbone clusters not held),15,16,15 of 16,actives kept of 16,0,complete,public,rosetta_ref,rosetta_ref,bookkeeping,0,low,0.5,96,15,16,15.0,9.0,21.0,8.0,1.88,X-BOOKKEEP
P6_PLATES_M1,enrichment,results/P6/enrichment.csv,a1bedeb03c0808fa,design,192,192,design (backbone clusters not held),0,16,0 of 16,actives kept of 16,0,complete,public,rosetta_ref,rosetta_ref,bookkeeping,0,high,0.05,10,0,16,0.0,0.0,0.0,8.0,0.0,X-BOOKKEEP
P6_PLATES_M1,enrichment,results/P6/enrichment.csv,a1bedeb03c0808fa,design,192,192,design (backbone clusters not held),0,16,0 of 16,actives kept of 16,0,complete,public,rosetta_ref,rosetta_ref,bookkeeping,0,high,0.1,19,0,16,0.0,0.0,0.0,8.0,0.0,X-BOOKKEEP
P6_PLATES_M1,enrichment,results/P6/enrichment.csv,a1bedeb03c0808fa,design,192,192,design (backbone clusters not held),0,16,0 of 16,actives kept of 16,0,complete,public,rosetta_ref,rosetta_ref,bookkeeping,0,high,0.25,48,0,16,0.0,0.0,0.0,8.0,0.0,X-BOOKKEEP
P6_PLATES_M1,enrichment,results/P6/enrichment.csv,a1bedeb03c0808fa,design,192,192,design (backbone clusters not held),1,16,1 of 16,actives kept of 16,0,complete,public,rosetta_ref,rosetta_ref,bookkeeping,0,high,0.5,96,1,16,1.0,0.0,3.0,8.0,0.12,X-BOOKKEEP
P6_PLATES_M1,enrichment,results/P6/enrichment.csv,a1bedeb03c0808fa,design,192,192,design (backbone clusters not held),1,16,1 of 16,actives kept of 16,0,complete,public,rosetta_score_per_residue,rosetta_score_per_residue,struct_whole,0,low,0.05,10,1,16,9.6,0.0,28.8,8.0,1.2,GLOBAL
P6_PLATES_M1,enrichment,results/P6/enrichment.csv,a1bedeb03c0808fa,design,192,192,design (backbone clusters not held),1,16,1 of 16,actives kept of 16,0,complete,public,rosetta_score_per_residue,rosetta_score_per_residue,struct_whole,0,low,0.1,19,1,16,5.05,0.0,15.16,8.0,0.63,GLOBAL
P6_PLATES_M1,enrichment,results/P6/enrichment.csv,a1bedeb03c0808fa,design,192,192,design (backbone clusters not held),3,16,3 of 16,actives kept of 16,0,complete,public,rosetta_score_per_residue,rosetta_score_per_residue,struct_whole,0,low,0.25,48,3,16,6.0,2.0,12.0,8.0,0.75,GLOBAL
P6_PLATES_M1,enrichment,results/P6/enrichment.csv,a1bedeb03c0808fa,design,192,192,design (backbone clusters not held),6,16,6 of 16,actives kept of 16,0,complete,public,rosetta_score_per_residue,rosetta_score_per_residue,struct_whole,0,low,0.5,96,6,16,6.0,2.95,11.0,8.0,0.75,GLOBAL
P6_PLATES_M1,enrichment,results/P6/enrichment.csv,a1bedeb03c0808fa,design,192,192,design (backbone clusters not held),0,16,0 of 16,actives kept of 16,0,complete,public,rosetta_score_per_residue,rosetta_score_per_residue,struct_whole,0,high,0.05,10,0,16,0.0,0.0,0.0,8.0,0.0,GLOBAL
P6_PLATES_M1,enrichment,results/P6/enrichment.csv,a1bedeb03c0808fa,design,192,192,design (backbone clusters not held),0,16,0 of 16,actives kept of 16,0,complete,public,rosetta_score_per_residue,rosetta_score_per_residue,struct_whole,0,high,0.1,19,0,16,0.0,0.0,0.0,8.0,0.0,GLOBAL
P6_PLATES_M1,enrichment,results/P6/enrichment.csv,a1bedeb03c0808fa,design,192,192,design (backbone clusters not held),5,16,5 of 16,actives kept of 16,0,complete,public,rosetta_score_per_residue,rosetta_score_per_residue,struct_whole,0,high,0.25,48,5,16,10.0,2.0,16.0,8.0,1.25,GLOBAL
P6_PLATES_M1,enrichment,results/P6/enrichment.csv,a1bedeb03c0808fa,design,192,192,design (backbone clusters not held),10,16,10 of 16,actives kept of 16,0,complete,public,rosetta_score_per_residue,rosetta_score_per_residue,struct_whole,0,high,0.5,96,10,16,10.0,5.0,15.0,8.0,1.25,GLOBAL
P6_PLATES_M1,enrichment,results/P6/enrichment.csv,a1bedeb03c0808fa,design,192,192,design (backbone clusters not held),1,16,1 of 16,actives kept of 16,0,complete,public,rosetta_seed,rosetta_seed,bookkeeping,0,low,0.05,10,1,16,9.6,0.0,19.2,8.0,1.2,X-BOOKKEEP
P6_PLATES_M1,enrichment,results/P6/enrichment.csv,a1bedeb03c0808fa,design,192,192,design (backbone clusters not held),1,16,1 of 16,actives kept of 16,0,complete,public,rosetta_seed,rosetta_seed,bookkeeping,0,low,0.1,19,1,16,5.05,0.0,20.21,8.0,0.63,X-BOOKKEEP
P6_PLATES_M1,enrichment,results/P6/enrichment.csv,a1bedeb03c0808fa,design,192,192,design (backbone clusters not held),3,16,3 of 16,actives kept of 16,0,complete,public,rosetta_seed,rosetta_seed,bookkeeping,0,low,0.25,48,3,16,6.0,2.0,14.0,8.0,0.75,X-BOOKKEEP
P6_PLATES_M1,enrichment,results/P6/enrichment.csv,a1bedeb03c0808fa,design,192,192,design (backbone clusters not held),5,16,5 of 16,actives kept of 16,0,complete,public,rosetta_seed,rosetta_seed,bookkeeping,0,low,0.5,96,5,16,5.0,4.0,13.0,8.0,0.63,X-BOOKKEEP
P6_PLATES_M1,enrichment,results/P6/enrichment.csv,a1bedeb03c0808fa,design,192,192,design (backbone clusters not held),1,16,1 of 16,actives kept of 16,0,complete,public,rosetta_seed,rosetta_seed,bookkeeping,0,high,0.05,10,1,16,9.6,0.0,19.2,8.0,1.2,X-BOOKKEEP
P6_PLATES_M1,enrichment,results/P6/enrichment.csv,a1bedeb03c0808fa,design,192,192,design (backbone clusters not held),1,16,1 of 16,actives kept of 16,0,complete,public,rosetta_seed,rosetta_seed,bookkeeping,0,high,0.1,19,1,16,5.05,0.0,20.21,8.0,0.63,X-BOOKKEEP
P6_PLATES_M1,enrichment,results/P6/enrichment.csv,a1bedeb03c0808fa,design,192,192,design (backbone clusters not held),3,16,3 of 16,actives kept of 16,0,complete,public,rosetta_seed,rosetta_seed,bookkeeping,0,high,0.25,48,3,16,6.0,2.0,14.0,8.0,0.75,X-BOOKKEEP
P6_PLATES_M1,enrichment,results/P6/enrichment.csv,a1bedeb03c0808fa,design,192,192,design (backbone clusters not held),5,16,5 of 16,actives kept of 16,0,complete,public,rosetta_seed,rosetta_seed,bookkeeping,0,high,0.5,96,5,16,5.0,4.0,13.0,8.0,0.63,X-BOOKKEEP
P6_PLATES_M1,enrichment,results/P6/enrichment.csv,a1bedeb03c0808fa,design,192,192,design (backbone clusters not held),1,16,1 of 16,actives kept of 16,0,complete,public,rosetta_status_ok,rosetta_status_ok,bookkeeping,0,low,0.05,10,1,16,9.6,0.0,19.2,8.0,1.2,X-BOOKKEEP
P6_PLATES_M1,enrichment,results/P6/enrichment.csv,a1bedeb03c0808fa,design,192,192,design (backbone clusters not held),1,16,1 of 16,actives kept of 16,0,complete,public,rosetta_status_ok,rosetta_status_ok,bookkeeping,0,low,0.1,19,1,16,5.05,0.0,20.21,8.0,0.63,X-BOOKKEEP
P6_PLATES_M1,enrichment,results/P6/enrichment.csv,a1bedeb03c0808fa,design,192,192,design (backbone clusters not held),3,16,3 of 16,actives kept of 16,0,complete,public,rosetta_status_ok,rosetta_status_ok,bookkeeping,0,low,0.25,48,3,16,6.0,2.0,14.0,8.0,0.75,X-BOOKKEEP
P6_PLATES_M1,enrichment,results/P6/enrichment.csv,a1bedeb03c0808fa,design,192,192,design (backbone clusters not held),5,16,5 of 16,actives kept of 16,0,complete,public,rosetta_status_ok,rosetta_status_ok,bookkeeping,0,low,0.5,96,5,16,5.0,4.0,13.0,8.0,0.63,X-BOOKKEEP
P6_PLATES_M1,enrichment,results/P6/enrichment.csv,a1bedeb03c0808fa,design,192,192,design (backbone clusters not held),1,16,1 of 16,actives kept of 16,0,complete,public,rosetta_status_ok,rosetta_status_ok,bookkeeping,0,high,0.05,10,1,16,9.6,0.0,19.2,8.0,1.2,X-BOOKKEEP
P6_PLATES_M1,enrichment,results/P6/enrichment.csv,a1bedeb03c0808fa,design,192,192,design (backbone clusters not held),1,16,1 of 16,actives kept of 16,0,complete,public,rosetta_status_ok,rosetta_status_ok,bookkeeping,0,high,0.1,19,1,16,5.05,0.0,20.21,8.0,0.63,X-BOOKKEEP
P6_PLATES_M1,enrichment,results/P6/enrichment.csv,a1bedeb03c0808fa,design,192,192,design (backbone clusters not held),3,16,3 of 16,actives kept of 16,0,complete,public,rosetta_status_ok,rosetta_status_ok,bookkeeping,0,high,0.25,48,3,16,6.0,2.0,14.0,8.0,0.75,X-BOOKKEEP
P6_PLATES_M1,enrichment,results/P6/enrichment.csv,a1bedeb03c0808fa,design,192,192,design (backbone clusters not held),5,16,5 of 16,actives kept of 16,0,complete,public,rosetta_status_ok,rosetta_status_ok,bookkeeping,0,high,0.5,96,5,16,5.0,4.0,13.0,8.0,0.63,X-BOOKKEEP
P6_PLATES_M1,enrichment,results/P6/enrichment.csv,a1bedeb03c0808fa,design,192,192,design (backbone clusters not held),0,16,0 of 16,actives kept of 16,0,complete,public,rosetta_total_score,rosetta_total_score,struct_whole,0,low,0.05,10,0,16,0.0,0.0,0.0,8.0,0.0,GLOBAL
P6_PLATES_M1,enrichment,results/P6/enrichment.csv,a1bedeb03c0808fa,design,192,192,design (backbone clusters not held),0,16,0 of 16,actives kept of 16,0,complete,public,rosetta_total_score,rosetta_total_score,struct_whole,0,low,0.1,19,0,16,0.0,0.0,5.05,8.0,0.0,GLOBAL
P6_PLATES_M1,enrichment,results/P6/enrichment.csv,a1bedeb03c0808fa,design,192,192,design (backbone clusters not held),1,16,1 of 16,actives kept of 16,0,complete,public,rosetta_total_score,rosetta_total_score,struct_whole,0,low,0.25,48,1,16,2.0,0.0,6.0,8.0,0.25,GLOBAL
P6_PLATES_M1,enrichment,results/P6/enrichment.csv,a1bedeb03c0808fa,design,192,192,design (backbone clusters not held),4,16,4 of 16,actives kept of 16,0,complete,public,rosetta_total_score,rosetta_total_score,struct_whole,0,low,0.5,96,4,16,4.0,1.0,9.0,8.0,0.5,GLOBAL
P6_PLATES_M1,enrichment,results/P6/enrichment.csv,a1bedeb03c0808fa,design,192,192,design (backbone clusters not held),0,16,0 of 16,actives kept of 16,0,complete,public,rosetta_total_score,rosetta_total_score,struct_whole,0,high,0.05,10,0,16,0.0,0.0,9.6,8.0,0.0,GLOBAL
P6_PLATES_M1,enrichment,results/P6/enrichment.csv,a1bedeb03c0808fa,design,192,192,design (backbone clusters not held),4,16,4 of 16,actives kept of 16,0,complete,public,rosetta_total_score,rosetta_total_score,struct_whole,0,high,0.1,19,4,16,20.21,0.0,35.37,8.0,2.53,GLOBAL
P6_PLATES_M1,enrichment,results/P6/enrichment.csv,a1bedeb03c0808fa,design,192,192,design (backbone clusters not held),5,16,5 of 16,actives kept of 16,0,complete,public,rosetta_total_score,rosetta_total_score,struct_whole,0,high,0.25,48,5,16,10.0,4.0,18.0,8.0,1.25,GLOBAL
P6_PLATES_M1,enrichment,results/P6/enrichment.csv,a1bedeb03c0808fa,design,192,192,design (backbone clusters not held),12,16,12 of 16,actives kept of 16,0,complete,public,rosetta_total_score,rosetta_total_score,struct_whole,0,high,0.5,96,12,16,12.0,7.0,17.0,8.0,1.5,GLOBAL
P6_PLATES_M1,enrichment,results/P6/enrichment.csv,a1bedeb03c0808fa,design,192,192,design (backbone clusters not held),2,16,2 of 16,actives kept of 16,0,complete,public,seq_length,seq_length,seq_only,0,low,0.05,10,2,16,19.2,0.0,48.0,8.0,2.4,REF
P6_PLATES_M1,enrichment,results/P6/enrichment.csv,a1bedeb03c0808fa,design,192,192,design (backbone clusters not held),5,16,5 of 16,actives kept of 16,0,complete,public,seq_length,seq_length,seq_only,0,low,0.1,19,5,16,25.26,10.11,40.42,8.0,3.16,REF
P6_PLATES_M1,enrichment,results/P6/enrichment.csv,a1bedeb03c0808fa,design,192,192,design (backbone clusters not held),6,16,6 of 16,actives kept of 16,0,complete,public,seq_length,seq_length,seq_only,0,low,0.25,48,6,16,12.0,6.0,20.0,8.0,1.5,REF
P6_PLATES_M1,enrichment,results/P6/enrichment.csv,a1bedeb03c0808fa,design,192,192,design (backbone clusters not held),12,16,12 of 16,actives kept of 16,0,complete,public,seq_length,seq_length,seq_only,0,low,0.5,96,12,16,12.0,7.0,18.0,8.0,1.5,REF
P6_PLATES_M1,enrichment,results/P6/enrichment.csv,a1bedeb03c0808fa,design,192,192,design (backbone clusters not held),0,16,0 of 16,actives kept of 16,0,complete,public,seq_length,seq_length,seq_only,0,high,0.05,10,0,16,0.0,0.0,0.0,8.0,0.0,REF
P6_PLATES_M1,enrichment,results/P6/enrichment.csv,a1bedeb03c0808fa,design,192,192,design (backbone clusters not held),0,16,0 of 16,actives kept of 16,0,complete,public,seq_length,seq_length,seq_only,0,high,0.1,19,0,16,0.0,0.0,0.0,8.0,0.0,REF
P6_PLATES_M1,enrichment,results/P6/enrichment.csv,a1bedeb03c0808fa,design,192,192,design (backbone clusters not held),0,16,0 of 16,actives kept of 16,0,complete,public,seq_length,seq_length,seq_only,0,high,0.25,48,0,16,0.0,0.0,4.0,8.0,0.0,REF
P6_PLATES_M1,enrichment,results/P6/enrichment.csv,a1bedeb03c0808fa,design,192,192,design (backbone clusters not held),3,16,3 of 16,actives kept of 16,0,complete,public,seq_length,seq_length,seq_only,0,high,0.5,96,3,16,3.0,1.0,9.0,8.0,0.38,REF
P6_PLATES_M1,enrichment,results/P6/enrichment.csv,a1bedeb03c0808fa,design,192,192,design (backbone clusters not held),2,16,2 of 16,actives kept of 16,0,complete,public,total_sasa,total_sasa,struct_whole,0,low,0.05,10,2,16,19.2,0.0,48.0,8.0,2.4,GLOBAL
P6_PLATES_M1,enrichment,results/P6/enrichment.csv,a1bedeb03c0808fa,design,192,192,design (backbone clusters not held),4,16,4 of 16,actives kept of 16,0,complete,public,total_sasa,total_sasa,struct_whole,0,low,0.1,19,4,16,20.21,10.11,40.42,8.0,2.53,GLOBAL
P6_PLATES_M1,enrichment,results/P6/enrichment.csv,a1bedeb03c0808fa,design,192,192,design (backbone clusters not held),6,16,6 of 16,actives kept of 16,0,complete,public,total_sasa,total_sasa,struct_whole,0,low,0.25,48,6,16,12.0,4.0,20.0,8.0,1.5,GLOBAL
P6_PLATES_M1,enrichment,results/P6/enrichment.csv,a1bedeb03c0808fa,design,192,192,design (backbone clusters not held),8,16,8 of 16,actives kept of 16,0,complete,public,total_sasa,total_sasa,struct_whole,0,low,0.5,96,8,16,8.0,4.0,13.0,8.0,1.0,GLOBAL
P6_PLATES_M1,enrichment,results/P6/enrichment.csv,a1bedeb03c0808fa,design,192,192,design (backbone clusters not held),0,16,0 of 16,actives kept of 16,0,complete,public,total_sasa,total_sasa,struct_whole,0,high,0.05,10,0,16,0.0,0.0,0.0,8.0,0.0,GLOBAL
P6_PLATES_M1,enrichment,results/P6/enrichment.csv,a1bedeb03c0808fa,design,192,192,design (backbone clusters not held),0,16,0 of 16,actives kept of 16,0,complete,public,total_sasa,total_sasa,struct_whole,0,high,0.1,19,0,16,0.0,0.0,0.0,8.0,0.0,GLOBAL
P6_PLATES_M1,enrichment,results/P6/enrichment.csv,a1bedeb03c0808fa,design,192,192,design (backbone clusters not held),1,16,1 of 16,actives kept of 16,0,complete,public,total_sasa,total_sasa,struct_whole,0,high,0.25,48,1,16,2.0,0.0,6.0,8.0,0.25,GLOBAL
P6_PLATES_M1,enrichment,results/P6/enrichment.csv,a1bedeb03c0808fa,design,192,192,design (backbone clusters not held),8,16,8 of 16,actives kept of 16,0,complete,public,total_sasa,total_sasa,struct_whole,0,high,0.5,96,8,16,8.0,4.0,12.0,8.0,1.0,GLOBAL
