test_id,source,variant,metric_name,role,stratum_family,stratum,condition,k_cells,N_cells,k_systems,N_systems,direction_declared,source_artifact,win_frac,win_abs,win_lo95,win_hi95,auroc_abs,auroc_abs_lo95,auroc_abs_hi95,survives,spearman_dn_vs_change,spearman_lo95,spearman_hi95,k_clusters,N_clusters,win_lo95_cluster,win_hi95_cluster
P5_S_NAT,natural,primary,chai_iptm_mean,headline,all,all,same_ec,57,177,57,59,cognate_higher,results/P5/scores_m3.csv;results/P5/t1_inputs.json;results/P5/t1_denovo_inputs.json,0.7544,0.7544,0.6316,0.8596,0.7002,0.61,0.7901,1,,,,,,,
P5_S_NAT,natural,primary,chai_aggregate_score_mean,headline,all,all,same_ec,57,177,57,59,cognate_higher,results/P5/scores_m3.csv;results/P5/t1_inputs.json;results/P5/t1_denovo_inputs.json,0.7544,0.7544,0.6316,0.8596,0.7002,0.61,0.7901,1,,,,,,,
P5_S_NAT,natural,primary,chai_per_chain_ptm_min_mean,headline,all,all,same_ec,57,177,57,59,cognate_higher,results/P5/scores_m3.csv;results/P5/t1_inputs.json;results/P5/t1_denovo_inputs.json,0.5789,0.5789,0.4561,0.7018,0.5786,0.5051,0.6679,0,,,,,,,
P5_S_NAT,natural,primary,ame_crystal_clash_max,headline,all,all,same_ec,57,177,57,59,none,results/P5/scores_m3.csv;results/P5/t1_inputs.json;results/P5/t1_denovo_inputs.json,0.4737,0.5263,0.3509,0.5965,0.6156,0.5322,0.699,0,,,,,,,
P5_S_NAT,natural,primary,ame_crystal_rmsd_min,comparator,all,all,same_ec,57,177,57,59,none,results/P5/scores_m3.csv;results/P5/t1_inputs.json;results/P5/t1_denovo_inputs.json,0.4561,0.5439,0.3333,0.5789,0.5232,0.5014,0.5605,0,,,,,,,
P5_S_NAT,natural,primary,ame_crystal_pass,comparator,all,all,same_ec,57,177,57,59,none,results/P5/scores_m3.csv;results/P5/t1_inputs.json;results/P5/t1_denovo_inputs.json,0.4912,0.5088,0.4737,0.5,0.5002,0.5,0.5014,0,,,,,,,
P5_S_NAT,natural,primary,chai_ptm_mean,comparator,all,all,same_ec,57,177,57,59,cognate_higher,results/P5/scores_m3.csv;results/P5/t1_inputs.json;results/P5/t1_denovo_inputs.json,0.7368,0.7368,0.614,0.8421,0.6125,0.5654,0.6716,1,,,,,,,
P5_S_NAT,natural,primary,chai_plddt_mean,comparator,all,all,same_ec,57,177,57,59,cognate_higher,results/P5/scores_m3.csv;results/P5/t1_inputs.json;results/P5/t1_denovo_inputs.json,0.6667,0.6667,0.5439,0.7895,0.5214,0.5032,0.5472,1,,,,,,,
P5_S_NAT,natural,primary,ligand_heavy_atoms,baseline,all,all,same_ec,57,177,57,59,none,results/P5/scores_m3.csv;results/P5/t1_inputs.json;results/P5/t1_denovo_inputs.json,0.4649,0.5351,0.3333,0.5965,0.5038,0.5018,0.6254,0,,,,,,,
P5_S_NAT,natural,primary,ligand_formal_charge,baseline,all,all,same_ec,57,177,57,59,none,results/P5/scores_m3.csv;results/P5/t1_inputs.json;results/P5/t1_denovo_inputs.json,0.5,0.5,0.4298,0.5789,0.5071,0.5012,0.5845,0,,,,,,,
P5_S_NAT,natural,primary,chai_iptm_mean,headline,all,all,diff_ec,58,177,58,59,cognate_higher,results/P5/scores_m3.csv;results/P5/t1_inputs.json;results/P5/t1_denovo_inputs.json,0.7759,0.7759,0.6724,0.8793,0.7533,0.67,0.8338,1,,,,,,,
P5_S_NAT,natural,primary,chai_aggregate_score_mean,headline,all,all,diff_ec,58,177,58,59,cognate_higher,results/P5/scores_m3.csv;results/P5/t1_inputs.json;results/P5/t1_denovo_inputs.json,0.7759,0.7759,0.6724,0.8793,0.753,0.6703,0.8335,1,,,,,,,
P5_S_NAT,natural,primary,chai_per_chain_ptm_min_mean,headline,all,all,diff_ec,58,177,58,59,cognate_higher,results/P5/scores_m3.csv;results/P5/t1_inputs.json;results/P5/t1_denovo_inputs.json,0.569,0.569,0.4483,0.6897,0.6061,0.5092,0.7122,0,,,,,,,
P5_S_NAT,natural,primary,ame_crystal_clash_max,headline,all,all,diff_ec,58,177,58,59,none,results/P5/scores_m3.csv;results/P5/t1_inputs.json;results/P5/t1_denovo_inputs.json,0.3103,0.6897,0.1897,0.431,0.6564,0.5806,0.7357,1,,,,,,,
P5_S_NAT,natural,primary,ame_crystal_rmsd_min,comparator,all,all,diff_ec,58,177,58,59,none,results/P5/scores_m3.csv;results/P5/t1_inputs.json;results/P5/t1_denovo_inputs.json,0.4828,0.5172,0.3621,0.6034,0.5333,0.505,0.5696,0,,,,,,,
P5_S_NAT,natural,primary,ame_crystal_pass,comparator,all,all,diff_ec,58,177,58,59,none,results/P5/scores_m3.csv;results/P5/t1_inputs.json;results/P5/t1_denovo_inputs.json,0.4914,0.5086,0.4569,0.5172,0.5001,0.5,0.5259,0,,,,,,,
P5_S_NAT,natural,primary,chai_ptm_mean,comparator,all,all,diff_ec,58,177,58,59,cognate_higher,results/P5/scores_m3.csv;results/P5/t1_inputs.json;results/P5/t1_denovo_inputs.json,0.8621,0.8621,0.7759,0.9483,0.6332,0.5889,0.6941,1,,,,,,,
P5_S_NAT,natural,primary,chai_plddt_mean,comparator,all,all,diff_ec,58,177,58,59,cognate_higher,results/P5/scores_m3.csv;results/P5/t1_inputs.json;results/P5/t1_denovo_inputs.json,0.7759,0.7759,0.6724,0.8793,0.5297,0.5143,0.5553,1,,,,,,,
P5_S_NAT,natural,primary,ligand_heavy_atoms,baseline,all,all,diff_ec,58,177,58,59,none,results/P5/scores_m3.csv;results/P5/t1_inputs.json;results/P5/t1_denovo_inputs.json,0.5776,0.5776,0.4569,0.6983,0.5498,0.5024,0.6518,0,,,,,,,
P5_S_NAT,natural,primary,ligand_formal_charge,baseline,all,all,diff_ec,58,177,58,59,none,results/P5/scores_m3.csv;results/P5/t1_inputs.json;results/P5/t1_denovo_inputs.json,0.5259,0.5259,0.4483,0.6034,0.5169,0.501,0.5907,0,,,,,,,
P5_S_NAT,natural,primary,chai_iptm_mean,headline,all,all,decoy,56,177,56,59,cognate_higher,results/P5/scores_m3.csv;results/P5/t1_inputs.json;results/P5/t1_denovo_inputs.json,0.7143,0.7143,0.5893,0.8393,0.6607,0.5577,0.7612,1,,,,,,,
P5_S_NAT,natural,primary,chai_aggregate_score_mean,headline,all,all,decoy,56,177,56,59,cognate_higher,results/P5/scores_m3.csv;results/P5/t1_inputs.json;results/P5/t1_denovo_inputs.json,0.7143,0.7143,0.5893,0.8393,0.662,0.559,0.7618,1,,,,,,,
P5_S_NAT,natural,primary,chai_per_chain_ptm_min_mean,headline,all,all,decoy,56,177,56,59,cognate_higher,results/P5/scores_m3.csv;results/P5/t1_inputs.json;results/P5/t1_denovo_inputs.json,0.4821,0.5179,0.3571,0.6071,0.5086,0.5016,0.6164,0,,,,,,,
P5_S_NAT,natural,primary,ame_crystal_clash_max,headline,all,all,decoy,56,177,56,59,none,results/P5/scores_m3.csv;results/P5/t1_inputs.json;results/P5/t1_denovo_inputs.json,0.4286,0.5714,0.3036,0.5536,0.6272,0.5386,0.714,0,,,,,,,
P5_S_NAT,natural,primary,ame_crystal_rmsd_min,comparator,all,all,decoy,56,177,56,59,none,results/P5/scores_m3.csv;results/P5/t1_inputs.json;results/P5/t1_denovo_inputs.json,0.4286,0.5714,0.3036,0.5536,0.522,0.5013,0.5628,0,,,,,,,
P5_S_NAT,natural,primary,ame_crystal_pass,comparator,all,all,decoy,56,177,56,59,none,results/P5/scores_m3.csv;results/P5/t1_inputs.json;results/P5/t1_denovo_inputs.json,0.5,0.5,0.4732,0.5268,0.5008,0.5,0.5268,0,,,,,,,
P5_S_NAT,natural,primary,chai_ptm_mean,comparator,all,all,decoy,56,177,56,59,cognate_higher,results/P5/scores_m3.csv;results/P5/t1_inputs.json;results/P5/t1_denovo_inputs.json,0.7679,0.7679,0.6607,0.875,0.6441,0.588,0.7101,1,,,,,,,
P5_S_NAT,natural,primary,chai_plddt_mean,comparator,all,all,decoy,56,177,56,59,cognate_higher,results/P5/scores_m3.csv;results/P5/t1_inputs.json;results/P5/t1_denovo_inputs.json,0.6607,0.6607,0.5357,0.7857,0.5166,0.5013,0.5453,1,,,,,,,
P5_S_NAT,natural,primary,ligand_heavy_atoms,baseline,all,all,decoy,56,177,56,59,none,results/P5/scores_m3.csv;results/P5/t1_inputs.json;results/P5/t1_denovo_inputs.json,0.3661,0.6339,0.25,0.4911,0.5799,0.5051,0.6897,1,,,,,,,
P5_S_NAT,natural,primary,ligand_formal_charge,baseline,all,all,decoy,56,177,56,59,none,results/P5/scores_m3.csv;results/P5/t1_inputs.json;results/P5/t1_denovo_inputs.json,0.4732,0.5268,0.4018,0.5446,0.5265,0.501,0.5966,0,,,,,,,
P5_S_NAT,natural,primary,chai_iptm_mean,headline,all,all,pooled_3,171,177,58,59,cognate_higher,results/P5/scores_m3.csv;results/P5/t1_inputs.json;results/P5/t1_denovo_inputs.json,0.7485,0.7485,0.6512,0.8421,,,,1,,,,,,,
P5_S_NAT,natural,primary,chai_aggregate_score_mean,headline,all,all,pooled_3,171,177,58,59,cognate_higher,results/P5/scores_m3.csv;results/P5/t1_inputs.json;results/P5/t1_denovo_inputs.json,0.7485,0.7485,0.6512,0.8421,,,,1,,,,,,,
P5_S_NAT,natural,primary,chai_per_chain_ptm_min_mean,headline,all,all,pooled_3,171,177,58,59,cognate_higher,results/P5/scores_m3.csv;results/P5/t1_inputs.json;results/P5/t1_denovo_inputs.json,0.5439,0.5439,0.4471,0.6359,,,,0,,,,,,,
P5_S_NAT,natural,primary,ame_crystal_clash_max,headline,all,all,pooled_3,171,177,58,59,none,results/P5/scores_m3.csv;results/P5/t1_inputs.json;results/P5/t1_denovo_inputs.json,0.4035,0.5965,0.2982,0.5087,,,,0,,,,,,,
P5_S_NAT,natural,primary,ame_crystal_rmsd_min,comparator,all,all,pooled_3,171,177,58,59,none,results/P5/scores_m3.csv;results/P5/t1_inputs.json;results/P5/t1_denovo_inputs.json,0.4561,0.5439,0.3526,0.5607,,,,0,,,,,,,
P5_S_NAT,natural,primary,ame_crystal_pass,comparator,all,all,pooled_3,171,177,58,59,none,results/P5/scores_m3.csv;results/P5/t1_inputs.json;results/P5/t1_denovo_inputs.json,0.4942,0.5058,0.4708,0.5145,,,,0,,,,,,,
P5_S_NAT,natural,primary,chai_ptm_mean,comparator,all,all,pooled_3,171,177,58,59,cognate_higher,results/P5/scores_m3.csv;results/P5/t1_inputs.json;results/P5/t1_denovo_inputs.json,0.7895,0.7895,0.711,0.8675,,,,1,,,,,,,
P5_S_NAT,natural,primary,chai_plddt_mean,comparator,all,all,pooled_3,171,177,58,59,cognate_higher,results/P5/scores_m3.csv;results/P5/t1_inputs.json;results/P5/t1_denovo_inputs.json,0.7018,0.7018,0.6069,0.7953,,,,1,,,,,,,
P5_S_NAT,natural,primary,ligand_heavy_atoms,baseline,all,all,pooled_3,171,177,58,59,none,results/P5/scores_m3.csv;results/P5/t1_inputs.json;results/P5/t1_denovo_inputs.json,0.4708,0.5292,0.3713,0.5694,,,,0,,,,,,,
P5_S_NAT,natural,primary,ligand_formal_charge,baseline,all,all,pooled_3,171,177,58,59,none,results/P5/scores_m3.csv;results/P5/t1_inputs.json;results/P5/t1_denovo_inputs.json,0.5,0.5,0.4364,0.5588,,,,0,,,,,,,
P5_S_NAT,natural,primary,chai_iptm_mean,headline,size,smaller,same_ec,18,177,18,59,cognate_higher,results/P5/scores_m3.csv;results/P5/t1_inputs.json;results/P5/t1_denovo_inputs.json,1.0,1.0,1.0,1.0,0.9907,0.963,1.0,1,,,,,,,
P5_S_NAT,natural,primary,chai_aggregate_score_mean,headline,size,smaller,same_ec,18,177,18,59,cognate_higher,results/P5/scores_m3.csv;results/P5/t1_inputs.json;results/P5/t1_denovo_inputs.json,1.0,1.0,1.0,1.0,0.9907,0.963,1.0,1,,,,,,,
P5_S_NAT,natural,primary,chai_per_chain_ptm_min_mean,headline,size,smaller,same_ec,18,177,18,59,cognate_higher,results/P5/scores_m3.csv;results/P5/t1_inputs.json;results/P5/t1_denovo_inputs.json,0.8333,0.8333,0.6667,1.0,0.7994,0.6019,0.9753,1,,,,,,,
P5_S_NAT,natural,primary,ame_crystal_clash_max,headline,size,smaller,same_ec,18,177,18,59,none,results/P5/scores_m3.csv;results/P5/t1_inputs.json;results/P5/t1_denovo_inputs.json,0.1111,0.8889,0.0,0.2778,0.8302,0.6975,0.9506,1,,,,,,,
P5_S_NAT,natural,primary,ame_crystal_rmsd_min,comparator,size,smaller,same_ec,18,177,18,59,none,results/P5/scores_m3.csv;results/P5/t1_inputs.json;results/P5/t1_denovo_inputs.json,0.3889,0.6111,0.1667,0.6111,0.5432,0.5031,0.642,0,,,,,,,
P5_S_NAT,natural,primary,ame_crystal_pass,comparator,size,smaller,same_ec,18,177,18,59,none,results/P5/scores_m3.csv;results/P5/t1_inputs.json;results/P5/t1_denovo_inputs.json,0.5,0.5,0.5,0.5,0.5,0.5,0.5,0,,,,,,,
P5_S_NAT,natural,primary,chai_ptm_mean,comparator,size,smaller,same_ec,18,177,18,59,cognate_higher,results/P5/scores_m3.csv;results/P5/t1_inputs.json;results/P5/t1_denovo_inputs.json,1.0,1.0,1.0,1.0,0.6327,0.6049,0.7253,1,,,,,,,
P5_S_NAT,natural,primary,chai_plddt_mean,comparator,size,smaller,same_ec,18,177,18,59,cognate_higher,results/P5/scores_m3.csv;results/P5/t1_inputs.json;results/P5/t1_denovo_inputs.json,0.8333,0.8333,0.6667,1.0,0.5309,0.5062,0.5988,1,,,,,,,
P5_S_NAT,natural,primary,ligand_heavy_atoms,baseline,size,smaller,same_ec,18,177,18,59,none,results/P5/scores_m3.csv;results/P5/t1_inputs.json;results/P5/t1_denovo_inputs.json,1.0,1.0,1.0,1.0,0.9352,0.8611,0.9954,1,,,,,,,
P5_S_NAT,natural,primary,ligand_formal_charge,baseline,size,smaller,same_ec,18,177,18,59,none,results/P5/scores_m3.csv;results/P5/t1_inputs.json;results/P5/t1_denovo_inputs.json,0.6389,0.6389,0.5556,0.75,0.6327,0.554,0.7284,1,,,,,,,
P5_S_NAT,natural,primary,chai_iptm_mean,headline,size,smaller,diff_ec,26,177,26,59,cognate_higher,results/P5/scores_m3.csv;results/P5/t1_inputs.json;results/P5/t1_denovo_inputs.json,1.0,1.0,1.0,1.0,0.9379,0.8802,0.9867,1,,,,,,,
P5_S_NAT,natural,primary,chai_aggregate_score_mean,headline,size,smaller,diff_ec,26,177,26,59,cognate_higher,results/P5/scores_m3.csv;results/P5/t1_inputs.json;results/P5/t1_denovo_inputs.json,1.0,1.0,1.0,1.0,0.9379,0.8802,0.9867,1,,,,,,,
P5_S_NAT,natural,primary,chai_per_chain_ptm_min_mean,headline,size,smaller,diff_ec,26,177,26,59,cognate_higher,results/P5/scores_m3.csv;results/P5/t1_inputs.json;results/P5/t1_denovo_inputs.json,0.7308,0.7308,0.5385,0.8846,0.747,0.5784,0.8935,1,,,,,,,
P5_S_NAT,natural,primary,ame_crystal_clash_max,headline,size,smaller,diff_ec,26,177,26,59,none,results/P5/scores_m3.csv;results/P5/t1_inputs.json;results/P5/t1_denovo_inputs.json,0.0769,0.9231,0.0,0.1923,0.8831,0.7796,0.9645,1,,,,,,,
P5_S_NAT,natural,primary,ame_crystal_rmsd_min,comparator,size,smaller,diff_ec,26,177,26,59,none,results/P5/scores_m3.csv;results/P5/t1_inputs.json;results/P5/t1_denovo_inputs.json,0.3846,0.6154,0.1923,0.5769,0.5695,0.5103,0.6509,0,,,,,,,
P5_S_NAT,natural,primary,ame_crystal_pass,comparator,size,smaller,diff_ec,26,177,26,59,none,results/P5/scores_m3.csv;results/P5/t1_inputs.json;results/P5/t1_denovo_inputs.json,0.5,0.5,0.5,0.5,0.5,0.5,0.5,0,,,,,,,
P5_S_NAT,natural,primary,chai_ptm_mean,comparator,size,smaller,diff_ec,26,177,26,59,cognate_higher,results/P5/scores_m3.csv;results/P5/t1_inputs.json;results/P5/t1_denovo_inputs.json,0.9615,0.9615,0.8846,1.0,0.6938,0.6228,0.8018,1,,,,,,,
P5_S_NAT,natural,primary,chai_plddt_mean,comparator,size,smaller,diff_ec,26,177,26,59,cognate_higher,results/P5/scores_m3.csv;results/P5/t1_inputs.json;results/P5/t1_denovo_inputs.json,0.8846,0.8846,0.7692,1.0,0.5533,0.5266,0.608,1,,,,,,,
P5_S_NAT,natural,primary,ligand_heavy_atoms,baseline,size,smaller,diff_ec,26,177,26,59,none,results/P5/scores_m3.csv;results/P5/t1_inputs.json;results/P5/t1_denovo_inputs.json,1.0,1.0,1.0,1.0,0.9068,0.8476,0.9652,1,,,,,,,
P5_S_NAT,natural,primary,ligand_formal_charge,baseline,size,smaller,diff_ec,26,177,26,59,none,results/P5/scores_m3.csv;results/P5/t1_inputs.json;results/P5/t1_denovo_inputs.json,0.6154,0.6154,0.5192,0.7115,0.6109,0.5192,0.7041,1,,,,,,,
P5_S_NAT,natural,primary,chai_iptm_mean,headline,size,smaller,decoy,16,177,16,59,cognate_higher,results/P5/scores_m3.csv;results/P5/t1_inputs.json;results/P5/t1_denovo_inputs.json,1.0,1.0,1.0,1.0,0.9766,0.9258,1.0,1,,,,,,,
P5_S_NAT,natural,primary,chai_aggregate_score_mean,headline,size,smaller,decoy,16,177,16,59,cognate_higher,results/P5/scores_m3.csv;results/P5/t1_inputs.json;results/P5/t1_denovo_inputs.json,1.0,1.0,1.0,1.0,0.9766,0.9258,1.0,1,,,,,,,
P5_S_NAT,natural,primary,chai_per_chain_ptm_min_mean,headline,size,smaller,decoy,16,177,16,59,cognate_higher,results/P5/scores_m3.csv;results/P5/t1_inputs.json;results/P5/t1_denovo_inputs.json,0.75,0.75,0.5625,0.9375,0.7734,0.5859,0.9375,1,,,,,,,
P5_S_NAT,natural,primary,ame_crystal_clash_max,headline,size,smaller,decoy,16,177,16,59,none,results/P5/scores_m3.csv;results/P5/t1_inputs.json;results/P5/t1_denovo_inputs.json,0.0,1.0,0.0,0.0,0.9648,0.9062,1.0,1,,,,,,,
P5_S_NAT,natural,primary,ame_crystal_rmsd_min,comparator,size,smaller,decoy,16,177,16,59,none,results/P5/scores_m3.csv;results/P5/t1_inputs.json;results/P5/t1_denovo_inputs.json,0.375,0.625,0.125,0.625,0.582,0.5039,0.707,0,,,,,,,
P5_S_NAT,natural,primary,ame_crystal_pass,comparator,size,smaller,decoy,16,177,16,59,none,results/P5/scores_m3.csv;results/P5/t1_inputs.json;results/P5/t1_denovo_inputs.json,0.5,0.5,0.5,0.5,0.5,0.5,0.5,0,,,,,,,
P5_S_NAT,natural,primary,chai_ptm_mean,comparator,size,smaller,decoy,16,177,16,59,cognate_higher,results/P5/scores_m3.csv;results/P5/t1_inputs.json;results/P5/t1_denovo_inputs.json,0.8125,0.8125,0.625,1.0,0.7852,0.6523,0.918,1,,,,,,,
P5_S_NAT,natural,primary,chai_plddt_mean,comparator,size,smaller,decoy,16,177,16,59,cognate_higher,results/P5/scores_m3.csv;results/P5/t1_inputs.json;results/P5/t1_denovo_inputs.json,0.875,0.875,0.6875,1.0,0.5859,0.5312,0.6875,1,,,,,,,
P5_S_NAT,natural,primary,ligand_heavy_atoms,baseline,size,smaller,decoy,16,177,16,59,none,results/P5/scores_m3.csv;results/P5/t1_inputs.json;results/P5/t1_denovo_inputs.json,1.0,1.0,1.0,1.0,0.9512,0.8906,0.998,1,,,,,,,
P5_S_NAT,natural,primary,ligand_formal_charge,baseline,size,smaller,decoy,16,177,16,59,none,results/P5/scores_m3.csv;results/P5/t1_inputs.json;results/P5/t1_denovo_inputs.json,0.5938,0.5938,0.4688,0.7188,0.5879,0.5,0.707,0,,,,,,,
P5_S_NAT,natural,primary,chai_iptm_mean,headline,size,smaller,pooled_3,60,177,31,59,cognate_higher,results/P5/scores_m3.csv;results/P5/t1_inputs.json;results/P5/t1_denovo_inputs.json,1.0,1.0,1.0,1.0,,,,1,,,,,,,
P5_S_NAT,natural,primary,chai_aggregate_score_mean,headline,size,smaller,pooled_3,60,177,31,59,cognate_higher,results/P5/scores_m3.csv;results/P5/t1_inputs.json;results/P5/t1_denovo_inputs.json,1.0,1.0,1.0,1.0,,,,1,,,,,,,
P5_S_NAT,natural,primary,chai_per_chain_ptm_min_mean,headline,size,smaller,pooled_3,60,177,31,59,cognate_higher,results/P5/scores_m3.csv;results/P5/t1_inputs.json;results/P5/t1_denovo_inputs.json,0.7667,0.7667,0.6415,0.8676,,,,1,,,,,,,
P5_S_NAT,natural,primary,ame_crystal_clash_max,headline,size,smaller,pooled_3,60,177,31,59,none,results/P5/scores_m3.csv;results/P5/t1_inputs.json;results/P5/t1_denovo_inputs.json,0.0667,0.9333,0.0,0.1475,,,,1,,,,,,,
P5_S_NAT,natural,primary,ame_crystal_rmsd_min,comparator,size,smaller,pooled_3,60,177,31,59,none,results/P5/scores_m3.csv;results/P5/t1_inputs.json;results/P5/t1_denovo_inputs.json,0.3833,0.6167,0.2167,0.5715,,,,0,,,,,,,
P5_S_NAT,natural,primary,ame_crystal_pass,comparator,size,smaller,pooled_3,60,177,31,59,none,results/P5/scores_m3.csv;results/P5/t1_inputs.json;results/P5/t1_denovo_inputs.json,0.5,0.5,0.5,0.5,,,,0,,,,,,,
P5_S_NAT,natural,primary,chai_ptm_mean,comparator,size,smaller,pooled_3,60,177,31,59,cognate_higher,results/P5/scores_m3.csv;results/P5/t1_inputs.json;results/P5/t1_denovo_inputs.json,0.9333,0.9333,0.8475,1.0,,,,1,,,,,,,
P5_S_NAT,natural,primary,chai_plddt_mean,comparator,size,smaller,pooled_3,60,177,31,59,cognate_higher,results/P5/scores_m3.csv;results/P5/t1_inputs.json;results/P5/t1_denovo_inputs.json,0.8667,0.8667,0.7302,0.9692,,,,1,,,,,,,
P5_S_NAT,natural,primary,ligand_heavy_atoms,baseline,size,smaller,pooled_3,60,177,31,59,none,results/P5/scores_m3.csv;results/P5/t1_inputs.json;results/P5/t1_denovo_inputs.json,1.0,1.0,1.0,1.0,,,,1,,,,,,,
P5_S_NAT,natural,primary,ligand_formal_charge,baseline,size,smaller,pooled_3,60,177,31,59,none,results/P5/scores_m3.csv;results/P5/t1_inputs.json;results/P5/t1_denovo_inputs.json,0.6167,0.6167,0.5515,0.6885,,,,1,,,,,,,
P5_S_NAT,natural,primary,chai_iptm_mean,headline,size,matched,same_ec,22,177,22,59,cognate_higher,results/P5/scores_m3.csv;results/P5/t1_inputs.json;results/P5/t1_denovo_inputs.json,0.7727,0.7727,0.5909,0.9545,0.5806,0.5124,0.6777,1,,,,,,,
P5_S_NAT,natural,primary,chai_aggregate_score_mean,headline,size,matched,same_ec,22,177,22,59,cognate_higher,results/P5/scores_m3.csv;results/P5/t1_inputs.json;results/P5/t1_denovo_inputs.json,0.7727,0.7727,0.5909,0.9545,0.5806,0.5124,0.6777,1,,,,,,,
P5_S_NAT,natural,primary,chai_per_chain_ptm_min_mean,headline,size,matched,same_ec,22,177,22,59,cognate_higher,results/P5/scores_m3.csv;results/P5/t1_inputs.json;results/P5/t1_denovo_inputs.json,0.4545,0.5455,0.2727,0.6364,0.5083,0.5021,0.6281,0,,,,,,,
P5_S_NAT,natural,primary,ame_crystal_clash_max,headline,size,matched,same_ec,22,177,22,59,none,results/P5/scores_m3.csv;results/P5/t1_inputs.json;results/P5/t1_denovo_inputs.json,0.6364,0.6364,0.4091,0.8182,0.5083,0.5021,0.6488,0,,,,,,,
P5_S_NAT,natural,primary,ame_crystal_rmsd_min,comparator,size,matched,same_ec,22,177,22,59,none,results/P5/scores_m3.csv;results/P5/t1_inputs.json;results/P5/t1_denovo_inputs.json,0.5,0.5,0.2727,0.683,0.5062,0.5,0.5599,0,,,,,,,
P5_S_NAT,natural,primary,ame_crystal_pass,comparator,size,matched,same_ec,22,177,22,59,none,results/P5/scores_m3.csv;results/P5/t1_inputs.json;results/P5/t1_denovo_inputs.json,0.5,0.5,0.5,0.5,0.5,0.5,0.5,0,,,,,,,
P5_S_NAT,natural,primary,chai_ptm_mean,comparator,size,matched,same_ec,22,177,22,59,cognate_higher,results/P5/scores_m3.csv;results/P5/t1_inputs.json;results/P5/t1_denovo_inputs.json,0.6364,0.6364,0.4545,0.8182,0.6281,0.5269,0.7479,0,,,,,,,
P5_S_NAT,natural,primary,chai_plddt_mean,comparator,size,matched,same_ec,22,177,22,59,cognate_higher,results/P5/scores_m3.csv;results/P5/t1_inputs.json;results/P5/t1_denovo_inputs.json,0.6818,0.6818,0.5,0.8636,0.5434,0.5083,0.6012,0,,,,,,,
P5_S_NAT,natural,primary,ligand_heavy_atoms,baseline,size,matched,same_ec,22,177,22,59,none,results/P5/scores_m3.csv;results/P5/t1_inputs.json;results/P5/t1_denovo_inputs.json,0.3864,0.6136,0.1818,0.5909,0.5413,0.5031,0.6188,0,,,,,,,
P5_S_NAT,natural,primary,ligand_formal_charge,baseline,size,matched,same_ec,22,177,22,59,none,results/P5/scores_m3.csv;results/P5/t1_inputs.json;results/P5/t1_denovo_inputs.json,0.5682,0.5682,0.4545,0.6818,0.5661,0.5021,0.6818,0,,,,,,,
P5_S_NAT,natural,primary,chai_iptm_mean,headline,size,matched,diff_ec,18,177,18,59,cognate_higher,results/P5/scores_m3.csv;results/P5/t1_inputs.json;results/P5/t1_denovo_inputs.json,0.7222,0.7222,0.5,0.8889,0.6481,0.5278,0.7901,0,,,,,,,
P5_S_NAT,natural,primary,chai_aggregate_score_mean,headline,size,matched,diff_ec,18,177,18,59,cognate_higher,results/P5/scores_m3.csv;results/P5/t1_inputs.json;results/P5/t1_denovo_inputs.json,0.7222,0.7222,0.5,0.8889,0.6451,0.5247,0.787,0,,,,,,,
P5_S_NAT,natural,primary,chai_per_chain_ptm_min_mean,headline,size,matched,diff_ec,18,177,18,59,cognate_higher,results/P5/scores_m3.csv;results/P5/t1_inputs.json;results/P5/t1_denovo_inputs.json,0.6111,0.6111,0.3889,0.8333,0.608,0.5062,0.7809,0,,,,,,,
P5_S_NAT,natural,primary,ame_crystal_clash_max,headline,size,matched,diff_ec,18,177,18,59,none,results/P5/scores_m3.csv;results/P5/t1_inputs.json;results/P5/t1_denovo_inputs.json,0.4444,0.5556,0.2222,0.6667,0.537,0.5031,0.6481,0,,,,,,,
P5_S_NAT,natural,primary,ame_crystal_rmsd_min,comparator,size,matched,diff_ec,18,177,18,59,none,results/P5/scores_m3.csv;results/P5/t1_inputs.json;results/P5/t1_denovo_inputs.json,0.6667,0.6667,0.4444,0.8889,0.5,0.5,0.5617,0,,,,,,,
P5_S_NAT,natural,primary,ame_crystal_pass,comparator,size,matched,diff_ec,18,177,18,59,none,results/P5/scores_m3.csv;results/P5/t1_inputs.json;results/P5/t1_denovo_inputs.json,0.5,0.5,0.4167,0.5833,0.5031,0.5,0.5833,0,,,,,,,
P5_S_NAT,natural,primary,chai_ptm_mean,comparator,size,matched,diff_ec,18,177,18,59,cognate_higher,results/P5/scores_m3.csv;results/P5/t1_inputs.json;results/P5/t1_denovo_inputs.json,0.7222,0.7222,0.5,0.9444,0.5494,0.5031,0.6481,0,,,,,,,
P5_S_NAT,natural,primary,chai_plddt_mean,comparator,size,matched,diff_ec,18,177,18,59,cognate_higher,results/P5/scores_m3.csv;results/P5/t1_inputs.json;results/P5/t1_denovo_inputs.json,0.7222,0.7222,0.5,0.8889,0.5185,0.5031,0.5772,0,,,,,,,
P5_S_NAT,natural,primary,ligand_heavy_atoms,baseline,size,matched,diff_ec,18,177,18,59,none,results/P5/scores_m3.csv;results/P5/t1_inputs.json;results/P5/t1_denovo_inputs.json,0.4167,0.5833,0.2222,0.6111,0.5293,0.5015,0.6373,0,,,,,,,
P5_S_NAT,natural,primary,ligand_formal_charge,baseline,size,matched,diff_ec,18,177,18,59,none,results/P5/scores_m3.csv;results/P5/t1_inputs.json;results/P5/t1_denovo_inputs.json,0.5556,0.5556,0.4167,0.6944,0.5432,0.5031,0.6944,0,,,,,,,
P5_S_NAT,natural,primary,chai_iptm_mean,headline,size,matched,decoy,11,177,11,59,cognate_higher,results/P5/scores_m3.csv;results/P5/t1_inputs.json;results/P5/t1_denovo_inputs.json,0.8182,0.8182,0.5455,1.0,0.6942,0.5455,0.8762,1,,,,,,,
P5_S_NAT,natural,primary,chai_aggregate_score_mean,headline,size,matched,decoy,11,177,11,59,cognate_higher,results/P5/scores_m3.csv;results/P5/t1_inputs.json;results/P5/t1_denovo_inputs.json,0.8182,0.8182,0.5455,1.0,0.6942,0.5455,0.8843,1,,,,,,,
P5_S_NAT,natural,primary,chai_per_chain_ptm_min_mean,headline,size,matched,decoy,11,177,11,59,cognate_higher,results/P5/scores_m3.csv;results/P5/t1_inputs.json;results/P5/t1_denovo_inputs.json,0.7273,0.7273,0.4545,1.0,0.6281,0.5205,0.7851,0,,,,,,,
P5_S_NAT,natural,primary,ame_crystal_clash_max,headline,size,matched,decoy,11,177,11,59,none,results/P5/scores_m3.csv;results/P5/t1_inputs.json;results/P5/t1_denovo_inputs.json,0.6364,0.6364,0.3636,0.9091,0.562,0.5041,0.7273,0,,,,,,,
P5_S_NAT,natural,primary,ame_crystal_rmsd_min,comparator,size,matched,decoy,11,177,11,59,none,results/P5/scores_m3.csv;results/P5/t1_inputs.json;results/P5/t1_denovo_inputs.json,0.3636,0.6364,0.0909,0.6364,0.5372,0.5041,0.6612,0,,,,,,,
P5_S_NAT,natural,primary,ame_crystal_pass,comparator,size,matched,decoy,11,177,11,59,none,results/P5/scores_m3.csv;results/P5/t1_inputs.json;results/P5/t1_denovo_inputs.json,0.5,0.5,0.5,0.5,0.5,0.5,0.5,0,,,,,,,
P5_S_NAT,natural,primary,chai_ptm_mean,comparator,size,matched,decoy,11,177,11,59,cognate_higher,results/P5/scores_m3.csv;results/P5/t1_inputs.json;results/P5/t1_denovo_inputs.json,0.8182,0.8182,0.5455,1.0,0.6281,0.5289,0.7851,1,,,,,,,
P5_S_NAT,natural,primary,chai_plddt_mean,comparator,size,matched,decoy,11,177,11,59,cognate_higher,results/P5/scores_m3.csv;results/P5/t1_inputs.json;results/P5/t1_denovo_inputs.json,0.7273,0.7273,0.4545,1.0,0.5289,0.5041,0.6281,0,,,,,,,
P5_S_NAT,natural,primary,ligand_heavy_atoms,baseline,size,matched,decoy,11,177,11,59,none,results/P5/scores_m3.csv;results/P5/t1_inputs.json;results/P5/t1_denovo_inputs.json,0.4091,0.5909,0.1818,0.6364,0.5248,0.5,0.6405,0,,,,,,,
P5_S_NAT,natural,primary,ligand_formal_charge,baseline,size,matched,decoy,11,177,11,59,none,results/P5/scores_m3.csv;results/P5/t1_inputs.json;results/P5/t1_denovo_inputs.json,0.4545,0.5455,0.3182,0.5909,0.5455,0.5,0.6818,0,,,,,,,
P5_S_NAT,natural,primary,chai_iptm_mean,headline,size,matched,pooled_3,51,177,35,59,cognate_higher,results/P5/scores_m3.csv;results/P5/t1_inputs.json;results/P5/t1_denovo_inputs.json,0.7647,0.7647,0.6154,0.9038,,,,1,,,,,,,
P5_S_NAT,natural,primary,chai_aggregate_score_mean,headline,size,matched,pooled_3,51,177,35,59,cognate_higher,results/P5/scores_m3.csv;results/P5/t1_inputs.json;results/P5/t1_denovo_inputs.json,0.7647,0.7647,0.6154,0.9038,,,,1,,,,,,,
P5_S_NAT,natural,primary,chai_per_chain_ptm_min_mean,headline,size,matched,pooled_3,51,177,35,59,cognate_higher,results/P5/scores_m3.csv;results/P5/t1_inputs.json;results/P5/t1_denovo_inputs.json,0.5686,0.5686,0.4259,0.7083,,,,0,,,,,,,
P5_S_NAT,natural,primary,ame_crystal_clash_max,headline,size,matched,pooled_3,51,177,35,59,none,results/P5/scores_m3.csv;results/P5/t1_inputs.json;results/P5/t1_denovo_inputs.json,0.5686,0.5686,0.4091,0.7222,,,,0,,,,,,,
P5_S_NAT,natural,primary,ame_crystal_rmsd_min,comparator,size,matched,pooled_3,51,177,35,59,none,results/P5/scores_m3.csv;results/P5/t1_inputs.json;results/P5/t1_denovo_inputs.json,0.5294,0.5294,0.3774,0.6863,,,,0,,,,,,,
P5_S_NAT,natural,primary,ame_crystal_pass,comparator,size,matched,pooled_3,51,177,35,59,none,results/P5/scores_m3.csv;results/P5/t1_inputs.json;results/P5/t1_denovo_inputs.json,0.5,0.5,0.4712,0.5294,,,,0,,,,,,,
P5_S_NAT,natural,primary,chai_ptm_mean,comparator,size,matched,pooled_3,51,177,35,59,cognate_higher,results/P5/scores_m3.csv;results/P5/t1_inputs.json;results/P5/t1_denovo_inputs.json,0.7059,0.7059,0.56,0.8491,,,,1,,,,,,,
P5_S_NAT,natural,primary,chai_plddt_mean,comparator,size,matched,pooled_3,51,177,35,59,cognate_higher,results/P5/scores_m3.csv;results/P5/t1_inputs.json;results/P5/t1_denovo_inputs.json,0.7059,0.7059,0.56,0.84,,,,1,,,,,,,
P5_S_NAT,natural,primary,ligand_heavy_atoms,baseline,size,matched,pooled_3,51,177,35,59,none,results/P5/scores_m3.csv;results/P5/t1_inputs.json;results/P5/t1_denovo_inputs.json,0.402,0.598,0.2745,0.5306,,,,0,,,,,,,
P5_S_NAT,natural,primary,ligand_formal_charge,baseline,size,matched,pooled_3,51,177,35,59,none,results/P5/scores_m3.csv;results/P5/t1_inputs.json;results/P5/t1_denovo_inputs.json,0.5392,0.5392,0.4412,0.6296,,,,0,,,,,,,
P5_S_NAT,natural,primary,chai_iptm_mean,headline,size,larger,same_ec,17,177,17,59,cognate_higher,results/P5/scores_m3.csv;results/P5/t1_inputs.json;results/P5/t1_denovo_inputs.json,0.4706,0.5294,0.2353,0.7059,0.5329,0.5052,0.7439,0,,,,,,,
P5_S_NAT,natural,primary,chai_aggregate_score_mean,headline,size,larger,same_ec,17,177,17,59,cognate_higher,results/P5/scores_m3.csv;results/P5/t1_inputs.json;results/P5/t1_denovo_inputs.json,0.4706,0.5294,0.2353,0.7059,0.5156,0.5017,0.7405,0,,,,,,,
P5_S_NAT,natural,primary,chai_per_chain_ptm_min_mean,headline,size,larger,same_ec,17,177,17,59,cognate_higher,results/P5/scores_m3.csv;results/P5/t1_inputs.json;results/P5/t1_denovo_inputs.json,0.4706,0.5294,0.2353,0.7059,0.6332,0.5087,0.827,0,,,,,,,
P5_S_NAT,natural,primary,ame_crystal_clash_max,headline,size,larger,same_ec,17,177,17,59,none,results/P5/scores_m3.csv;results/P5/t1_inputs.json;results/P5/t1_denovo_inputs.json,0.6471,0.6471,0.4118,0.8824,0.5156,0.5017,0.6886,0,,,,,,,
P5_S_NAT,natural,primary,ame_crystal_rmsd_min,comparator,size,larger,same_ec,17,177,17,59,none,results/P5/scores_m3.csv;results/P5/t1_inputs.json;results/P5/t1_denovo_inputs.json,0.4706,0.5294,0.2353,0.7059,0.5017,0.5017,0.5744,0,,,,,,,
P5_S_NAT,natural,primary,ame_crystal_pass,comparator,size,larger,same_ec,17,177,17,59,none,results/P5/scores_m3.csv;results/P5/t1_inputs.json;results/P5/t1_denovo_inputs.json,0.4706,0.5294,0.4118,0.5,0.5017,0.5,0.5156,0,,,,,,,
P5_S_NAT,natural,primary,chai_ptm_mean,comparator,size,larger,same_ec,17,177,17,59,cognate_higher,results/P5/scores_m3.csv;results/P5/t1_inputs.json;results/P5/t1_denovo_inputs.json,0.5882,0.5882,0.3529,0.8235,0.609,0.5052,0.737,0,,,,,,,
P5_S_NAT,natural,primary,chai_plddt_mean,comparator,size,larger,same_ec,17,177,17,59,cognate_higher,results/P5/scores_m3.csv;results/P5/t1_inputs.json;results/P5/t1_denovo_inputs.json,0.4706,0.5294,0.2353,0.7059,0.5087,0.5017,0.5744,0,,,,,,,
P5_S_NAT,natural,primary,ligand_heavy_atoms,baseline,size,larger,same_ec,17,177,17,59,none,results/P5/scores_m3.csv;results/P5/t1_inputs.json;results/P5/t1_denovo_inputs.json,0.0,1.0,0.0,0.0,0.936,0.8547,0.9965,1,,,,,,,
P5_S_NAT,natural,primary,ligand_formal_charge,baseline,size,larger,same_ec,17,177,17,59,none,results/P5/scores_m3.csv;results/P5/t1_inputs.json;results/P5/t1_denovo_inputs.json,0.2647,0.7353,0.1471,0.3824,0.6972,0.5917,0.8062,1,,,,,,,
P5_S_NAT,natural,primary,chai_iptm_mean,headline,size,larger,diff_ec,14,177,14,59,cognate_higher,results/P5/scores_m3.csv;results/P5/t1_inputs.json;results/P5/t1_denovo_inputs.json,0.4286,0.5714,0.1429,0.7143,0.5765,0.5051,0.8061,0,,,,,,,
P5_S_NAT,natural,primary,chai_aggregate_score_mean,headline,size,larger,diff_ec,14,177,14,59,cognate_higher,results/P5/scores_m3.csv;results/P5/t1_inputs.json;results/P5/t1_denovo_inputs.json,0.4286,0.5714,0.1429,0.7143,0.5663,0.5051,0.7959,0,,,,,,,
P5_S_NAT,natural,primary,chai_per_chain_ptm_min_mean,headline,size,larger,diff_ec,14,177,14,59,cognate_higher,results/P5/scores_m3.csv;results/P5/t1_inputs.json;results/P5/t1_denovo_inputs.json,0.2143,0.7857,0.0,0.4286,0.7908,0.5561,0.9796,0,,,,,,,
P5_S_NAT,natural,primary,ame_crystal_clash_max,headline,size,larger,diff_ec,14,177,14,59,none,results/P5/scores_m3.csv;results/P5/t1_inputs.json;results/P5/t1_denovo_inputs.json,0.5714,0.5714,0.2857,0.7857,0.5102,0.5,0.6786,0,,,,,,,
P5_S_NAT,natural,primary,ame_crystal_rmsd_min,comparator,size,larger,diff_ec,14,177,14,59,none,results/P5/scores_m3.csv;results/P5/t1_inputs.json;results/P5/t1_denovo_inputs.json,0.4286,0.5714,0.2143,0.6429,0.5306,0.5,0.6173,0,,,,,,,
P5_S_NAT,natural,primary,ame_crystal_pass,comparator,size,larger,diff_ec,14,177,14,59,none,results/P5/scores_m3.csv;results/P5/t1_inputs.json;results/P5/t1_denovo_inputs.json,0.4643,0.5357,0.3929,0.5,0.5051,0.5,0.5383,0,,,,,,,
P5_S_NAT,natural,primary,chai_ptm_mean,comparator,size,larger,diff_ec,14,177,14,59,cognate_higher,results/P5/scores_m3.csv;results/P5/t1_inputs.json;results/P5/t1_denovo_inputs.json,0.8571,0.8571,0.6429,1.0,0.7092,0.5969,0.852,1,,,,,,,
P5_S_NAT,natural,primary,chai_plddt_mean,comparator,size,larger,diff_ec,14,177,14,59,cognate_higher,results/P5/scores_m3.csv;results/P5/t1_inputs.json;results/P5/t1_denovo_inputs.json,0.6429,0.6429,0.4286,0.8571,0.5357,0.5,0.6224,0,,,,,,,
P5_S_NAT,natural,primary,ligand_heavy_atoms,baseline,size,larger,diff_ec,14,177,14,59,none,results/P5/scores_m3.csv;results/P5/t1_inputs.json;results/P5/t1_denovo_inputs.json,0.0,1.0,0.0,0.0,0.9413,0.8724,1.0,1,,,,,,,
P5_S_NAT,natural,primary,ligand_formal_charge,baseline,size,larger,diff_ec,14,177,14,59,none,results/P5/scores_m3.csv;results/P5/t1_inputs.json;results/P5/t1_denovo_inputs.json,0.3214,0.6786,0.1786,0.4286,0.6786,0.5714,0.8214,1,,,,,,,
P5_S_NAT,natural,primary,chai_iptm_mean,headline,size,larger,decoy,29,177,29,59,cognate_higher,results/P5/scores_m3.csv;results/P5/t1_inputs.json;results/P5/t1_denovo_inputs.json,0.5172,0.5172,0.3448,0.6897,0.6017,0.5065,0.736,0,,,,,,,
P5_S_NAT,natural,primary,chai_aggregate_score_mean,headline,size,larger,decoy,29,177,29,59,cognate_higher,results/P5/scores_m3.csv;results/P5/t1_inputs.json;results/P5/t1_denovo_inputs.json,0.5172,0.5172,0.3448,0.6897,0.6017,0.5065,0.7348,0,,,,,,,
P5_S_NAT,natural,primary,chai_per_chain_ptm_min_mean,headline,size,larger,decoy,29,177,29,59,cognate_higher,results/P5/scores_m3.csv;results/P5/t1_inputs.json;results/P5/t1_denovo_inputs.json,0.2414,0.7586,0.1034,0.4138,0.7586,0.6124,0.8977,0,,,,,,,
P5_S_NAT,natural,primary,ame_crystal_clash_max,headline,size,larger,decoy,29,177,29,59,none,results/P5/scores_m3.csv;results/P5/t1_inputs.json;results/P5/t1_denovo_inputs.json,0.5862,0.5862,0.4138,0.7586,0.5386,0.5018,0.6433,0,,,,,,,
P5_S_NAT,natural,primary,ame_crystal_rmsd_min,comparator,size,larger,decoy,29,177,29,59,none,results/P5/scores_m3.csv;results/P5/t1_inputs.json;results/P5/t1_denovo_inputs.json,0.4828,0.5172,0.3103,0.6552,0.5077,0.5006,0.5624,0,,,,,,,
P5_S_NAT,natural,primary,ame_crystal_pass,comparator,size,larger,decoy,29,177,29,59,none,results/P5/scores_m3.csv;results/P5/t1_inputs.json;results/P5/t1_denovo_inputs.json,0.5,0.5,0.4483,0.5517,0.5018,0.5,0.5517,0,,,,,,,
P5_S_NAT,natural,primary,chai_ptm_mean,comparator,size,larger,decoy,29,177,29,59,cognate_higher,results/P5/scores_m3.csv;results/P5/t1_inputs.json;results/P5/t1_denovo_inputs.json,0.7241,0.7241,0.5517,0.8621,0.6088,0.5363,0.7004,1,,,,,,,
P5_S_NAT,natural,primary,chai_plddt_mean,comparator,size,larger,decoy,29,177,29,59,cognate_higher,results/P5/scores_m3.csv;results/P5/t1_inputs.json;results/P5/t1_denovo_inputs.json,0.5172,0.5172,0.3448,0.6897,0.5125,0.5006,0.5589,0,,,,,,,
P5_S_NAT,natural,primary,ligand_heavy_atoms,baseline,size,larger,decoy,29,177,29,59,none,results/P5/scores_m3.csv;results/P5/t1_inputs.json;results/P5/t1_denovo_inputs.json,0.0,1.0,0.0,0.0,0.9215,0.8615,0.9786,1,,,,,,,
P5_S_NAT,natural,primary,ligand_formal_charge,baseline,size,larger,decoy,29,177,29,59,none,results/P5/scores_m3.csv;results/P5/t1_inputs.json;results/P5/t1_denovo_inputs.json,0.4138,0.5862,0.3103,0.5,0.5874,0.5071,0.6897,0,,,,,,,
P5_S_NAT,natural,primary,chai_iptm_mean,headline,size,larger,pooled_3,60,177,35,59,cognate_higher,results/P5/scores_m3.csv;results/P5/t1_inputs.json;results/P5/t1_denovo_inputs.json,0.4833,0.5167,0.3188,0.6607,,,,0,,,,,,,
P5_S_NAT,natural,primary,chai_aggregate_score_mean,headline,size,larger,pooled_3,60,177,35,59,cognate_higher,results/P5/scores_m3.csv;results/P5/t1_inputs.json;results/P5/t1_denovo_inputs.json,0.4833,0.5167,0.3188,0.6607,,,,0,,,,,,,
P5_S_NAT,natural,primary,chai_per_chain_ptm_min_mean,headline,size,larger,pooled_3,60,177,35,59,cognate_higher,results/P5/scores_m3.csv;results/P5/t1_inputs.json;results/P5/t1_denovo_inputs.json,0.3,0.7,0.1562,0.4516,,,,0,,,,,,,
P5_S_NAT,natural,primary,ame_crystal_clash_max,headline,size,larger,pooled_3,60,177,35,59,none,results/P5/scores_m3.csv;results/P5/t1_inputs.json;results/P5/t1_denovo_inputs.json,0.6,0.6,0.4483,0.7344,,,,0,,,,,,,
P5_S_NAT,natural,primary,ame_crystal_rmsd_min,comparator,size,larger,pooled_3,60,177,35,59,none,results/P5/scores_m3.csv;results/P5/t1_inputs.json;results/P5/t1_denovo_inputs.json,0.4667,0.5333,0.3231,0.6034,,,,0,,,,,,,
P5_S_NAT,natural,primary,ame_crystal_pass,comparator,size,larger,pooled_3,60,177,35,59,none,results/P5/scores_m3.csv;results/P5/t1_inputs.json;results/P5/t1_denovo_inputs.json,0.4833,0.5167,0.4397,0.5179,,,,0,,,,,,,
P5_S_NAT,natural,primary,chai_ptm_mean,comparator,size,larger,pooled_3,60,177,35,59,cognate_higher,results/P5/scores_m3.csv;results/P5/t1_inputs.json;results/P5/t1_denovo_inputs.json,0.7167,0.7167,0.5714,0.86,,,,1,,,,,,,
P5_S_NAT,natural,primary,chai_plddt_mean,comparator,size,larger,pooled_3,60,177,35,59,cognate_higher,results/P5/scores_m3.csv;results/P5/t1_inputs.json;results/P5/t1_denovo_inputs.json,0.5333,0.5333,0.375,0.6984,,,,0,,,,,,,
P5_S_NAT,natural,primary,ligand_heavy_atoms,baseline,size,larger,pooled_3,60,177,35,59,none,results/P5/scores_m3.csv;results/P5/t1_inputs.json;results/P5/t1_denovo_inputs.json,0.0,1.0,0.0,0.0,,,,1,,,,,,,
P5_S_NAT,natural,primary,ligand_formal_charge,baseline,size,larger,pooled_3,60,177,35,59,none,results/P5/scores_m3.csv;results/P5/t1_inputs.json;results/P5/t1_denovo_inputs.json,0.35,0.65,0.2574,0.4464,,,,1,,,,,,,
P5_S_NAT,natural,primary,chai_iptm_mean,headline,charge,q_same,same_ec,37,177,37,59,cognate_higher,results/P5/scores_m3.csv;results/P5/t1_inputs.json;results/P5/t1_denovo_inputs.json,0.8378,0.8378,0.7027,0.9459,0.7787,0.6903,0.8663,1,,,,,,,
P5_S_NAT,natural,primary,chai_aggregate_score_mean,headline,charge,q_same,same_ec,37,177,37,59,cognate_higher,results/P5/scores_m3.csv;results/P5/t1_inputs.json;results/P5/t1_denovo_inputs.json,0.8378,0.8378,0.7027,0.9459,0.7772,0.6881,0.8671,1,,,,,,,
P5_S_NAT,natural,primary,chai_per_chain_ptm_min_mean,headline,charge,q_same,same_ec,37,177,37,59,cognate_higher,results/P5/scores_m3.csv;results/P5/t1_inputs.json;results/P5/t1_denovo_inputs.json,0.5676,0.5676,0.4054,0.7297,0.5727,0.504,0.6728,0,,,,,,,
P5_S_NAT,natural,primary,ame_crystal_clash_max,headline,charge,q_same,same_ec,37,177,37,59,none,results/P5/scores_m3.csv;results/P5/t1_inputs.json;results/P5/t1_denovo_inputs.json,0.4324,0.5676,0.2703,0.5946,0.6676,0.5632,0.7633,0,,,,,,,
P5_S_NAT,natural,primary,ame_crystal_rmsd_min,comparator,charge,q_same,same_ec,37,177,37,59,none,results/P5/scores_m3.csv;results/P5/t1_inputs.json;results/P5/t1_denovo_inputs.json,0.5135,0.5135,0.3514,0.6757,0.5128,0.5004,0.5522,0,,,,,,,
P5_S_NAT,natural,primary,ame_crystal_pass,comparator,charge,q_same,same_ec,37,177,37,59,none,results/P5/scores_m3.csv;results/P5/t1_inputs.json;results/P5/t1_denovo_inputs.json,0.5,0.5,0.5,0.5,0.5,0.5,0.5,0,,,,,,,
P5_S_NAT,natural,primary,chai_ptm_mean,comparator,charge,q_same,same_ec,37,177,37,59,cognate_higher,results/P5/scores_m3.csv;results/P5/t1_inputs.json;results/P5/t1_denovo_inputs.json,0.8108,0.8108,0.6757,0.9189,0.626,0.5712,0.7005,1,,,,,,,
P5_S_NAT,natural,primary,chai_plddt_mean,comparator,charge,q_same,same_ec,37,177,37,59,cognate_higher,results/P5/scores_m3.csv;results/P5/t1_inputs.json;results/P5/t1_denovo_inputs.json,0.6757,0.6757,0.5135,0.8108,0.531,0.5077,0.5683,1,,,,,,,
P5_S_NAT,natural,primary,ligand_heavy_atoms,baseline,charge,q_same,same_ec,37,177,37,59,none,results/P5/scores_m3.csv;results/P5/t1_inputs.json;results/P5/t1_denovo_inputs.json,0.473,0.527,0.3243,0.6351,0.5128,0.5022,0.6552,0,,,,,,,
P5_S_NAT,natural,primary,ligand_formal_charge,baseline,charge,q_same,same_ec,37,177,37,59,none,results/P5/scores_m3.csv;results/P5/t1_inputs.json;results/P5/t1_denovo_inputs.json,0.5,0.5,0.5,0.5,0.5,0.5,0.5,0,,,,,,,
P5_S_NAT,natural,primary,chai_iptm_mean,headline,charge,q_same,diff_ec,37,177,37,59,cognate_higher,results/P5/scores_m3.csv;results/P5/t1_inputs.json;results/P5/t1_denovo_inputs.json,0.8919,0.8919,0.7838,0.973,0.7743,0.6852,0.8649,1,,,,,,,
P5_S_NAT,natural,primary,chai_aggregate_score_mean,headline,charge,q_same,diff_ec,37,177,37,59,cognate_higher,results/P5/scores_m3.csv;results/P5/t1_inputs.json;results/P5/t1_denovo_inputs.json,0.8919,0.8919,0.7838,0.973,0.7743,0.6866,0.8634,1,,,,,,,
P5_S_NAT,natural,primary,chai_per_chain_ptm_min_mean,headline,charge,q_same,diff_ec,37,177,37,59,cognate_higher,results/P5/scores_m3.csv;results/P5/t1_inputs.json;results/P5/t1_denovo_inputs.json,0.6216,0.6216,0.4595,0.7838,0.6698,0.5435,0.7896,0,,,,,,,
P5_S_NAT,natural,primary,ame_crystal_clash_max,headline,charge,q_same,diff_ec,37,177,37,59,none,results/P5/scores_m3.csv;results/P5/t1_inputs.json;results/P5/t1_denovo_inputs.json,0.2973,0.7027,0.1622,0.4595,0.6589,0.5537,0.7677,1,,,,,,,
P5_S_NAT,natural,primary,ame_crystal_rmsd_min,comparator,charge,q_same,diff_ec,37,177,37,59,none,results/P5/scores_m3.csv;results/P5/t1_inputs.json;results/P5/t1_denovo_inputs.json,0.4865,0.5135,0.3243,0.6486,0.5296,0.5018,0.5698,0,,,,,,,
P5_S_NAT,natural,primary,ame_crystal_pass,comparator,charge,q_same,diff_ec,37,177,37,59,none,results/P5/scores_m3.csv;results/P5/t1_inputs.json;results/P5/t1_denovo_inputs.json,0.5,0.5,0.4595,0.5405,0.5131,0.5,0.5405,0,,,,,,,
P5_S_NAT,natural,primary,chai_ptm_mean,comparator,charge,q_same,diff_ec,37,177,37,59,cognate_higher,results/P5/scores_m3.csv;results/P5/t1_inputs.json;results/P5/t1_denovo_inputs.json,0.9189,0.9189,0.8378,1.0,0.672,0.6077,0.7597,1,,,,,,,
P5_S_NAT,natural,primary,chai_plddt_mean,comparator,charge,q_same,diff_ec,37,177,37,59,cognate_higher,results/P5/scores_m3.csv;results/P5/t1_inputs.json;results/P5/t1_denovo_inputs.json,0.9189,0.9189,0.8378,1.0,0.5413,0.5223,0.5793,1,,,,,,,
P5_S_NAT,natural,primary,ligand_heavy_atoms,baseline,charge,q_same,diff_ec,37,177,37,59,none,results/P5/scores_m3.csv;results/P5/t1_inputs.json;results/P5/t1_denovo_inputs.json,0.5811,0.5811,0.4324,0.7297,0.5398,0.5026,0.6863,0,,,,,,,
P5_S_NAT,natural,primary,ligand_formal_charge,baseline,charge,q_same,diff_ec,37,177,37,59,none,results/P5/scores_m3.csv;results/P5/t1_inputs.json;results/P5/t1_denovo_inputs.json,0.5,0.5,0.5,0.5,0.5,0.5,0.5,0,,,,,,,
P5_S_NAT,natural,primary,chai_iptm_mean,headline,charge,q_same,decoy,39,177,39,59,cognate_higher,results/P5/scores_m3.csv;results/P5/t1_inputs.json;results/P5/t1_denovo_inputs.json,0.7949,0.7949,0.6667,0.9231,0.735,0.6252,0.8409,1,,,,,,,
P5_S_NAT,natural,primary,chai_aggregate_score_mean,headline,charge,q_same,decoy,39,177,39,59,cognate_higher,results/P5/scores_m3.csv;results/P5/t1_inputs.json;results/P5/t1_denovo_inputs.json,0.7949,0.7949,0.6667,0.9231,0.7357,0.6266,0.8409,1,,,,,,,
P5_S_NAT,natural,primary,chai_per_chain_ptm_min_mean,headline,charge,q_same,decoy,39,177,39,59,cognate_higher,results/P5/scores_m3.csv;results/P5/t1_inputs.json;results/P5/t1_denovo_inputs.json,0.4615,0.5385,0.3077,0.6154,0.5115,0.5023,0.643,0,,,,,,,
P5_S_NAT,natural,primary,ame_crystal_clash_max,headline,charge,q_same,decoy,39,177,39,59,none,results/P5/scores_m3.csv;results/P5/t1_inputs.json;results/P5/t1_denovo_inputs.json,0.359,0.641,0.2051,0.5128,0.6443,0.5437,0.7462,0,,,,,,,
P5_S_NAT,natural,primary,ame_crystal_rmsd_min,comparator,charge,q_same,decoy,39,177,39,59,none,results/P5/scores_m3.csv;results/P5/t1_inputs.json;results/P5/t1_denovo_inputs.json,0.4872,0.5128,0.3333,0.641,0.5069,0.501,0.5569,0,,,,,,,
P5_S_NAT,natural,primary,ame_crystal_pass,comparator,charge,q_same,decoy,39,177,39,59,none,results/P5/scores_m3.csv;results/P5/t1_inputs.json;results/P5/t1_denovo_inputs.json,0.5,0.5,0.5,0.5,0.5,0.5,0.5,0,,,,,,,
P5_S_NAT,natural,primary,chai_ptm_mean,comparator,charge,q_same,decoy,39,177,39,59,cognate_higher,results/P5/scores_m3.csv;results/P5/t1_inputs.json;results/P5/t1_denovo_inputs.json,0.8205,0.8205,0.6923,0.9231,0.6713,0.597,0.7581,1,,,,,,,
P5_S_NAT,natural,primary,chai_plddt_mean,comparator,charge,q_same,decoy,39,177,39,59,cognate_higher,results/P5/scores_m3.csv;results/P5/t1_inputs.json;results/P5/t1_denovo_inputs.json,0.7179,0.7179,0.5641,0.8462,0.5227,0.5016,0.5641,1,,,,,,,
P5_S_NAT,natural,primary,ligand_heavy_atoms,baseline,charge,q_same,decoy,39,177,39,59,none,results/P5/scores_m3.csv;results/P5/t1_inputs.json;results/P5/t1_denovo_inputs.json,0.3718,0.6282,0.2308,0.5128,0.5861,0.5043,0.7176,0,,,,,,,
P5_S_NAT,natural,primary,ligand_formal_charge,baseline,charge,q_same,decoy,39,177,39,59,none,results/P5/scores_m3.csv;results/P5/t1_inputs.json;results/P5/t1_denovo_inputs.json,0.5,0.5,0.5,0.5,0.5,0.5,0.5,0,,,,,,,
P5_S_NAT,natural,primary,chai_iptm_mean,headline,charge,q_same,pooled_3,113,177,48,59,cognate_higher,results/P5/scores_m3.csv;results/P5/t1_inputs.json;results/P5/t1_denovo_inputs.json,0.8407,0.8407,0.7547,0.9167,,,,1,,,,,,,
P5_S_NAT,natural,primary,chai_aggregate_score_mean,headline,charge,q_same,pooled_3,113,177,48,59,cognate_higher,results/P5/scores_m3.csv;results/P5/t1_inputs.json;results/P5/t1_denovo_inputs.json,0.8407,0.8407,0.7547,0.9167,,,,1,,,,,,,
P5_S_NAT,natural,primary,chai_per_chain_ptm_min_mean,headline,charge,q_same,pooled_3,113,177,48,59,cognate_higher,results/P5/scores_m3.csv;results/P5/t1_inputs.json;results/P5/t1_denovo_inputs.json,0.5487,0.5487,0.4386,0.6636,,,,0,,,,,,,
P5_S_NAT,natural,primary,ame_crystal_clash_max,headline,charge,q_same,pooled_3,113,177,48,59,none,results/P5/scores_m3.csv;results/P5/t1_inputs.json;results/P5/t1_denovo_inputs.json,0.3628,0.6372,0.2453,0.4857,,,,1,,,,,,,
P5_S_NAT,natural,primary,ame_crystal_rmsd_min,comparator,charge,q_same,pooled_3,113,177,48,59,none,results/P5/scores_m3.csv;results/P5/t1_inputs.json;results/P5/t1_denovo_inputs.json,0.4956,0.5044,0.3717,0.6195,,,,0,,,,,,,
P5_S_NAT,natural,primary,ame_crystal_pass,comparator,charge,q_same,pooled_3,113,177,48,59,none,results/P5/scores_m3.csv;results/P5/t1_inputs.json;results/P5/t1_denovo_inputs.json,0.5,0.5,0.4871,0.5132,,,,0,,,,,,,
P5_S_NAT,natural,primary,chai_ptm_mean,comparator,charge,q_same,pooled_3,113,177,48,59,cognate_higher,results/P5/scores_m3.csv;results/P5/t1_inputs.json;results/P5/t1_denovo_inputs.json,0.8496,0.8496,0.7692,0.9211,,,,1,,,,,,,
P5_S_NAT,natural,primary,chai_plddt_mean,comparator,charge,q_same,pooled_3,113,177,48,59,cognate_higher,results/P5/scores_m3.csv;results/P5/t1_inputs.json;results/P5/t1_denovo_inputs.json,0.7699,0.7699,0.6759,0.8571,,,,1,,,,,,,
P5_S_NAT,natural,primary,ligand_heavy_atoms,baseline,charge,q_same,pooled_3,113,177,48,59,none,results/P5/scores_m3.csv;results/P5/t1_inputs.json;results/P5/t1_denovo_inputs.json,0.4735,0.5265,0.3673,0.5841,,,,0,,,,,,,
P5_S_NAT,natural,primary,ligand_formal_charge,baseline,charge,q_same,pooled_3,113,177,48,59,none,results/P5/scores_m3.csv;results/P5/t1_inputs.json;results/P5/t1_denovo_inputs.json,0.5,0.5,0.5,0.5,,,,0,,,,,,,
P5_S_NAT,natural,primary,chai_iptm_mean,headline,charge,q_diff,same_ec,20,177,20,59,cognate_higher,results/P5/scores_m3.csv;results/P5/t1_inputs.json;results/P5/t1_denovo_inputs.json,0.6,0.6,0.4,0.8,0.57,0.505,0.7675,0,,,,,,,
P5_S_NAT,natural,primary,chai_aggregate_score_mean,headline,charge,q_diff,same_ec,20,177,20,59,cognate_higher,results/P5/scores_m3.csv;results/P5/t1_inputs.json;results/P5/t1_denovo_inputs.json,0.6,0.6,0.4,0.8,0.565,0.505,0.765,0,,,,,,,
P5_S_NAT,natural,primary,chai_per_chain_ptm_min_mean,headline,charge,q_diff,same_ec,20,177,20,59,cognate_higher,results/P5/scores_m3.csv;results/P5/t1_inputs.json;results/P5/t1_denovo_inputs.json,0.6,0.6,0.4,0.8,0.595,0.505,0.77,0,,,,,,,
P5_S_NAT,natural,primary,ame_crystal_clash_max,headline,charge,q_diff,same_ec,20,177,20,59,none,results/P5/scores_m3.csv;results/P5/t1_inputs.json;results/P5/t1_denovo_inputs.json,0.55,0.55,0.35,0.75,0.5175,0.5025,0.68,0,,,,,,,
P5_S_NAT,natural,primary,ame_crystal_rmsd_min,comparator,charge,q_diff,same_ec,20,177,20,59,none,results/P5/scores_m3.csv;results/P5/t1_inputs.json;results/P5/t1_denovo_inputs.json,0.35,0.65,0.15,0.55,0.54,0.5025,0.635,0,,,,,,,
P5_S_NAT,natural,primary,ame_crystal_pass,comparator,charge,q_diff,same_ec,20,177,20,59,none,results/P5/scores_m3.csv;results/P5/t1_inputs.json;results/P5/t1_denovo_inputs.json,0.475,0.525,0.425,0.5,0.5012,0.5,0.5112,0,,,,,,,
P5_S_NAT,natural,primary,chai_ptm_mean,comparator,charge,q_diff,same_ec,20,177,20,59,cognate_higher,results/P5/scores_m3.csv;results/P5/t1_inputs.json;results/P5/t1_denovo_inputs.json,0.6,0.6,0.4,0.8,0.58,0.5075,0.685,0,,,,,,,
P5_S_NAT,natural,primary,chai_plddt_mean,comparator,charge,q_diff,same_ec,20,177,20,59,cognate_higher,results/P5/scores_m3.csv;results/P5/t1_inputs.json;results/P5/t1_denovo_inputs.json,0.65,0.65,0.45,0.85,0.51,0.5025,0.5825,0,,,,,,,
P5_S_NAT,natural,primary,ligand_heavy_atoms,baseline,charge,q_diff,same_ec,20,177,20,59,none,results/P5/scores_m3.csv;results/P5/t1_inputs.json;results/P5/t1_denovo_inputs.json,0.45,0.55,0.25,0.65,0.555,0.5037,0.7512,0,,,,,,,
P5_S_NAT,natural,primary,ligand_formal_charge,baseline,charge,q_diff,same_ec,20,177,20,59,none,results/P5/scores_m3.csv;results/P5/t1_inputs.json;results/P5/t1_denovo_inputs.json,0.5,0.5,0.3,0.7,0.5112,0.5025,0.7275,0,,,,,,,
P5_S_NAT,natural,primary,chai_iptm_mean,headline,charge,q_diff,diff_ec,21,177,21,59,cognate_higher,results/P5/scores_m3.csv;results/P5/t1_inputs.json;results/P5/t1_denovo_inputs.json,0.5714,0.5714,0.3798,0.7619,0.7392,0.5488,0.8889,0,,,,,,,
P5_S_NAT,natural,primary,chai_aggregate_score_mean,headline,charge,q_diff,diff_ec,21,177,21,59,cognate_higher,results/P5/scores_m3.csv;results/P5/t1_inputs.json;results/P5/t1_denovo_inputs.json,0.5714,0.5714,0.3798,0.7619,0.7392,0.551,0.8889,0,,,,,,,
P5_S_NAT,natural,primary,chai_per_chain_ptm_min_mean,headline,charge,q_diff,diff_ec,21,177,21,59,cognate_higher,results/P5/scores_m3.csv;results/P5/t1_inputs.json;results/P5/t1_denovo_inputs.json,0.4762,0.5238,0.2857,0.6667,0.5193,0.5034,0.7302,0,,,,,,,
P5_S_NAT,natural,primary,ame_crystal_clash_max,headline,charge,q_diff,diff_ec,21,177,21,59,none,results/P5/scores_m3.csv;results/P5/t1_inputs.json;results/P5/t1_denovo_inputs.json,0.3333,0.6667,0.1429,0.5238,0.6893,0.5601,0.8118,0,,,,,,,
P5_S_NAT,natural,primary,ame_crystal_rmsd_min,comparator,charge,q_diff,diff_ec,21,177,21,59,none,results/P5/scores_m3.csv;results/P5/t1_inputs.json;results/P5/t1_denovo_inputs.json,0.4762,0.5238,0.2857,0.7143,0.5238,0.5011,0.5964,0,,,,,,,
P5_S_NAT,natural,primary,ame_crystal_pass,comparator,charge,q_diff,diff_ec,21,177,21,59,none,results/P5/scores_m3.csv;results/P5/t1_inputs.json;results/P5/t1_denovo_inputs.json,0.4762,0.5238,0.4286,0.5,0.5204,0.5,0.568,0,,,,,,,
P5_S_NAT,natural,primary,chai_ptm_mean,comparator,charge,q_diff,diff_ec,21,177,21,59,cognate_higher,results/P5/scores_m3.csv;results/P5/t1_inputs.json;results/P5/t1_denovo_inputs.json,0.7619,0.7619,0.5714,0.9524,0.5918,0.5261,0.6893,1,,,,,,,
P5_S_NAT,natural,primary,chai_plddt_mean,comparator,charge,q_diff,diff_ec,21,177,21,59,cognate_higher,results/P5/scores_m3.csv;results/P5/t1_inputs.json;results/P5/t1_denovo_inputs.json,0.5238,0.5238,0.3333,0.7155,0.517,0.5011,0.5714,0,,,,,,,
P5_S_NAT,natural,primary,ligand_heavy_atoms,baseline,charge,q_diff,diff_ec,21,177,21,59,none,results/P5/scores_m3.csv;results/P5/t1_inputs.json;results/P5/t1_denovo_inputs.json,0.5714,0.5714,0.3798,0.7619,0.5828,0.5045,0.78,0,,,,,,,
P5_S_NAT,natural,primary,ligand_formal_charge,baseline,charge,q_diff,diff_ec,21,177,21,59,none,results/P5/scores_m3.csv;results/P5/t1_inputs.json;results/P5/t1_denovo_inputs.json,0.5714,0.5714,0.381,0.7619,0.5454,0.5034,0.7472,0,,,,,,,
P5_S_NAT,natural,primary,chai_iptm_mean,headline,charge,q_diff,decoy,17,177,17,59,cognate_higher,results/P5/scores_m3.csv;results/P5/t1_inputs.json;results/P5/t1_denovo_inputs.json,0.5294,0.5294,0.2941,0.7647,0.5502,0.5052,0.7612,0,,,,,,,
P5_S_NAT,natural,primary,chai_aggregate_score_mean,headline,charge,q_diff,decoy,17,177,17,59,cognate_higher,results/P5/scores_m3.csv;results/P5/t1_inputs.json;results/P5/t1_denovo_inputs.json,0.5294,0.5294,0.2941,0.7647,0.5433,0.5052,0.7509,0,,,,,,,
P5_S_NAT,natural,primary,chai_per_chain_ptm_min_mean,headline,charge,q_diff,decoy,17,177,17,59,cognate_higher,results/P5/scores_m3.csv;results/P5/t1_inputs.json;results/P5/t1_denovo_inputs.json,0.5294,0.5294,0.2941,0.7647,0.5329,0.5052,0.737,0,,,,,,,
P5_S_NAT,natural,primary,ame_crystal_clash_max,headline,charge,q_diff,decoy,17,177,17,59,none,results/P5/scores_m3.csv;results/P5/t1_inputs.json;results/P5/t1_denovo_inputs.json,0.5882,0.5882,0.3529,0.8235,0.564,0.5051,0.7405,0,,,,,,,
P5_S_NAT,natural,primary,ame_crystal_rmsd_min,comparator,charge,q_diff,decoy,17,177,17,59,none,results/P5/scores_m3.csv;results/P5/t1_inputs.json;results/P5/t1_denovo_inputs.json,0.2941,0.7059,0.1176,0.5294,0.5606,0.5052,0.6713,0,,,,,,,
P5_S_NAT,natural,primary,ame_crystal_pass,comparator,charge,q_diff,decoy,17,177,17,59,none,results/P5/scores_m3.csv;results/P5/t1_inputs.json;results/P5/t1_denovo_inputs.json,0.5,0.5,0.4118,0.5882,0.5035,0.5,0.5882,0,,,,,,,
P5_S_NAT,natural,primary,chai_ptm_mean,comparator,charge,q_diff,decoy,17,177,17,59,cognate_higher,results/P5/scores_m3.csv;results/P5/t1_inputs.json;results/P5/t1_denovo_inputs.json,0.6471,0.6471,0.4118,0.8824,0.5744,0.5052,0.6782,0,,,,,,,
P5_S_NAT,natural,primary,chai_plddt_mean,comparator,charge,q_diff,decoy,17,177,17,59,cognate_higher,results/P5/scores_m3.csv;results/P5/t1_inputs.json;results/P5/t1_denovo_inputs.json,0.5294,0.5294,0.2941,0.7647,0.5017,0.5017,0.5675,0,,,,,,,
P5_S_NAT,natural,primary,ligand_heavy_atoms,baseline,charge,q_diff,decoy,17,177,17,59,none,results/P5/scores_m3.csv;results/P5/t1_inputs.json;results/P5/t1_denovo_inputs.json,0.3529,0.6471,0.1176,0.5882,0.6107,0.5069,0.8356,0,,,,,,,
P5_S_NAT,natural,primary,ligand_formal_charge,baseline,charge,q_diff,decoy,17,177,17,59,none,results/P5/scores_m3.csv;results/P5/t1_inputs.json;results/P5/t1_denovo_inputs.json,0.4118,0.5882,0.1765,0.6471,0.5848,0.5052,0.7976,0,,,,,,,
P5_S_NAT,natural,primary,chai_iptm_mean,headline,charge,q_diff,pooled_3,58,177,33,59,cognate_higher,results/P5/scores_m3.csv;results/P5/t1_inputs.json;results/P5/t1_denovo_inputs.json,0.569,0.569,0.4032,0.7647,,,,0,,,,,,,
P5_S_NAT,natural,primary,chai_aggregate_score_mean,headline,charge,q_diff,pooled_3,58,177,33,59,cognate_higher,results/P5/scores_m3.csv;results/P5/t1_inputs.json;results/P5/t1_denovo_inputs.json,0.569,0.569,0.4032,0.7647,,,,0,,,,,,,
P5_S_NAT,natural,primary,chai_per_chain_ptm_min_mean,headline,charge,q_diff,pooled_3,58,177,33,59,cognate_higher,results/P5/scores_m3.csv;results/P5/t1_inputs.json;results/P5/t1_denovo_inputs.json,0.5345,0.5345,0.371,0.6964,,,,0,,,,,,,
P5_S_NAT,natural,primary,ame_crystal_clash_max,headline,charge,q_diff,pooled_3,58,177,33,59,none,results/P5/scores_m3.csv;results/P5/t1_inputs.json;results/P5/t1_denovo_inputs.json,0.4828,0.5172,0.3051,0.6406,,,,0,,,,,,,
P5_S_NAT,natural,primary,ame_crystal_rmsd_min,comparator,charge,q_diff,pooled_3,58,177,33,59,none,results/P5/scores_m3.csv;results/P5/t1_inputs.json;results/P5/t1_denovo_inputs.json,0.3793,0.6207,0.2295,0.5424,,,,0,,,,,,,
P5_S_NAT,natural,primary,ame_crystal_pass,comparator,charge,q_diff,pooled_3,58,177,33,59,none,results/P5/scores_m3.csv;results/P5/t1_inputs.json;results/P5/t1_denovo_inputs.json,0.4828,0.5172,0.4242,0.5238,,,,0,,,,,,,
P5_S_NAT,natural,primary,chai_ptm_mean,comparator,charge,q_diff,pooled_3,58,177,33,59,cognate_higher,results/P5/scores_m3.csv;results/P5/t1_inputs.json;results/P5/t1_denovo_inputs.json,0.6724,0.6724,0.5263,0.8182,,,,1,,,,,,,
P5_S_NAT,natural,primary,chai_plddt_mean,comparator,charge,q_diff,pooled_3,58,177,33,59,cognate_higher,results/P5/scores_m3.csv;results/P5/t1_inputs.json;results/P5/t1_denovo_inputs.json,0.569,0.569,0.4062,0.7547,,,,0,,,,,,,
P5_S_NAT,natural,primary,ligand_heavy_atoms,baseline,charge,q_diff,pooled_3,58,177,33,59,none,results/P5/scores_m3.csv;results/P5/t1_inputs.json;results/P5/t1_denovo_inputs.json,0.4655,0.5345,0.3088,0.6604,,,,0,,,,,,,
P5_S_NAT,natural,primary,ligand_formal_charge,baseline,charge,q_diff,pooled_3,58,177,33,59,none,results/P5/scores_m3.csv;results/P5/t1_inputs.json;results/P5/t1_denovo_inputs.json,0.5,0.5,0.3385,0.6964,,,,0,,,,,,,
P5_S_NAT,natural,primary,chai_iptm_mean,headline,joint,matched&q_same,same_ec,15,177,15,59,cognate_higher,results/P5/scores_m3.csv;results/P5/t1_inputs.json;results/P5/t1_denovo_inputs.json,0.7333,0.7333,0.4667,0.9333,0.56,0.5067,0.649,0,,,,,,,
P5_S_NAT,natural,primary,chai_aggregate_score_mean,headline,joint,matched&q_same,same_ec,15,177,15,59,cognate_higher,results/P5/scores_m3.csv;results/P5/t1_inputs.json;results/P5/t1_denovo_inputs.json,0.7333,0.7333,0.4667,0.9333,0.5556,0.5067,0.6444,0,,,,,,,
P5_S_NAT,natural,primary,chai_per_chain_ptm_min_mean,headline,joint,matched&q_same,same_ec,15,177,15,59,cognate_higher,results/P5/scores_m3.csv;results/P5/t1_inputs.json;results/P5/t1_denovo_inputs.json,0.4,0.6,0.2,0.6667,0.5467,0.5022,0.6667,0,,,,,,,
P5_S_NAT,natural,primary,ame_crystal_clash_max,headline,joint,matched&q_same,same_ec,15,177,15,59,none,results/P5/scores_m3.csv;results/P5/t1_inputs.json;results/P5/t1_denovo_inputs.json,0.6667,0.6667,0.4,0.8667,0.5156,0.5022,0.6533,0,,,,,,,
P5_S_NAT,natural,primary,ame_crystal_rmsd_min,comparator,joint,matched&q_same,same_ec,15,177,15,59,none,results/P5/scores_m3.csv;results/P5/t1_inputs.json;results/P5/t1_denovo_inputs.json,0.6,0.6,0.3333,0.8667,0.5022,0.5022,0.5956,0,,,,,,,
P5_S_NAT,natural,primary,ame_crystal_pass,comparator,joint,matched&q_same,same_ec,15,177,15,59,none,results/P5/scores_m3.csv;results/P5/t1_inputs.json;results/P5/t1_denovo_inputs.json,0.5,0.5,0.5,0.5,0.5,0.5,0.5,0,,,,,,,
P5_S_NAT,natural,primary,chai_ptm_mean,comparator,joint,matched&q_same,same_ec,15,177,15,59,cognate_higher,results/P5/scores_m3.csv;results/P5/t1_inputs.json;results/P5/t1_denovo_inputs.json,0.6667,0.6667,0.4,0.8667,0.6222,0.5156,0.7644,0,,,,,,,
P5_S_NAT,natural,primary,chai_plddt_mean,comparator,joint,matched&q_same,same_ec,15,177,15,59,cognate_higher,results/P5/scores_m3.csv;results/P5/t1_inputs.json;results/P5/t1_denovo_inputs.json,0.6,0.6,0.3333,0.8667,0.5422,0.5022,0.6178,0,,,,,,,
P5_S_NAT,natural,primary,ligand_heavy_atoms,baseline,joint,matched&q_same,same_ec,15,177,15,59,none,results/P5/scores_m3.csv;results/P5/t1_inputs.json;results/P5/t1_denovo_inputs.json,0.3,0.7,0.1,0.5333,0.5756,0.5089,0.6667,0,,,,,,,
P5_S_NAT,natural,primary,ligand_formal_charge,baseline,joint,matched&q_same,same_ec,15,177,15,59,none,results/P5/scores_m3.csv;results/P5/t1_inputs.json;results/P5/t1_denovo_inputs.json,0.5,0.5,0.5,0.5,0.5,0.5,0.5,0,,,,,,,
P5_S_NAT,natural,primary,chai_iptm_mean,headline,joint,matched&q_same,diff_ec,10,177,10,59,cognate_higher,results/P5/scores_m3.csv;results/P5/t1_inputs.json;results/P5/t1_denovo_inputs.json,1.0,1.0,1.0,1.0,0.72,0.65,0.88,1,,,,,,,
P5_S_NAT,natural,primary,chai_aggregate_score_mean,headline,joint,matched&q_same,diff_ec,10,177,10,59,cognate_higher,results/P5/scores_m3.csv;results/P5/t1_inputs.json;results/P5/t1_denovo_inputs.json,1.0,1.0,1.0,1.0,0.73,0.65,0.89,1,,,,,,,
P5_S_NAT,natural,primary,chai_per_chain_ptm_min_mean,headline,joint,matched&q_same,diff_ec,10,177,10,59,cognate_higher,results/P5/scores_m3.csv;results/P5/t1_inputs.json;results/P5/t1_denovo_inputs.json,0.7,0.7,0.4,1.0,0.67,0.51,0.88,0,,,,,,,
P5_S_NAT,natural,primary,ame_crystal_clash_max,headline,joint,matched&q_same,diff_ec,10,177,10,59,none,results/P5/scores_m3.csv;results/P5/t1_inputs.json;results/P5/t1_denovo_inputs.json,0.3,0.7,0.0,0.6,0.62,0.51,0.81,0,,,,,,,
P5_S_NAT,natural,primary,ame_crystal_rmsd_min,comparator,joint,matched&q_same,diff_ec,10,177,10,59,none,results/P5/scores_m3.csv;results/P5/t1_inputs.json;results/P5/t1_denovo_inputs.json,0.7,0.7,0.4,1.0,0.51,0.5,0.62,0,,,,,,,
P5_S_NAT,natural,primary,ame_crystal_pass,comparator,joint,matched&q_same,diff_ec,10,177,10,59,none,results/P5/scores_m3.csv;results/P5/t1_inputs.json;results/P5/t1_denovo_inputs.json,0.55,0.55,0.5,0.65,0.55,0.5,0.65,0,,,,,,,
P5_S_NAT,natural,primary,chai_ptm_mean,comparator,joint,matched&q_same,diff_ec,10,177,10,59,cognate_higher,results/P5/scores_m3.csv;results/P5/t1_inputs.json;results/P5/t1_denovo_inputs.json,0.9,0.9,0.7,1.0,0.63,0.53,0.8,1,,,,,,,
P5_S_NAT,natural,primary,chai_plddt_mean,comparator,joint,matched&q_same,diff_ec,10,177,10,59,cognate_higher,results/P5/scores_m3.csv;results/P5/t1_inputs.json;results/P5/t1_denovo_inputs.json,1.0,1.0,1.0,1.0,0.57,0.58,0.68,1,,,,,,,
P5_S_NAT,natural,primary,ligand_heavy_atoms,baseline,joint,matched&q_same,diff_ec,10,177,10,59,none,results/P5/scores_m3.csv;results/P5/t1_inputs.json;results/P5/t1_denovo_inputs.json,0.35,0.65,0.15,0.55,0.595,0.505,0.765,0,,,,,,,
P5_S_NAT,natural,primary,ligand_formal_charge,baseline,joint,matched&q_same,diff_ec,10,177,10,59,none,results/P5/scores_m3.csv;results/P5/t1_inputs.json;results/P5/t1_denovo_inputs.json,0.5,0.5,0.5,0.5,0.5,0.5,0.5,0,,,,,,,
P5_S_NAT,natural,primary,chai_iptm_mean,headline,joint,matched&q_same,decoy,8,177,8,59,cognate_higher,results/P5/scores_m3.csv;results/P5/t1_inputs.json;results/P5/t1_denovo_inputs.json,0.875,0.875,0.625,1.0,0.75,0.5625,0.9688,"n<10, not estimated",,,,,,,
P5_S_NAT,natural,primary,chai_aggregate_score_mean,headline,joint,matched&q_same,decoy,8,177,8,59,cognate_higher,results/P5/scores_m3.csv;results/P5/t1_inputs.json;results/P5/t1_denovo_inputs.json,0.875,0.875,0.625,1.0,0.7656,0.5625,1.0,"n<10, not estimated",,,,,,,
P5_S_NAT,natural,primary,chai_per_chain_ptm_min_mean,headline,joint,matched&q_same,decoy,8,177,8,59,cognate_higher,results/P5/scores_m3.csv;results/P5/t1_inputs.json;results/P5/t1_denovo_inputs.json,0.75,0.75,0.375,1.0,0.6094,0.5156,0.7656,"n<10, not estimated",,,,,,,
P5_S_NAT,natural,primary,ame_crystal_clash_max,headline,joint,matched&q_same,decoy,8,177,8,59,none,results/P5/scores_m3.csv;results/P5/t1_inputs.json;results/P5/t1_denovo_inputs.json,0.625,0.625,0.25,0.875,0.5469,0.5,0.7188,"n<10, not estimated",,,,,,,
P5_S_NAT,natural,primary,ame_crystal_rmsd_min,comparator,joint,matched&q_same,decoy,8,177,8,59,none,results/P5/scores_m3.csv;results/P5/t1_inputs.json;results/P5/t1_denovo_inputs.json,0.5,0.5,0.125,0.875,0.5156,0.5,0.6875,"n<10, not estimated",,,,,,,
P5_S_NAT,natural,primary,ame_crystal_pass,comparator,joint,matched&q_same,decoy,8,177,8,59,none,results/P5/scores_m3.csv;results/P5/t1_inputs.json;results/P5/t1_denovo_inputs.json,0.5,0.5,0.5,0.5,0.5,0.5,0.5,"n<10, not estimated",,,,,,,
P5_S_NAT,natural,primary,chai_ptm_mean,comparator,joint,matched&q_same,decoy,8,177,8,59,cognate_higher,results/P5/scores_m3.csv;results/P5/t1_inputs.json;results/P5/t1_denovo_inputs.json,0.875,0.875,0.625,1.0,0.6562,0.5312,0.8594,"n<10, not estimated",,,,,,,
P5_S_NAT,natural,primary,chai_plddt_mean,comparator,joint,matched&q_same,decoy,8,177,8,59,cognate_higher,results/P5/scores_m3.csv;results/P5/t1_inputs.json;results/P5/t1_denovo_inputs.json,0.875,0.875,0.625,1.0,0.5625,0.5156,0.7031,"n<10, not estimated",,,,,,,
P5_S_NAT,natural,primary,ligand_heavy_atoms,baseline,joint,matched&q_same,decoy,8,177,8,59,none,results/P5/scores_m3.csv;results/P5/t1_inputs.json;results/P5/t1_denovo_inputs.json,0.4375,0.5625,0.1875,0.6875,0.5078,0.5,0.6406,"n<10, not estimated",,,,,,,
P5_S_NAT,natural,primary,ligand_formal_charge,baseline,joint,matched&q_same,decoy,8,177,8,59,none,results/P5/scores_m3.csv;results/P5/t1_inputs.json;results/P5/t1_denovo_inputs.json,0.5,0.5,0.5,0.5,0.5,0.5,0.5,"n<10, not estimated",,,,,,,
P5_S_NAT,natural,primary,chai_iptm_mean,headline,joint,matched&q_same,pooled_3,33,177,26,59,cognate_higher,results/P5/scores_m3.csv;results/P5/t1_inputs.json;results/P5/t1_denovo_inputs.json,0.8485,0.8485,0.7143,0.9677,,,,1,,,,,,,
P5_S_NAT,natural,primary,chai_aggregate_score_mean,headline,joint,matched&q_same,pooled_3,33,177,26,59,cognate_higher,results/P5/scores_m3.csv;results/P5/t1_inputs.json;results/P5/t1_denovo_inputs.json,0.8485,0.8485,0.7143,0.9677,,,,1,,,,,,,
P5_S_NAT,natural,primary,chai_per_chain_ptm_min_mean,headline,joint,matched&q_same,pooled_3,33,177,26,59,cognate_higher,results/P5/scores_m3.csv;results/P5/t1_inputs.json;results/P5/t1_denovo_inputs.json,0.5758,0.5758,0.4,0.7419,,,,0,,,,,,,
P5_S_NAT,natural,primary,ame_crystal_clash_max,headline,joint,matched&q_same,pooled_3,33,177,26,59,none,results/P5/scores_m3.csv;results/P5/t1_inputs.json;results/P5/t1_denovo_inputs.json,0.5455,0.5455,0.3548,0.7273,,,,0,,,,,,,
P5_S_NAT,natural,primary,ame_crystal_rmsd_min,comparator,joint,matched&q_same,pooled_3,33,177,26,59,none,results/P5/scores_m3.csv;results/P5/t1_inputs.json;results/P5/t1_denovo_inputs.json,0.6061,0.6061,0.4062,0.7879,,,,0,,,,,,,
P5_S_NAT,natural,primary,ame_crystal_pass,comparator,joint,matched&q_same,pooled_3,33,177,26,59,none,results/P5/scores_m3.csv;results/P5/t1_inputs.json;results/P5/t1_denovo_inputs.json,0.5152,0.5152,0.5,0.55,,,,0,,,,,,,
P5_S_NAT,natural,primary,chai_ptm_mean,comparator,joint,matched&q_same,pooled_3,33,177,26,59,cognate_higher,results/P5/scores_m3.csv;results/P5/t1_inputs.json;results/P5/t1_denovo_inputs.json,0.7879,0.7879,0.6452,0.9118,,,,1,,,,,,,
P5_S_NAT,natural,primary,chai_plddt_mean,comparator,joint,matched&q_same,pooled_3,33,177,26,59,cognate_higher,results/P5/scores_m3.csv;results/P5/t1_inputs.json;results/P5/t1_denovo_inputs.json,0.7879,0.7879,0.6562,0.9118,,,,1,,,,,,,
P5_S_NAT,natural,primary,ligand_heavy_atoms,baseline,joint,matched&q_same,pooled_3,33,177,26,59,none,results/P5/scores_m3.csv;results/P5/t1_inputs.json;results/P5/t1_denovo_inputs.json,0.3485,0.6515,0.2258,0.4844,,,,1,,,,,,,
P5_S_NAT,natural,primary,ligand_formal_charge,baseline,joint,matched&q_same,pooled_3,33,177,26,59,none,results/P5/scores_m3.csv;results/P5/t1_inputs.json;results/P5/t1_denovo_inputs.json,0.5,0.5,0.5,0.5,,,,0,,,,,,,
P5_S_NAT,natural,excl_iptm0,chai_iptm_mean,headline,all,all,same_ec,57,177,57,59,cognate_higher,results/P5/scores_m3.csv;results/P5/t1_inputs.json;results/P5/t1_denovo_inputs.json,0.7544,0.7544,0.6316,0.8596,0.7002,0.61,0.7901,1,,,,,,,
P5_S_NAT,natural,excl_iptm0,chai_aggregate_score_mean,headline,all,all,same_ec,57,177,57,59,cognate_higher,results/P5/scores_m3.csv;results/P5/t1_inputs.json;results/P5/t1_denovo_inputs.json,0.7544,0.7544,0.6316,0.8596,0.7002,0.61,0.7901,1,,,,,,,
P5_S_NAT,natural,excl_iptm0,chai_per_chain_ptm_min_mean,headline,all,all,same_ec,57,177,57,59,cognate_higher,results/P5/scores_m3.csv;results/P5/t1_inputs.json;results/P5/t1_denovo_inputs.json,0.5789,0.5789,0.4561,0.7018,0.5786,0.5051,0.6679,0,,,,,,,
P5_S_NAT,natural,excl_iptm0,ame_crystal_clash_max,headline,all,all,same_ec,57,177,57,59,none,results/P5/scores_m3.csv;results/P5/t1_inputs.json;results/P5/t1_denovo_inputs.json,0.4737,0.5263,0.3509,0.5965,0.6156,0.5322,0.699,0,,,,,,,
P5_S_NAT,natural,excl_iptm0,ame_crystal_rmsd_min,comparator,all,all,same_ec,57,177,57,59,none,results/P5/scores_m3.csv;results/P5/t1_inputs.json;results/P5/t1_denovo_inputs.json,0.4561,0.5439,0.3333,0.5789,0.5232,0.5014,0.5605,0,,,,,,,
P5_S_NAT,natural,excl_iptm0,ame_crystal_pass,comparator,all,all,same_ec,57,177,57,59,none,results/P5/scores_m3.csv;results/P5/t1_inputs.json;results/P5/t1_denovo_inputs.json,0.4912,0.5088,0.4737,0.5,0.5002,0.5,0.5014,0,,,,,,,
P5_S_NAT,natural,excl_iptm0,chai_ptm_mean,comparator,all,all,same_ec,57,177,57,59,cognate_higher,results/P5/scores_m3.csv;results/P5/t1_inputs.json;results/P5/t1_denovo_inputs.json,0.7368,0.7368,0.614,0.8421,0.6125,0.5654,0.6716,1,,,,,,,
P5_S_NAT,natural,excl_iptm0,chai_plddt_mean,comparator,all,all,same_ec,57,177,57,59,cognate_higher,results/P5/scores_m3.csv;results/P5/t1_inputs.json;results/P5/t1_denovo_inputs.json,0.6667,0.6667,0.5439,0.7895,0.5214,0.5032,0.5472,1,,,,,,,
P5_S_NAT,natural,excl_iptm0,ligand_heavy_atoms,baseline,all,all,same_ec,57,177,57,59,none,results/P5/scores_m3.csv;results/P5/t1_inputs.json;results/P5/t1_denovo_inputs.json,0.4649,0.5351,0.3333,0.5965,0.5038,0.5018,0.6254,0,,,,,,,
P5_S_NAT,natural,excl_iptm0,ligand_formal_charge,baseline,all,all,same_ec,57,177,57,59,none,results/P5/scores_m3.csv;results/P5/t1_inputs.json;results/P5/t1_denovo_inputs.json,0.5,0.5,0.4298,0.5789,0.5071,0.5012,0.5845,0,,,,,,,
P5_S_NAT,natural,excl_iptm0,chai_iptm_mean,headline,all,all,diff_ec,58,177,58,59,cognate_higher,results/P5/scores_m3.csv;results/P5/t1_inputs.json;results/P5/t1_denovo_inputs.json,0.7759,0.7759,0.6724,0.8793,0.7533,0.67,0.8338,1,,,,,,,
P5_S_NAT,natural,excl_iptm0,chai_aggregate_score_mean,headline,all,all,diff_ec,58,177,58,59,cognate_higher,results/P5/scores_m3.csv;results/P5/t1_inputs.json;results/P5/t1_denovo_inputs.json,0.7759,0.7759,0.6724,0.8793,0.753,0.6703,0.8335,1,,,,,,,
P5_S_NAT,natural,excl_iptm0,chai_per_chain_ptm_min_mean,headline,all,all,diff_ec,58,177,58,59,cognate_higher,results/P5/scores_m3.csv;results/P5/t1_inputs.json;results/P5/t1_denovo_inputs.json,0.569,0.569,0.4483,0.6897,0.6061,0.5092,0.7122,0,,,,,,,
P5_S_NAT,natural,excl_iptm0,ame_crystal_clash_max,headline,all,all,diff_ec,58,177,58,59,none,results/P5/scores_m3.csv;results/P5/t1_inputs.json;results/P5/t1_denovo_inputs.json,0.3103,0.6897,0.1897,0.431,0.6564,0.5806,0.7357,1,,,,,,,
P5_S_NAT,natural,excl_iptm0,ame_crystal_rmsd_min,comparator,all,all,diff_ec,58,177,58,59,none,results/P5/scores_m3.csv;results/P5/t1_inputs.json;results/P5/t1_denovo_inputs.json,0.4828,0.5172,0.3621,0.6034,0.5333,0.505,0.5696,0,,,,,,,
P5_S_NAT,natural,excl_iptm0,ame_crystal_pass,comparator,all,all,diff_ec,58,177,58,59,none,results/P5/scores_m3.csv;results/P5/t1_inputs.json;results/P5/t1_denovo_inputs.json,0.4914,0.5086,0.4569,0.5172,0.5001,0.5,0.5259,0,,,,,,,
P5_S_NAT,natural,excl_iptm0,chai_ptm_mean,comparator,all,all,diff_ec,58,177,58,59,cognate_higher,results/P5/scores_m3.csv;results/P5/t1_inputs.json;results/P5/t1_denovo_inputs.json,0.8621,0.8621,0.7759,0.9483,0.6332,0.5889,0.6941,1,,,,,,,
P5_S_NAT,natural,excl_iptm0,chai_plddt_mean,comparator,all,all,diff_ec,58,177,58,59,cognate_higher,results/P5/scores_m3.csv;results/P5/t1_inputs.json;results/P5/t1_denovo_inputs.json,0.7759,0.7759,0.6724,0.8793,0.5297,0.5143,0.5553,1,,,,,,,
P5_S_NAT,natural,excl_iptm0,ligand_heavy_atoms,baseline,all,all,diff_ec,58,177,58,59,none,results/P5/scores_m3.csv;results/P5/t1_inputs.json;results/P5/t1_denovo_inputs.json,0.5776,0.5776,0.4569,0.6983,0.5498,0.5024,0.6518,0,,,,,,,
P5_S_NAT,natural,excl_iptm0,ligand_formal_charge,baseline,all,all,diff_ec,58,177,58,59,none,results/P5/scores_m3.csv;results/P5/t1_inputs.json;results/P5/t1_denovo_inputs.json,0.5259,0.5259,0.4483,0.6034,0.5169,0.501,0.5907,0,,,,,,,
P5_S_NAT,natural,excl_iptm0,chai_iptm_mean,headline,all,all,decoy,56,177,56,59,cognate_higher,results/P5/scores_m3.csv;results/P5/t1_inputs.json;results/P5/t1_denovo_inputs.json,0.7143,0.7143,0.5893,0.8393,0.6607,0.5577,0.7612,1,,,,,,,
P5_S_NAT,natural,excl_iptm0,chai_aggregate_score_mean,headline,all,all,decoy,56,177,56,59,cognate_higher,results/P5/scores_m3.csv;results/P5/t1_inputs.json;results/P5/t1_denovo_inputs.json,0.7143,0.7143,0.5893,0.8393,0.662,0.559,0.7618,1,,,,,,,
P5_S_NAT,natural,excl_iptm0,chai_per_chain_ptm_min_mean,headline,all,all,decoy,56,177,56,59,cognate_higher,results/P5/scores_m3.csv;results/P5/t1_inputs.json;results/P5/t1_denovo_inputs.json,0.4821,0.5179,0.3571,0.6071,0.5086,0.5016,0.6164,0,,,,,,,
P5_S_NAT,natural,excl_iptm0,ame_crystal_clash_max,headline,all,all,decoy,56,177,56,59,none,results/P5/scores_m3.csv;results/P5/t1_inputs.json;results/P5/t1_denovo_inputs.json,0.4286,0.5714,0.3036,0.5536,0.6272,0.5386,0.714,0,,,,,,,
P5_S_NAT,natural,excl_iptm0,ame_crystal_rmsd_min,comparator,all,all,decoy,56,177,56,59,none,results/P5/scores_m3.csv;results/P5/t1_inputs.json;results/P5/t1_denovo_inputs.json,0.4286,0.5714,0.3036,0.5536,0.522,0.5013,0.5628,0,,,,,,,
P5_S_NAT,natural,excl_iptm0,ame_crystal_pass,comparator,all,all,decoy,56,177,56,59,none,results/P5/scores_m3.csv;results/P5/t1_inputs.json;results/P5/t1_denovo_inputs.json,0.5,0.5,0.4732,0.5268,0.5008,0.5,0.5268,0,,,,,,,
P5_S_NAT,natural,excl_iptm0,chai_ptm_mean,comparator,all,all,decoy,56,177,56,59,cognate_higher,results/P5/scores_m3.csv;results/P5/t1_inputs.json;results/P5/t1_denovo_inputs.json,0.7679,0.7679,0.6607,0.875,0.6441,0.588,0.7101,1,,,,,,,
P5_S_NAT,natural,excl_iptm0,chai_plddt_mean,comparator,all,all,decoy,56,177,56,59,cognate_higher,results/P5/scores_m3.csv;results/P5/t1_inputs.json;results/P5/t1_denovo_inputs.json,0.6607,0.6607,0.5357,0.7857,0.5166,0.5013,0.5453,1,,,,,,,
P5_S_NAT,natural,excl_iptm0,ligand_heavy_atoms,baseline,all,all,decoy,56,177,56,59,none,results/P5/scores_m3.csv;results/P5/t1_inputs.json;results/P5/t1_denovo_inputs.json,0.3661,0.6339,0.25,0.4911,0.5799,0.5051,0.6897,1,,,,,,,
P5_S_NAT,natural,excl_iptm0,ligand_formal_charge,baseline,all,all,decoy,56,177,56,59,none,results/P5/scores_m3.csv;results/P5/t1_inputs.json;results/P5/t1_denovo_inputs.json,0.4732,0.5268,0.4018,0.5446,0.5265,0.501,0.5966,0,,,,,,,
P5_S_NAT,natural,excl_iptm0,chai_iptm_mean,headline,all,all,pooled_3,171,177,58,59,cognate_higher,results/P5/scores_m3.csv;results/P5/t1_inputs.json;results/P5/t1_denovo_inputs.json,0.7485,0.7485,0.6512,0.8421,,,,1,,,,,,,
P5_S_NAT,natural,excl_iptm0,chai_aggregate_score_mean,headline,all,all,pooled_3,171,177,58,59,cognate_higher,results/P5/scores_m3.csv;results/P5/t1_inputs.json;results/P5/t1_denovo_inputs.json,0.7485,0.7485,0.6512,0.8421,,,,1,,,,,,,
P5_S_NAT,natural,excl_iptm0,chai_per_chain_ptm_min_mean,headline,all,all,pooled_3,171,177,58,59,cognate_higher,results/P5/scores_m3.csv;results/P5/t1_inputs.json;results/P5/t1_denovo_inputs.json,0.5439,0.5439,0.4471,0.6359,,,,0,,,,,,,
P5_S_NAT,natural,excl_iptm0,ame_crystal_clash_max,headline,all,all,pooled_3,171,177,58,59,none,results/P5/scores_m3.csv;results/P5/t1_inputs.json;results/P5/t1_denovo_inputs.json,0.4035,0.5965,0.2982,0.5087,,,,0,,,,,,,
P5_S_NAT,natural,excl_iptm0,ame_crystal_rmsd_min,comparator,all,all,pooled_3,171,177,58,59,none,results/P5/scores_m3.csv;results/P5/t1_inputs.json;results/P5/t1_denovo_inputs.json,0.4561,0.5439,0.3526,0.5607,,,,0,,,,,,,
P5_S_NAT,natural,excl_iptm0,ame_crystal_pass,comparator,all,all,pooled_3,171,177,58,59,none,results/P5/scores_m3.csv;results/P5/t1_inputs.json;results/P5/t1_denovo_inputs.json,0.4942,0.5058,0.4708,0.5145,,,,0,,,,,,,
P5_S_NAT,natural,excl_iptm0,chai_ptm_mean,comparator,all,all,pooled_3,171,177,58,59,cognate_higher,results/P5/scores_m3.csv;results/P5/t1_inputs.json;results/P5/t1_denovo_inputs.json,0.7895,0.7895,0.711,0.8675,,,,1,,,,,,,
P5_S_NAT,natural,excl_iptm0,chai_plddt_mean,comparator,all,all,pooled_3,171,177,58,59,cognate_higher,results/P5/scores_m3.csv;results/P5/t1_inputs.json;results/P5/t1_denovo_inputs.json,0.7018,0.7018,0.6069,0.7953,,,,1,,,,,,,
P5_S_NAT,natural,excl_iptm0,ligand_heavy_atoms,baseline,all,all,pooled_3,171,177,58,59,none,results/P5/scores_m3.csv;results/P5/t1_inputs.json;results/P5/t1_denovo_inputs.json,0.4708,0.5292,0.3713,0.5694,,,,0,,,,,,,
P5_S_NAT,natural,excl_iptm0,ligand_formal_charge,baseline,all,all,pooled_3,171,177,58,59,none,results/P5/scores_m3.csv;results/P5/t1_inputs.json;results/P5/t1_denovo_inputs.json,0.5,0.5,0.4364,0.5588,,,,0,,,,,,,
P5_S_NAT,natural,excl_iptm0,chai_iptm_mean,headline,size,smaller,same_ec,18,177,18,59,cognate_higher,results/P5/scores_m3.csv;results/P5/t1_inputs.json;results/P5/t1_denovo_inputs.json,1.0,1.0,1.0,1.0,0.9907,0.963,1.0,1,,,,,,,
P5_S_NAT,natural,excl_iptm0,chai_aggregate_score_mean,headline,size,smaller,same_ec,18,177,18,59,cognate_higher,results/P5/scores_m3.csv;results/P5/t1_inputs.json;results/P5/t1_denovo_inputs.json,1.0,1.0,1.0,1.0,0.9907,0.963,1.0,1,,,,,,,
P5_S_NAT,natural,excl_iptm0,chai_per_chain_ptm_min_mean,headline,size,smaller,same_ec,18,177,18,59,cognate_higher,results/P5/scores_m3.csv;results/P5/t1_inputs.json;results/P5/t1_denovo_inputs.json,0.8333,0.8333,0.6667,1.0,0.7994,0.6019,0.9753,1,,,,,,,
P5_S_NAT,natural,excl_iptm0,ame_crystal_clash_max,headline,size,smaller,same_ec,18,177,18,59,none,results/P5/scores_m3.csv;results/P5/t1_inputs.json;results/P5/t1_denovo_inputs.json,0.1111,0.8889,0.0,0.2778,0.8302,0.6975,0.9506,1,,,,,,,
P5_S_NAT,natural,excl_iptm0,ame_crystal_rmsd_min,comparator,size,smaller,same_ec,18,177,18,59,none,results/P5/scores_m3.csv;results/P5/t1_inputs.json;results/P5/t1_denovo_inputs.json,0.3889,0.6111,0.1667,0.6111,0.5432,0.5031,0.642,0,,,,,,,
P5_S_NAT,natural,excl_iptm0,ame_crystal_pass,comparator,size,smaller,same_ec,18,177,18,59,none,results/P5/scores_m3.csv;results/P5/t1_inputs.json;results/P5/t1_denovo_inputs.json,0.5,0.5,0.5,0.5,0.5,0.5,0.5,0,,,,,,,
P5_S_NAT,natural,excl_iptm0,chai_ptm_mean,comparator,size,smaller,same_ec,18,177,18,59,cognate_higher,results/P5/scores_m3.csv;results/P5/t1_inputs.json;results/P5/t1_denovo_inputs.json,1.0,1.0,1.0,1.0,0.6327,0.6049,0.7253,1,,,,,,,
P5_S_NAT,natural,excl_iptm0,chai_plddt_mean,comparator,size,smaller,same_ec,18,177,18,59,cognate_higher,results/P5/scores_m3.csv;results/P5/t1_inputs.json;results/P5/t1_denovo_inputs.json,0.8333,0.8333,0.6667,1.0,0.5309,0.5062,0.5988,1,,,,,,,
P5_S_NAT,natural,excl_iptm0,ligand_heavy_atoms,baseline,size,smaller,same_ec,18,177,18,59,none,results/P5/scores_m3.csv;results/P5/t1_inputs.json;results/P5/t1_denovo_inputs.json,1.0,1.0,1.0,1.0,0.9352,0.8611,0.9954,1,,,,,,,
P5_S_NAT,natural,excl_iptm0,ligand_formal_charge,baseline,size,smaller,same_ec,18,177,18,59,none,results/P5/scores_m3.csv;results/P5/t1_inputs.json;results/P5/t1_denovo_inputs.json,0.6389,0.6389,0.5556,0.75,0.6327,0.554,0.7284,1,,,,,,,
P5_S_NAT,natural,excl_iptm0,chai_iptm_mean,headline,size,smaller,diff_ec,26,177,26,59,cognate_higher,results/P5/scores_m3.csv;results/P5/t1_inputs.json;results/P5/t1_denovo_inputs.json,1.0,1.0,1.0,1.0,0.9379,0.8802,0.9867,1,,,,,,,
P5_S_NAT,natural,excl_iptm0,chai_aggregate_score_mean,headline,size,smaller,diff_ec,26,177,26,59,cognate_higher,results/P5/scores_m3.csv;results/P5/t1_inputs.json;results/P5/t1_denovo_inputs.json,1.0,1.0,1.0,1.0,0.9379,0.8802,0.9867,1,,,,,,,
P5_S_NAT,natural,excl_iptm0,chai_per_chain_ptm_min_mean,headline,size,smaller,diff_ec,26,177,26,59,cognate_higher,results/P5/scores_m3.csv;results/P5/t1_inputs.json;results/P5/t1_denovo_inputs.json,0.7308,0.7308,0.5385,0.8846,0.747,0.5784,0.8935,1,,,,,,,
P5_S_NAT,natural,excl_iptm0,ame_crystal_clash_max,headline,size,smaller,diff_ec,26,177,26,59,none,results/P5/scores_m3.csv;results/P5/t1_inputs.json;results/P5/t1_denovo_inputs.json,0.0769,0.9231,0.0,0.1923,0.8831,0.7796,0.9645,1,,,,,,,
P5_S_NAT,natural,excl_iptm0,ame_crystal_rmsd_min,comparator,size,smaller,diff_ec,26,177,26,59,none,results/P5/scores_m3.csv;results/P5/t1_inputs.json;results/P5/t1_denovo_inputs.json,0.3846,0.6154,0.1923,0.5769,0.5695,0.5103,0.6509,0,,,,,,,
P5_S_NAT,natural,excl_iptm0,ame_crystal_pass,comparator,size,smaller,diff_ec,26,177,26,59,none,results/P5/scores_m3.csv;results/P5/t1_inputs.json;results/P5/t1_denovo_inputs.json,0.5,0.5,0.5,0.5,0.5,0.5,0.5,0,,,,,,,
P5_S_NAT,natural,excl_iptm0,chai_ptm_mean,comparator,size,smaller,diff_ec,26,177,26,59,cognate_higher,results/P5/scores_m3.csv;results/P5/t1_inputs.json;results/P5/t1_denovo_inputs.json,0.9615,0.9615,0.8846,1.0,0.6938,0.6228,0.8018,1,,,,,,,
P5_S_NAT,natural,excl_iptm0,chai_plddt_mean,comparator,size,smaller,diff_ec,26,177,26,59,cognate_higher,results/P5/scores_m3.csv;results/P5/t1_inputs.json;results/P5/t1_denovo_inputs.json,0.8846,0.8846,0.7692,1.0,0.5533,0.5266,0.608,1,,,,,,,
P5_S_NAT,natural,excl_iptm0,ligand_heavy_atoms,baseline,size,smaller,diff_ec,26,177,26,59,none,results/P5/scores_m3.csv;results/P5/t1_inputs.json;results/P5/t1_denovo_inputs.json,1.0,1.0,1.0,1.0,0.9068,0.8476,0.9652,1,,,,,,,
P5_S_NAT,natural,excl_iptm0,ligand_formal_charge,baseline,size,smaller,diff_ec,26,177,26,59,none,results/P5/scores_m3.csv;results/P5/t1_inputs.json;results/P5/t1_denovo_inputs.json,0.6154,0.6154,0.5192,0.7115,0.6109,0.5192,0.7041,1,,,,,,,
P5_S_NAT,natural,excl_iptm0,chai_iptm_mean,headline,size,smaller,decoy,16,177,16,59,cognate_higher,results/P5/scores_m3.csv;results/P5/t1_inputs.json;results/P5/t1_denovo_inputs.json,1.0,1.0,1.0,1.0,0.9766,0.9258,1.0,1,,,,,,,
P5_S_NAT,natural,excl_iptm0,chai_aggregate_score_mean,headline,size,smaller,decoy,16,177,16,59,cognate_higher,results/P5/scores_m3.csv;results/P5/t1_inputs.json;results/P5/t1_denovo_inputs.json,1.0,1.0,1.0,1.0,0.9766,0.9258,1.0,1,,,,,,,
P5_S_NAT,natural,excl_iptm0,chai_per_chain_ptm_min_mean,headline,size,smaller,decoy,16,177,16,59,cognate_higher,results/P5/scores_m3.csv;results/P5/t1_inputs.json;results/P5/t1_denovo_inputs.json,0.75,0.75,0.5625,0.9375,0.7734,0.5859,0.9375,1,,,,,,,
P5_S_NAT,natural,excl_iptm0,ame_crystal_clash_max,headline,size,smaller,decoy,16,177,16,59,none,results/P5/scores_m3.csv;results/P5/t1_inputs.json;results/P5/t1_denovo_inputs.json,0.0,1.0,0.0,0.0,0.9648,0.9062,1.0,1,,,,,,,
P5_S_NAT,natural,excl_iptm0,ame_crystal_rmsd_min,comparator,size,smaller,decoy,16,177,16,59,none,results/P5/scores_m3.csv;results/P5/t1_inputs.json;results/P5/t1_denovo_inputs.json,0.375,0.625,0.125,0.625,0.582,0.5039,0.707,0,,,,,,,
P5_S_NAT,natural,excl_iptm0,ame_crystal_pass,comparator,size,smaller,decoy,16,177,16,59,none,results/P5/scores_m3.csv;results/P5/t1_inputs.json;results/P5/t1_denovo_inputs.json,0.5,0.5,0.5,0.5,0.5,0.5,0.5,0,,,,,,,
P5_S_NAT,natural,excl_iptm0,chai_ptm_mean,comparator,size,smaller,decoy,16,177,16,59,cognate_higher,results/P5/scores_m3.csv;results/P5/t1_inputs.json;results/P5/t1_denovo_inputs.json,0.8125,0.8125,0.625,1.0,0.7852,0.6523,0.918,1,,,,,,,
P5_S_NAT,natural,excl_iptm0,chai_plddt_mean,comparator,size,smaller,decoy,16,177,16,59,cognate_higher,results/P5/scores_m3.csv;results/P5/t1_inputs.json;results/P5/t1_denovo_inputs.json,0.875,0.875,0.6875,1.0,0.5859,0.5312,0.6875,1,,,,,,,
P5_S_NAT,natural,excl_iptm0,ligand_heavy_atoms,baseline,size,smaller,decoy,16,177,16,59,none,results/P5/scores_m3.csv;results/P5/t1_inputs.json;results/P5/t1_denovo_inputs.json,1.0,1.0,1.0,1.0,0.9512,0.8906,0.998,1,,,,,,,
P5_S_NAT,natural,excl_iptm0,ligand_formal_charge,baseline,size,smaller,decoy,16,177,16,59,none,results/P5/scores_m3.csv;results/P5/t1_inputs.json;results/P5/t1_denovo_inputs.json,0.5938,0.5938,0.4688,0.7188,0.5879,0.5,0.707,0,,,,,,,
P5_S_NAT,natural,excl_iptm0,chai_iptm_mean,headline,size,smaller,pooled_3,60,177,31,59,cognate_higher,results/P5/scores_m3.csv;results/P5/t1_inputs.json;results/P5/t1_denovo_inputs.json,1.0,1.0,1.0,1.0,,,,1,,,,,,,
P5_S_NAT,natural,excl_iptm0,chai_aggregate_score_mean,headline,size,smaller,pooled_3,60,177,31,59,cognate_higher,results/P5/scores_m3.csv;results/P5/t1_inputs.json;results/P5/t1_denovo_inputs.json,1.0,1.0,1.0,1.0,,,,1,,,,,,,
P5_S_NAT,natural,excl_iptm0,chai_per_chain_ptm_min_mean,headline,size,smaller,pooled_3,60,177,31,59,cognate_higher,results/P5/scores_m3.csv;results/P5/t1_inputs.json;results/P5/t1_denovo_inputs.json,0.7667,0.7667,0.6415,0.8676,,,,1,,,,,,,
P5_S_NAT,natural,excl_iptm0,ame_crystal_clash_max,headline,size,smaller,pooled_3,60,177,31,59,none,results/P5/scores_m3.csv;results/P5/t1_inputs.json;results/P5/t1_denovo_inputs.json,0.0667,0.9333,0.0,0.1475,,,,1,,,,,,,
P5_S_NAT,natural,excl_iptm0,ame_crystal_rmsd_min,comparator,size,smaller,pooled_3,60,177,31,59,none,results/P5/scores_m3.csv;results/P5/t1_inputs.json;results/P5/t1_denovo_inputs.json,0.3833,0.6167,0.2167,0.5715,,,,0,,,,,,,
P5_S_NAT,natural,excl_iptm0,ame_crystal_pass,comparator,size,smaller,pooled_3,60,177,31,59,none,results/P5/scores_m3.csv;results/P5/t1_inputs.json;results/P5/t1_denovo_inputs.json,0.5,0.5,0.5,0.5,,,,0,,,,,,,
P5_S_NAT,natural,excl_iptm0,chai_ptm_mean,comparator,size,smaller,pooled_3,60,177,31,59,cognate_higher,results/P5/scores_m3.csv;results/P5/t1_inputs.json;results/P5/t1_denovo_inputs.json,0.9333,0.9333,0.8475,1.0,,,,1,,,,,,,
P5_S_NAT,natural,excl_iptm0,chai_plddt_mean,comparator,size,smaller,pooled_3,60,177,31,59,cognate_higher,results/P5/scores_m3.csv;results/P5/t1_inputs.json;results/P5/t1_denovo_inputs.json,0.8667,0.8667,0.7302,0.9692,,,,1,,,,,,,
P5_S_NAT,natural,excl_iptm0,ligand_heavy_atoms,baseline,size,smaller,pooled_3,60,177,31,59,none,results/P5/scores_m3.csv;results/P5/t1_inputs.json;results/P5/t1_denovo_inputs.json,1.0,1.0,1.0,1.0,,,,1,,,,,,,
P5_S_NAT,natural,excl_iptm0,ligand_formal_charge,baseline,size,smaller,pooled_3,60,177,31,59,none,results/P5/scores_m3.csv;results/P5/t1_inputs.json;results/P5/t1_denovo_inputs.json,0.6167,0.6167,0.5515,0.6885,,,,1,,,,,,,
P5_S_NAT,natural,excl_iptm0,chai_iptm_mean,headline,size,matched,same_ec,22,177,22,59,cognate_higher,results/P5/scores_m3.csv;results/P5/t1_inputs.json;results/P5/t1_denovo_inputs.json,0.7727,0.7727,0.5909,0.9545,0.5806,0.5124,0.6777,1,,,,,,,
P5_S_NAT,natural,excl_iptm0,chai_aggregate_score_mean,headline,size,matched,same_ec,22,177,22,59,cognate_higher,results/P5/scores_m3.csv;results/P5/t1_inputs.json;results/P5/t1_denovo_inputs.json,0.7727,0.7727,0.5909,0.9545,0.5806,0.5124,0.6777,1,,,,,,,
P5_S_NAT,natural,excl_iptm0,chai_per_chain_ptm_min_mean,headline,size,matched,same_ec,22,177,22,59,cognate_higher,results/P5/scores_m3.csv;results/P5/t1_inputs.json;results/P5/t1_denovo_inputs.json,0.4545,0.5455,0.2727,0.6364,0.5083,0.5021,0.6281,0,,,,,,,
P5_S_NAT,natural,excl_iptm0,ame_crystal_clash_max,headline,size,matched,same_ec,22,177,22,59,none,results/P5/scores_m3.csv;results/P5/t1_inputs.json;results/P5/t1_denovo_inputs.json,0.6364,0.6364,0.4091,0.8182,0.5083,0.5021,0.6488,0,,,,,,,
P5_S_NAT,natural,excl_iptm0,ame_crystal_rmsd_min,comparator,size,matched,same_ec,22,177,22,59,none,results/P5/scores_m3.csv;results/P5/t1_inputs.json;results/P5/t1_denovo_inputs.json,0.5,0.5,0.2727,0.683,0.5062,0.5,0.5599,0,,,,,,,
P5_S_NAT,natural,excl_iptm0,ame_crystal_pass,comparator,size,matched,same_ec,22,177,22,59,none,results/P5/scores_m3.csv;results/P5/t1_inputs.json;results/P5/t1_denovo_inputs.json,0.5,0.5,0.5,0.5,0.5,0.5,0.5,0,,,,,,,
P5_S_NAT,natural,excl_iptm0,chai_ptm_mean,comparator,size,matched,same_ec,22,177,22,59,cognate_higher,results/P5/scores_m3.csv;results/P5/t1_inputs.json;results/P5/t1_denovo_inputs.json,0.6364,0.6364,0.4545,0.8182,0.6281,0.5269,0.7479,0,,,,,,,
P5_S_NAT,natural,excl_iptm0,chai_plddt_mean,comparator,size,matched,same_ec,22,177,22,59,cognate_higher,results/P5/scores_m3.csv;results/P5/t1_inputs.json;results/P5/t1_denovo_inputs.json,0.6818,0.6818,0.5,0.8636,0.5434,0.5083,0.6012,0,,,,,,,
P5_S_NAT,natural,excl_iptm0,ligand_heavy_atoms,baseline,size,matched,same_ec,22,177,22,59,none,results/P5/scores_m3.csv;results/P5/t1_inputs.json;results/P5/t1_denovo_inputs.json,0.3864,0.6136,0.1818,0.5909,0.5413,0.5031,0.6188,0,,,,,,,
P5_S_NAT,natural,excl_iptm0,ligand_formal_charge,baseline,size,matched,same_ec,22,177,22,59,none,results/P5/scores_m3.csv;results/P5/t1_inputs.json;results/P5/t1_denovo_inputs.json,0.5682,0.5682,0.4545,0.6818,0.5661,0.5021,0.6818,0,,,,,,,
P5_S_NAT,natural,excl_iptm0,chai_iptm_mean,headline,size,matched,diff_ec,18,177,18,59,cognate_higher,results/P5/scores_m3.csv;results/P5/t1_inputs.json;results/P5/t1_denovo_inputs.json,0.7222,0.7222,0.5,0.8889,0.6481,0.5278,0.7901,0,,,,,,,
P5_S_NAT,natural,excl_iptm0,chai_aggregate_score_mean,headline,size,matched,diff_ec,18,177,18,59,cognate_higher,results/P5/scores_m3.csv;results/P5/t1_inputs.json;results/P5/t1_denovo_inputs.json,0.7222,0.7222,0.5,0.8889,0.6451,0.5247,0.787,0,,,,,,,
P5_S_NAT,natural,excl_iptm0,chai_per_chain_ptm_min_mean,headline,size,matched,diff_ec,18,177,18,59,cognate_higher,results/P5/scores_m3.csv;results/P5/t1_inputs.json;results/P5/t1_denovo_inputs.json,0.6111,0.6111,0.3889,0.8333,0.608,0.5062,0.7809,0,,,,,,,
P5_S_NAT,natural,excl_iptm0,ame_crystal_clash_max,headline,size,matched,diff_ec,18,177,18,59,none,results/P5/scores_m3.csv;results/P5/t1_inputs.json;results/P5/t1_denovo_inputs.json,0.4444,0.5556,0.2222,0.6667,0.537,0.5031,0.6481,0,,,,,,,
P5_S_NAT,natural,excl_iptm0,ame_crystal_rmsd_min,comparator,size,matched,diff_ec,18,177,18,59,none,results/P5/scores_m3.csv;results/P5/t1_inputs.json;results/P5/t1_denovo_inputs.json,0.6667,0.6667,0.4444,0.8889,0.5,0.5,0.5617,0,,,,,,,
P5_S_NAT,natural,excl_iptm0,ame_crystal_pass,comparator,size,matched,diff_ec,18,177,18,59,none,results/P5/scores_m3.csv;results/P5/t1_inputs.json;results/P5/t1_denovo_inputs.json,0.5,0.5,0.4167,0.5833,0.5031,0.5,0.5833,0,,,,,,,
P5_S_NAT,natural,excl_iptm0,chai_ptm_mean,comparator,size,matched,diff_ec,18,177,18,59,cognate_higher,results/P5/scores_m3.csv;results/P5/t1_inputs.json;results/P5/t1_denovo_inputs.json,0.7222,0.7222,0.5,0.9444,0.5494,0.5031,0.6481,0,,,,,,,
P5_S_NAT,natural,excl_iptm0,chai_plddt_mean,comparator,size,matched,diff_ec,18,177,18,59,cognate_higher,results/P5/scores_m3.csv;results/P5/t1_inputs.json;results/P5/t1_denovo_inputs.json,0.7222,0.7222,0.5,0.8889,0.5185,0.5031,0.5772,0,,,,,,,
P5_S_NAT,natural,excl_iptm0,ligand_heavy_atoms,baseline,size,matched,diff_ec,18,177,18,59,none,results/P5/scores_m3.csv;results/P5/t1_inputs.json;results/P5/t1_denovo_inputs.json,0.4167,0.5833,0.2222,0.6111,0.5293,0.5015,0.6373,0,,,,,,,
P5_S_NAT,natural,excl_iptm0,ligand_formal_charge,baseline,size,matched,diff_ec,18,177,18,59,none,results/P5/scores_m3.csv;results/P5/t1_inputs.json;results/P5/t1_denovo_inputs.json,0.5556,0.5556,0.4167,0.6944,0.5432,0.5031,0.6944,0,,,,,,,
P5_S_NAT,natural,excl_iptm0,chai_iptm_mean,headline,size,matched,decoy,11,177,11,59,cognate_higher,results/P5/scores_m3.csv;results/P5/t1_inputs.json;results/P5/t1_denovo_inputs.json,0.8182,0.8182,0.5455,1.0,0.6942,0.5455,0.8762,1,,,,,,,
P5_S_NAT,natural,excl_iptm0,chai_aggregate_score_mean,headline,size,matched,decoy,11,177,11,59,cognate_higher,results/P5/scores_m3.csv;results/P5/t1_inputs.json;results/P5/t1_denovo_inputs.json,0.8182,0.8182,0.5455,1.0,0.6942,0.5455,0.8843,1,,,,,,,
P5_S_NAT,natural,excl_iptm0,chai_per_chain_ptm_min_mean,headline,size,matched,decoy,11,177,11,59,cognate_higher,results/P5/scores_m3.csv;results/P5/t1_inputs.json;results/P5/t1_denovo_inputs.json,0.7273,0.7273,0.4545,1.0,0.6281,0.5205,0.7851,0,,,,,,,
P5_S_NAT,natural,excl_iptm0,ame_crystal_clash_max,headline,size,matched,decoy,11,177,11,59,none,results/P5/scores_m3.csv;results/P5/t1_inputs.json;results/P5/t1_denovo_inputs.json,0.6364,0.6364,0.3636,0.9091,0.562,0.5041,0.7273,0,,,,,,,
P5_S_NAT,natural,excl_iptm0,ame_crystal_rmsd_min,comparator,size,matched,decoy,11,177,11,59,none,results/P5/scores_m3.csv;results/P5/t1_inputs.json;results/P5/t1_denovo_inputs.json,0.3636,0.6364,0.0909,0.6364,0.5372,0.5041,0.6612,0,,,,,,,
P5_S_NAT,natural,excl_iptm0,ame_crystal_pass,comparator,size,matched,decoy,11,177,11,59,none,results/P5/scores_m3.csv;results/P5/t1_inputs.json;results/P5/t1_denovo_inputs.json,0.5,0.5,0.5,0.5,0.5,0.5,0.5,0,,,,,,,
P5_S_NAT,natural,excl_iptm0,chai_ptm_mean,comparator,size,matched,decoy,11,177,11,59,cognate_higher,results/P5/scores_m3.csv;results/P5/t1_inputs.json;results/P5/t1_denovo_inputs.json,0.8182,0.8182,0.5455,1.0,0.6281,0.5289,0.7851,1,,,,,,,
P5_S_NAT,natural,excl_iptm0,chai_plddt_mean,comparator,size,matched,decoy,11,177,11,59,cognate_higher,results/P5/scores_m3.csv;results/P5/t1_inputs.json;results/P5/t1_denovo_inputs.json,0.7273,0.7273,0.4545,1.0,0.5289,0.5041,0.6281,0,,,,,,,
P5_S_NAT,natural,excl_iptm0,ligand_heavy_atoms,baseline,size,matched,decoy,11,177,11,59,none,results/P5/scores_m3.csv;results/P5/t1_inputs.json;results/P5/t1_denovo_inputs.json,0.4091,0.5909,0.1818,0.6364,0.5248,0.5,0.6405,0,,,,,,,
P5_S_NAT,natural,excl_iptm0,ligand_formal_charge,baseline,size,matched,decoy,11,177,11,59,none,results/P5/scores_m3.csv;results/P5/t1_inputs.json;results/P5/t1_denovo_inputs.json,0.4545,0.5455,0.3182,0.5909,0.5455,0.5,0.6818,0,,,,,,,
P5_S_NAT,natural,excl_iptm0,chai_iptm_mean,headline,size,matched,pooled_3,51,177,35,59,cognate_higher,results/P5/scores_m3.csv;results/P5/t1_inputs.json;results/P5/t1_denovo_inputs.json,0.7647,0.7647,0.6154,0.9038,,,,1,,,,,,,
P5_S_NAT,natural,excl_iptm0,chai_aggregate_score_mean,headline,size,matched,pooled_3,51,177,35,59,cognate_higher,results/P5/scores_m3.csv;results/P5/t1_inputs.json;results/P5/t1_denovo_inputs.json,0.7647,0.7647,0.6154,0.9038,,,,1,,,,,,,
P5_S_NAT,natural,excl_iptm0,chai_per_chain_ptm_min_mean,headline,size,matched,pooled_3,51,177,35,59,cognate_higher,results/P5/scores_m3.csv;results/P5/t1_inputs.json;results/P5/t1_denovo_inputs.json,0.5686,0.5686,0.4259,0.7083,,,,0,,,,,,,
P5_S_NAT,natural,excl_iptm0,ame_crystal_clash_max,headline,size,matched,pooled_3,51,177,35,59,none,results/P5/scores_m3.csv;results/P5/t1_inputs.json;results/P5/t1_denovo_inputs.json,0.5686,0.5686,0.4091,0.7222,,,,0,,,,,,,
P5_S_NAT,natural,excl_iptm0,ame_crystal_rmsd_min,comparator,size,matched,pooled_3,51,177,35,59,none,results/P5/scores_m3.csv;results/P5/t1_inputs.json;results/P5/t1_denovo_inputs.json,0.5294,0.5294,0.3774,0.6863,,,,0,,,,,,,
P5_S_NAT,natural,excl_iptm0,ame_crystal_pass,comparator,size,matched,pooled_3,51,177,35,59,none,results/P5/scores_m3.csv;results/P5/t1_inputs.json;results/P5/t1_denovo_inputs.json,0.5,0.5,0.4712,0.5294,,,,0,,,,,,,
P5_S_NAT,natural,excl_iptm0,chai_ptm_mean,comparator,size,matched,pooled_3,51,177,35,59,cognate_higher,results/P5/scores_m3.csv;results/P5/t1_inputs.json;results/P5/t1_denovo_inputs.json,0.7059,0.7059,0.56,0.8491,,,,1,,,,,,,
P5_S_NAT,natural,excl_iptm0,chai_plddt_mean,comparator,size,matched,pooled_3,51,177,35,59,cognate_higher,results/P5/scores_m3.csv;results/P5/t1_inputs.json;results/P5/t1_denovo_inputs.json,0.7059,0.7059,0.56,0.84,,,,1,,,,,,,
P5_S_NAT,natural,excl_iptm0,ligand_heavy_atoms,baseline,size,matched,pooled_3,51,177,35,59,none,results/P5/scores_m3.csv;results/P5/t1_inputs.json;results/P5/t1_denovo_inputs.json,0.402,0.598,0.2745,0.5306,,,,0,,,,,,,
P5_S_NAT,natural,excl_iptm0,ligand_formal_charge,baseline,size,matched,pooled_3,51,177,35,59,none,results/P5/scores_m3.csv;results/P5/t1_inputs.json;results/P5/t1_denovo_inputs.json,0.5392,0.5392,0.4412,0.6296,,,,0,,,,,,,
P5_S_NAT,natural,excl_iptm0,chai_iptm_mean,headline,size,larger,same_ec,17,177,17,59,cognate_higher,results/P5/scores_m3.csv;results/P5/t1_inputs.json;results/P5/t1_denovo_inputs.json,0.4706,0.5294,0.2353,0.7059,0.5329,0.5052,0.7439,0,,,,,,,
P5_S_NAT,natural,excl_iptm0,chai_aggregate_score_mean,headline,size,larger,same_ec,17,177,17,59,cognate_higher,results/P5/scores_m3.csv;results/P5/t1_inputs.json;results/P5/t1_denovo_inputs.json,0.4706,0.5294,0.2353,0.7059,0.5156,0.5017,0.7405,0,,,,,,,
P5_S_NAT,natural,excl_iptm0,chai_per_chain_ptm_min_mean,headline,size,larger,same_ec,17,177,17,59,cognate_higher,results/P5/scores_m3.csv;results/P5/t1_inputs.json;results/P5/t1_denovo_inputs.json,0.4706,0.5294,0.2353,0.7059,0.6332,0.5087,0.827,0,,,,,,,
P5_S_NAT,natural,excl_iptm0,ame_crystal_clash_max,headline,size,larger,same_ec,17,177,17,59,none,results/P5/scores_m3.csv;results/P5/t1_inputs.json;results/P5/t1_denovo_inputs.json,0.6471,0.6471,0.4118,0.8824,0.5156,0.5017,0.6886,0,,,,,,,
P5_S_NAT,natural,excl_iptm0,ame_crystal_rmsd_min,comparator,size,larger,same_ec,17,177,17,59,none,results/P5/scores_m3.csv;results/P5/t1_inputs.json;results/P5/t1_denovo_inputs.json,0.4706,0.5294,0.2353,0.7059,0.5017,0.5017,0.5744,0,,,,,,,
P5_S_NAT,natural,excl_iptm0,ame_crystal_pass,comparator,size,larger,same_ec,17,177,17,59,none,results/P5/scores_m3.csv;results/P5/t1_inputs.json;results/P5/t1_denovo_inputs.json,0.4706,0.5294,0.4118,0.5,0.5017,0.5,0.5156,0,,,,,,,
P5_S_NAT,natural,excl_iptm0,chai_ptm_mean,comparator,size,larger,same_ec,17,177,17,59,cognate_higher,results/P5/scores_m3.csv;results/P5/t1_inputs.json;results/P5/t1_denovo_inputs.json,0.5882,0.5882,0.3529,0.8235,0.609,0.5052,0.737,0,,,,,,,
P5_S_NAT,natural,excl_iptm0,chai_plddt_mean,comparator,size,larger,same_ec,17,177,17,59,cognate_higher,results/P5/scores_m3.csv;results/P5/t1_inputs.json;results/P5/t1_denovo_inputs.json,0.4706,0.5294,0.2353,0.7059,0.5087,0.5017,0.5744,0,,,,,,,
P5_S_NAT,natural,excl_iptm0,ligand_heavy_atoms,baseline,size,larger,same_ec,17,177,17,59,none,results/P5/scores_m3.csv;results/P5/t1_inputs.json;results/P5/t1_denovo_inputs.json,0.0,1.0,0.0,0.0,0.936,0.8547,0.9965,1,,,,,,,
P5_S_NAT,natural,excl_iptm0,ligand_formal_charge,baseline,size,larger,same_ec,17,177,17,59,none,results/P5/scores_m3.csv;results/P5/t1_inputs.json;results/P5/t1_denovo_inputs.json,0.2647,0.7353,0.1471,0.3824,0.6972,0.5917,0.8062,1,,,,,,,
P5_S_NAT,natural,excl_iptm0,chai_iptm_mean,headline,size,larger,diff_ec,14,177,14,59,cognate_higher,results/P5/scores_m3.csv;results/P5/t1_inputs.json;results/P5/t1_denovo_inputs.json,0.4286,0.5714,0.1429,0.7143,0.5765,0.5051,0.8061,0,,,,,,,
P5_S_NAT,natural,excl_iptm0,chai_aggregate_score_mean,headline,size,larger,diff_ec,14,177,14,59,cognate_higher,results/P5/scores_m3.csv;results/P5/t1_inputs.json;results/P5/t1_denovo_inputs.json,0.4286,0.5714,0.1429,0.7143,0.5663,0.5051,0.7959,0,,,,,,,
P5_S_NAT,natural,excl_iptm0,chai_per_chain_ptm_min_mean,headline,size,larger,diff_ec,14,177,14,59,cognate_higher,results/P5/scores_m3.csv;results/P5/t1_inputs.json;results/P5/t1_denovo_inputs.json,0.2143,0.7857,0.0,0.4286,0.7908,0.5561,0.9796,0,,,,,,,
P5_S_NAT,natural,excl_iptm0,ame_crystal_clash_max,headline,size,larger,diff_ec,14,177,14,59,none,results/P5/scores_m3.csv;results/P5/t1_inputs.json;results/P5/t1_denovo_inputs.json,0.5714,0.5714,0.2857,0.7857,0.5102,0.5,0.6786,0,,,,,,,
P5_S_NAT,natural,excl_iptm0,ame_crystal_rmsd_min,comparator,size,larger,diff_ec,14,177,14,59,none,results/P5/scores_m3.csv;results/P5/t1_inputs.json;results/P5/t1_denovo_inputs.json,0.4286,0.5714,0.2143,0.6429,0.5306,0.5,0.6173,0,,,,,,,
P5_S_NAT,natural,excl_iptm0,ame_crystal_pass,comparator,size,larger,diff_ec,14,177,14,59,none,results/P5/scores_m3.csv;results/P5/t1_inputs.json;results/P5/t1_denovo_inputs.json,0.4643,0.5357,0.3929,0.5,0.5051,0.5,0.5383,0,,,,,,,
P5_S_NAT,natural,excl_iptm0,chai_ptm_mean,comparator,size,larger,diff_ec,14,177,14,59,cognate_higher,results/P5/scores_m3.csv;results/P5/t1_inputs.json;results/P5/t1_denovo_inputs.json,0.8571,0.8571,0.6429,1.0,0.7092,0.5969,0.852,1,,,,,,,
P5_S_NAT,natural,excl_iptm0,chai_plddt_mean,comparator,size,larger,diff_ec,14,177,14,59,cognate_higher,results/P5/scores_m3.csv;results/P5/t1_inputs.json;results/P5/t1_denovo_inputs.json,0.6429,0.6429,0.4286,0.8571,0.5357,0.5,0.6224,0,,,,,,,
P5_S_NAT,natural,excl_iptm0,ligand_heavy_atoms,baseline,size,larger,diff_ec,14,177,14,59,none,results/P5/scores_m3.csv;results/P5/t1_inputs.json;results/P5/t1_denovo_inputs.json,0.0,1.0,0.0,0.0,0.9413,0.8724,1.0,1,,,,,,,
P5_S_NAT,natural,excl_iptm0,ligand_formal_charge,baseline,size,larger,diff_ec,14,177,14,59,none,results/P5/scores_m3.csv;results/P5/t1_inputs.json;results/P5/t1_denovo_inputs.json,0.3214,0.6786,0.1786,0.4286,0.6786,0.5714,0.8214,1,,,,,,,
P5_S_NAT,natural,excl_iptm0,chai_iptm_mean,headline,size,larger,decoy,29,177,29,59,cognate_higher,results/P5/scores_m3.csv;results/P5/t1_inputs.json;results/P5/t1_denovo_inputs.json,0.5172,0.5172,0.3448,0.6897,0.6017,0.5065,0.736,0,,,,,,,
P5_S_NAT,natural,excl_iptm0,chai_aggregate_score_mean,headline,size,larger,decoy,29,177,29,59,cognate_higher,results/P5/scores_m3.csv;results/P5/t1_inputs.json;results/P5/t1_denovo_inputs.json,0.5172,0.5172,0.3448,0.6897,0.6017,0.5065,0.7348,0,,,,,,,
P5_S_NAT,natural,excl_iptm0,chai_per_chain_ptm_min_mean,headline,size,larger,decoy,29,177,29,59,cognate_higher,results/P5/scores_m3.csv;results/P5/t1_inputs.json;results/P5/t1_denovo_inputs.json,0.2414,0.7586,0.1034,0.4138,0.7586,0.6124,0.8977,0,,,,,,,
P5_S_NAT,natural,excl_iptm0,ame_crystal_clash_max,headline,size,larger,decoy,29,177,29,59,none,results/P5/scores_m3.csv;results/P5/t1_inputs.json;results/P5/t1_denovo_inputs.json,0.5862,0.5862,0.4138,0.7586,0.5386,0.5018,0.6433,0,,,,,,,
P5_S_NAT,natural,excl_iptm0,ame_crystal_rmsd_min,comparator,size,larger,decoy,29,177,29,59,none,results/P5/scores_m3.csv;results/P5/t1_inputs.json;results/P5/t1_denovo_inputs.json,0.4828,0.5172,0.3103,0.6552,0.5077,0.5006,0.5624,0,,,,,,,
P5_S_NAT,natural,excl_iptm0,ame_crystal_pass,comparator,size,larger,decoy,29,177,29,59,none,results/P5/scores_m3.csv;results/P5/t1_inputs.json;results/P5/t1_denovo_inputs.json,0.5,0.5,0.4483,0.5517,0.5018,0.5,0.5517,0,,,,,,,
P5_S_NAT,natural,excl_iptm0,chai_ptm_mean,comparator,size,larger,decoy,29,177,29,59,cognate_higher,results/P5/scores_m3.csv;results/P5/t1_inputs.json;results/P5/t1_denovo_inputs.json,0.7241,0.7241,0.5517,0.8621,0.6088,0.5363,0.7004,1,,,,,,,
P5_S_NAT,natural,excl_iptm0,chai_plddt_mean,comparator,size,larger,decoy,29,177,29,59,cognate_higher,results/P5/scores_m3.csv;results/P5/t1_inputs.json;results/P5/t1_denovo_inputs.json,0.5172,0.5172,0.3448,0.6897,0.5125,0.5006,0.5589,0,,,,,,,
P5_S_NAT,natural,excl_iptm0,ligand_heavy_atoms,baseline,size,larger,decoy,29,177,29,59,none,results/P5/scores_m3.csv;results/P5/t1_inputs.json;results/P5/t1_denovo_inputs.json,0.0,1.0,0.0,0.0,0.9215,0.8615,0.9786,1,,,,,,,
P5_S_NAT,natural,excl_iptm0,ligand_formal_charge,baseline,size,larger,decoy,29,177,29,59,none,results/P5/scores_m3.csv;results/P5/t1_inputs.json;results/P5/t1_denovo_inputs.json,0.4138,0.5862,0.3103,0.5,0.5874,0.5071,0.6897,0,,,,,,,
P5_S_NAT,natural,excl_iptm0,chai_iptm_mean,headline,size,larger,pooled_3,60,177,35,59,cognate_higher,results/P5/scores_m3.csv;results/P5/t1_inputs.json;results/P5/t1_denovo_inputs.json,0.4833,0.5167,0.3188,0.6607,,,,0,,,,,,,
P5_S_NAT,natural,excl_iptm0,chai_aggregate_score_mean,headline,size,larger,pooled_3,60,177,35,59,cognate_higher,results/P5/scores_m3.csv;results/P5/t1_inputs.json;results/P5/t1_denovo_inputs.json,0.4833,0.5167,0.3188,0.6607,,,,0,,,,,,,
P5_S_NAT,natural,excl_iptm0,chai_per_chain_ptm_min_mean,headline,size,larger,pooled_3,60,177,35,59,cognate_higher,results/P5/scores_m3.csv;results/P5/t1_inputs.json;results/P5/t1_denovo_inputs.json,0.3,0.7,0.1562,0.4516,,,,0,,,,,,,
P5_S_NAT,natural,excl_iptm0,ame_crystal_clash_max,headline,size,larger,pooled_3,60,177,35,59,none,results/P5/scores_m3.csv;results/P5/t1_inputs.json;results/P5/t1_denovo_inputs.json,0.6,0.6,0.4483,0.7344,,,,0,,,,,,,
P5_S_NAT,natural,excl_iptm0,ame_crystal_rmsd_min,comparator,size,larger,pooled_3,60,177,35,59,none,results/P5/scores_m3.csv;results/P5/t1_inputs.json;results/P5/t1_denovo_inputs.json,0.4667,0.5333,0.3231,0.6034,,,,0,,,,,,,
P5_S_NAT,natural,excl_iptm0,ame_crystal_pass,comparator,size,larger,pooled_3,60,177,35,59,none,results/P5/scores_m3.csv;results/P5/t1_inputs.json;results/P5/t1_denovo_inputs.json,0.4833,0.5167,0.4397,0.5179,,,,0,,,,,,,
P5_S_NAT,natural,excl_iptm0,chai_ptm_mean,comparator,size,larger,pooled_3,60,177,35,59,cognate_higher,results/P5/scores_m3.csv;results/P5/t1_inputs.json;results/P5/t1_denovo_inputs.json,0.7167,0.7167,0.5714,0.86,,,,1,,,,,,,
P5_S_NAT,natural,excl_iptm0,chai_plddt_mean,comparator,size,larger,pooled_3,60,177,35,59,cognate_higher,results/P5/scores_m3.csv;results/P5/t1_inputs.json;results/P5/t1_denovo_inputs.json,0.5333,0.5333,0.375,0.6984,,,,0,,,,,,,
P5_S_NAT,natural,excl_iptm0,ligand_heavy_atoms,baseline,size,larger,pooled_3,60,177,35,59,none,results/P5/scores_m3.csv;results/P5/t1_inputs.json;results/P5/t1_denovo_inputs.json,0.0,1.0,0.0,0.0,,,,1,,,,,,,
P5_S_NAT,natural,excl_iptm0,ligand_formal_charge,baseline,size,larger,pooled_3,60,177,35,59,none,results/P5/scores_m3.csv;results/P5/t1_inputs.json;results/P5/t1_denovo_inputs.json,0.35,0.65,0.2574,0.4464,,,,1,,,,,,,
P5_S_NAT,natural,excl_iptm0,chai_iptm_mean,headline,charge,q_same,same_ec,37,177,37,59,cognate_higher,results/P5/scores_m3.csv;results/P5/t1_inputs.json;results/P5/t1_denovo_inputs.json,0.8378,0.8378,0.7027,0.9459,0.7787,0.6903,0.8663,1,,,,,,,
P5_S_NAT,natural,excl_iptm0,chai_aggregate_score_mean,headline,charge,q_same,same_ec,37,177,37,59,cognate_higher,results/P5/scores_m3.csv;results/P5/t1_inputs.json;results/P5/t1_denovo_inputs.json,0.8378,0.8378,0.7027,0.9459,0.7772,0.6881,0.8671,1,,,,,,,
P5_S_NAT,natural,excl_iptm0,chai_per_chain_ptm_min_mean,headline,charge,q_same,same_ec,37,177,37,59,cognate_higher,results/P5/scores_m3.csv;results/P5/t1_inputs.json;results/P5/t1_denovo_inputs.json,0.5676,0.5676,0.4054,0.7297,0.5727,0.504,0.6728,0,,,,,,,
P5_S_NAT,natural,excl_iptm0,ame_crystal_clash_max,headline,charge,q_same,same_ec,37,177,37,59,none,results/P5/scores_m3.csv;results/P5/t1_inputs.json;results/P5/t1_denovo_inputs.json,0.4324,0.5676,0.2703,0.5946,0.6676,0.5632,0.7633,0,,,,,,,
P5_S_NAT,natural,excl_iptm0,ame_crystal_rmsd_min,comparator,charge,q_same,same_ec,37,177,37,59,none,results/P5/scores_m3.csv;results/P5/t1_inputs.json;results/P5/t1_denovo_inputs.json,0.5135,0.5135,0.3514,0.6757,0.5128,0.5004,0.5522,0,,,,,,,
P5_S_NAT,natural,excl_iptm0,ame_crystal_pass,comparator,charge,q_same,same_ec,37,177,37,59,none,results/P5/scores_m3.csv;results/P5/t1_inputs.json;results/P5/t1_denovo_inputs.json,0.5,0.5,0.5,0.5,0.5,0.5,0.5,0,,,,,,,
P5_S_NAT,natural,excl_iptm0,chai_ptm_mean,comparator,charge,q_same,same_ec,37,177,37,59,cognate_higher,results/P5/scores_m3.csv;results/P5/t1_inputs.json;results/P5/t1_denovo_inputs.json,0.8108,0.8108,0.6757,0.9189,0.626,0.5712,0.7005,1,,,,,,,
P5_S_NAT,natural,excl_iptm0,chai_plddt_mean,comparator,charge,q_same,same_ec,37,177,37,59,cognate_higher,results/P5/scores_m3.csv;results/P5/t1_inputs.json;results/P5/t1_denovo_inputs.json,0.6757,0.6757,0.5135,0.8108,0.531,0.5077,0.5683,1,,,,,,,
P5_S_NAT,natural,excl_iptm0,ligand_heavy_atoms,baseline,charge,q_same,same_ec,37,177,37,59,none,results/P5/scores_m3.csv;results/P5/t1_inputs.json;results/P5/t1_denovo_inputs.json,0.473,0.527,0.3243,0.6351,0.5128,0.5022,0.6552,0,,,,,,,
P5_S_NAT,natural,excl_iptm0,ligand_formal_charge,baseline,charge,q_same,same_ec,37,177,37,59,none,results/P5/scores_m3.csv;results/P5/t1_inputs.json;results/P5/t1_denovo_inputs.json,0.5,0.5,0.5,0.5,0.5,0.5,0.5,0,,,,,,,
P5_S_NAT,natural,excl_iptm0,chai_iptm_mean,headline,charge,q_same,diff_ec,37,177,37,59,cognate_higher,results/P5/scores_m3.csv;results/P5/t1_inputs.json;results/P5/t1_denovo_inputs.json,0.8919,0.8919,0.7838,0.973,0.7743,0.6852,0.8649,1,,,,,,,
P5_S_NAT,natural,excl_iptm0,chai_aggregate_score_mean,headline,charge,q_same,diff_ec,37,177,37,59,cognate_higher,results/P5/scores_m3.csv;results/P5/t1_inputs.json;results/P5/t1_denovo_inputs.json,0.8919,0.8919,0.7838,0.973,0.7743,0.6866,0.8634,1,,,,,,,
P5_S_NAT,natural,excl_iptm0,chai_per_chain_ptm_min_mean,headline,charge,q_same,diff_ec,37,177,37,59,cognate_higher,results/P5/scores_m3.csv;results/P5/t1_inputs.json;results/P5/t1_denovo_inputs.json,0.6216,0.6216,0.4595,0.7838,0.6698,0.5435,0.7896,0,,,,,,,
P5_S_NAT,natural,excl_iptm0,ame_crystal_clash_max,headline,charge,q_same,diff_ec,37,177,37,59,none,results/P5/scores_m3.csv;results/P5/t1_inputs.json;results/P5/t1_denovo_inputs.json,0.2973,0.7027,0.1622,0.4595,0.6589,0.5537,0.7677,1,,,,,,,
P5_S_NAT,natural,excl_iptm0,ame_crystal_rmsd_min,comparator,charge,q_same,diff_ec,37,177,37,59,none,results/P5/scores_m3.csv;results/P5/t1_inputs.json;results/P5/t1_denovo_inputs.json,0.4865,0.5135,0.3243,0.6486,0.5296,0.5018,0.5698,0,,,,,,,
P5_S_NAT,natural,excl_iptm0,ame_crystal_pass,comparator,charge,q_same,diff_ec,37,177,37,59,none,results/P5/scores_m3.csv;results/P5/t1_inputs.json;results/P5/t1_denovo_inputs.json,0.5,0.5,0.4595,0.5405,0.5131,0.5,0.5405,0,,,,,,,
P5_S_NAT,natural,excl_iptm0,chai_ptm_mean,comparator,charge,q_same,diff_ec,37,177,37,59,cognate_higher,results/P5/scores_m3.csv;results/P5/t1_inputs.json;results/P5/t1_denovo_inputs.json,0.9189,0.9189,0.8378,1.0,0.672,0.6077,0.7597,1,,,,,,,
P5_S_NAT,natural,excl_iptm0,chai_plddt_mean,comparator,charge,q_same,diff_ec,37,177,37,59,cognate_higher,results/P5/scores_m3.csv;results/P5/t1_inputs.json;results/P5/t1_denovo_inputs.json,0.9189,0.9189,0.8378,1.0,0.5413,0.5223,0.5793,1,,,,,,,
P5_S_NAT,natural,excl_iptm0,ligand_heavy_atoms,baseline,charge,q_same,diff_ec,37,177,37,59,none,results/P5/scores_m3.csv;results/P5/t1_inputs.json;results/P5/t1_denovo_inputs.json,0.5811,0.5811,0.4324,0.7297,0.5398,0.5026,0.6863,0,,,,,,,
P5_S_NAT,natural,excl_iptm0,ligand_formal_charge,baseline,charge,q_same,diff_ec,37,177,37,59,none,results/P5/scores_m3.csv;results/P5/t1_inputs.json;results/P5/t1_denovo_inputs.json,0.5,0.5,0.5,0.5,0.5,0.5,0.5,0,,,,,,,
P5_S_NAT,natural,excl_iptm0,chai_iptm_mean,headline,charge,q_same,decoy,39,177,39,59,cognate_higher,results/P5/scores_m3.csv;results/P5/t1_inputs.json;results/P5/t1_denovo_inputs.json,0.7949,0.7949,0.6667,0.9231,0.735,0.6252,0.8409,1,,,,,,,
P5_S_NAT,natural,excl_iptm0,chai_aggregate_score_mean,headline,charge,q_same,decoy,39,177,39,59,cognate_higher,results/P5/scores_m3.csv;results/P5/t1_inputs.json;results/P5/t1_denovo_inputs.json,0.7949,0.7949,0.6667,0.9231,0.7357,0.6266,0.8409,1,,,,,,,
P5_S_NAT,natural,excl_iptm0,chai_per_chain_ptm_min_mean,headline,charge,q_same,decoy,39,177,39,59,cognate_higher,results/P5/scores_m3.csv;results/P5/t1_inputs.json;results/P5/t1_denovo_inputs.json,0.4615,0.5385,0.3077,0.6154,0.5115,0.5023,0.643,0,,,,,,,
P5_S_NAT,natural,excl_iptm0,ame_crystal_clash_max,headline,charge,q_same,decoy,39,177,39,59,none,results/P5/scores_m3.csv;results/P5/t1_inputs.json;results/P5/t1_denovo_inputs.json,0.359,0.641,0.2051,0.5128,0.6443,0.5437,0.7462,0,,,,,,,
P5_S_NAT,natural,excl_iptm0,ame_crystal_rmsd_min,comparator,charge,q_same,decoy,39,177,39,59,none,results/P5/scores_m3.csv;results/P5/t1_inputs.json;results/P5/t1_denovo_inputs.json,0.4872,0.5128,0.3333,0.641,0.5069,0.501,0.5569,0,,,,,,,
P5_S_NAT,natural,excl_iptm0,ame_crystal_pass,comparator,charge,q_same,decoy,39,177,39,59,none,results/P5/scores_m3.csv;results/P5/t1_inputs.json;results/P5/t1_denovo_inputs.json,0.5,0.5,0.5,0.5,0.5,0.5,0.5,0,,,,,,,
P5_S_NAT,natural,excl_iptm0,chai_ptm_mean,comparator,charge,q_same,decoy,39,177,39,59,cognate_higher,results/P5/scores_m3.csv;results/P5/t1_inputs.json;results/P5/t1_denovo_inputs.json,0.8205,0.8205,0.6923,0.9231,0.6713,0.597,0.7581,1,,,,,,,
P5_S_NAT,natural,excl_iptm0,chai_plddt_mean,comparator,charge,q_same,decoy,39,177,39,59,cognate_higher,results/P5/scores_m3.csv;results/P5/t1_inputs.json;results/P5/t1_denovo_inputs.json,0.7179,0.7179,0.5641,0.8462,0.5227,0.5016,0.5641,1,,,,,,,
P5_S_NAT,natural,excl_iptm0,ligand_heavy_atoms,baseline,charge,q_same,decoy,39,177,39,59,none,results/P5/scores_m3.csv;results/P5/t1_inputs.json;results/P5/t1_denovo_inputs.json,0.3718,0.6282,0.2308,0.5128,0.5861,0.5043,0.7176,0,,,,,,,
P5_S_NAT,natural,excl_iptm0,ligand_formal_charge,baseline,charge,q_same,decoy,39,177,39,59,none,results/P5/scores_m3.csv;results/P5/t1_inputs.json;results/P5/t1_denovo_inputs.json,0.5,0.5,0.5,0.5,0.5,0.5,0.5,0,,,,,,,
P5_S_NAT,natural,excl_iptm0,chai_iptm_mean,headline,charge,q_same,pooled_3,113,177,48,59,cognate_higher,results/P5/scores_m3.csv;results/P5/t1_inputs.json;results/P5/t1_denovo_inputs.json,0.8407,0.8407,0.7547,0.9167,,,,1,,,,,,,
P5_S_NAT,natural,excl_iptm0,chai_aggregate_score_mean,headline,charge,q_same,pooled_3,113,177,48,59,cognate_higher,results/P5/scores_m3.csv;results/P5/t1_inputs.json;results/P5/t1_denovo_inputs.json,0.8407,0.8407,0.7547,0.9167,,,,1,,,,,,,
P5_S_NAT,natural,excl_iptm0,chai_per_chain_ptm_min_mean,headline,charge,q_same,pooled_3,113,177,48,59,cognate_higher,results/P5/scores_m3.csv;results/P5/t1_inputs.json;results/P5/t1_denovo_inputs.json,0.5487,0.5487,0.4386,0.6636,,,,0,,,,,,,
P5_S_NAT,natural,excl_iptm0,ame_crystal_clash_max,headline,charge,q_same,pooled_3,113,177,48,59,none,results/P5/scores_m3.csv;results/P5/t1_inputs.json;results/P5/t1_denovo_inputs.json,0.3628,0.6372,0.2453,0.4857,,,,1,,,,,,,
P5_S_NAT,natural,excl_iptm0,ame_crystal_rmsd_min,comparator,charge,q_same,pooled_3,113,177,48,59,none,results/P5/scores_m3.csv;results/P5/t1_inputs.json;results/P5/t1_denovo_inputs.json,0.4956,0.5044,0.3717,0.6195,,,,0,,,,,,,
P5_S_NAT,natural,excl_iptm0,ame_crystal_pass,comparator,charge,q_same,pooled_3,113,177,48,59,none,results/P5/scores_m3.csv;results/P5/t1_inputs.json;results/P5/t1_denovo_inputs.json,0.5,0.5,0.4871,0.5132,,,,0,,,,,,,
P5_S_NAT,natural,excl_iptm0,chai_ptm_mean,comparator,charge,q_same,pooled_3,113,177,48,59,cognate_higher,results/P5/scores_m3.csv;results/P5/t1_inputs.json;results/P5/t1_denovo_inputs.json,0.8496,0.8496,0.7692,0.9211,,,,1,,,,,,,
P5_S_NAT,natural,excl_iptm0,chai_plddt_mean,comparator,charge,q_same,pooled_3,113,177,48,59,cognate_higher,results/P5/scores_m3.csv;results/P5/t1_inputs.json;results/P5/t1_denovo_inputs.json,0.7699,0.7699,0.6759,0.8571,,,,1,,,,,,,
P5_S_NAT,natural,excl_iptm0,ligand_heavy_atoms,baseline,charge,q_same,pooled_3,113,177,48,59,none,results/P5/scores_m3.csv;results/P5/t1_inputs.json;results/P5/t1_denovo_inputs.json,0.4735,0.5265,0.3673,0.5841,,,,0,,,,,,,
P5_S_NAT,natural,excl_iptm0,ligand_formal_charge,baseline,charge,q_same,pooled_3,113,177,48,59,none,results/P5/scores_m3.csv;results/P5/t1_inputs.json;results/P5/t1_denovo_inputs.json,0.5,0.5,0.5,0.5,,,,0,,,,,,,
P5_S_NAT,natural,excl_iptm0,chai_iptm_mean,headline,charge,q_diff,same_ec,20,177,20,59,cognate_higher,results/P5/scores_m3.csv;results/P5/t1_inputs.json;results/P5/t1_denovo_inputs.json,0.6,0.6,0.4,0.8,0.57,0.505,0.7675,0,,,,,,,
P5_S_NAT,natural,excl_iptm0,chai_aggregate_score_mean,headline,charge,q_diff,same_ec,20,177,20,59,cognate_higher,results/P5/scores_m3.csv;results/P5/t1_inputs.json;results/P5/t1_denovo_inputs.json,0.6,0.6,0.4,0.8,0.565,0.505,0.765,0,,,,,,,
P5_S_NAT,natural,excl_iptm0,chai_per_chain_ptm_min_mean,headline,charge,q_diff,same_ec,20,177,20,59,cognate_higher,results/P5/scores_m3.csv;results/P5/t1_inputs.json;results/P5/t1_denovo_inputs.json,0.6,0.6,0.4,0.8,0.595,0.505,0.77,0,,,,,,,
P5_S_NAT,natural,excl_iptm0,ame_crystal_clash_max,headline,charge,q_diff,same_ec,20,177,20,59,none,results/P5/scores_m3.csv;results/P5/t1_inputs.json;results/P5/t1_denovo_inputs.json,0.55,0.55,0.35,0.75,0.5175,0.5025,0.68,0,,,,,,,
P5_S_NAT,natural,excl_iptm0,ame_crystal_rmsd_min,comparator,charge,q_diff,same_ec,20,177,20,59,none,results/P5/scores_m3.csv;results/P5/t1_inputs.json;results/P5/t1_denovo_inputs.json,0.35,0.65,0.15,0.55,0.54,0.5025,0.635,0,,,,,,,
P5_S_NAT,natural,excl_iptm0,ame_crystal_pass,comparator,charge,q_diff,same_ec,20,177,20,59,none,results/P5/scores_m3.csv;results/P5/t1_inputs.json;results/P5/t1_denovo_inputs.json,0.475,0.525,0.425,0.5,0.5012,0.5,0.5112,0,,,,,,,
P5_S_NAT,natural,excl_iptm0,chai_ptm_mean,comparator,charge,q_diff,same_ec,20,177,20,59,cognate_higher,results/P5/scores_m3.csv;results/P5/t1_inputs.json;results/P5/t1_denovo_inputs.json,0.6,0.6,0.4,0.8,0.58,0.5075,0.685,0,,,,,,,
P5_S_NAT,natural,excl_iptm0,chai_plddt_mean,comparator,charge,q_diff,same_ec,20,177,20,59,cognate_higher,results/P5/scores_m3.csv;results/P5/t1_inputs.json;results/P5/t1_denovo_inputs.json,0.65,0.65,0.45,0.85,0.51,0.5025,0.5825,0,,,,,,,
P5_S_NAT,natural,excl_iptm0,ligand_heavy_atoms,baseline,charge,q_diff,same_ec,20,177,20,59,none,results/P5/scores_m3.csv;results/P5/t1_inputs.json;results/P5/t1_denovo_inputs.json,0.45,0.55,0.25,0.65,0.555,0.5037,0.7512,0,,,,,,,
P5_S_NAT,natural,excl_iptm0,ligand_formal_charge,baseline,charge,q_diff,same_ec,20,177,20,59,none,results/P5/scores_m3.csv;results/P5/t1_inputs.json;results/P5/t1_denovo_inputs.json,0.5,0.5,0.3,0.7,0.5112,0.5025,0.7275,0,,,,,,,
P5_S_NAT,natural,excl_iptm0,chai_iptm_mean,headline,charge,q_diff,diff_ec,21,177,21,59,cognate_higher,results/P5/scores_m3.csv;results/P5/t1_inputs.json;results/P5/t1_denovo_inputs.json,0.5714,0.5714,0.3798,0.7619,0.7392,0.5488,0.8889,0,,,,,,,
P5_S_NAT,natural,excl_iptm0,chai_aggregate_score_mean,headline,charge,q_diff,diff_ec,21,177,21,59,cognate_higher,results/P5/scores_m3.csv;results/P5/t1_inputs.json;results/P5/t1_denovo_inputs.json,0.5714,0.5714,0.3798,0.7619,0.7392,0.551,0.8889,0,,,,,,,
P5_S_NAT,natural,excl_iptm0,chai_per_chain_ptm_min_mean,headline,charge,q_diff,diff_ec,21,177,21,59,cognate_higher,results/P5/scores_m3.csv;results/P5/t1_inputs.json;results/P5/t1_denovo_inputs.json,0.4762,0.5238,0.2857,0.6667,0.5193,0.5034,0.7302,0,,,,,,,
P5_S_NAT,natural,excl_iptm0,ame_crystal_clash_max,headline,charge,q_diff,diff_ec,21,177,21,59,none,results/P5/scores_m3.csv;results/P5/t1_inputs.json;results/P5/t1_denovo_inputs.json,0.3333,0.6667,0.1429,0.5238,0.6893,0.5601,0.8118,0,,,,,,,
P5_S_NAT,natural,excl_iptm0,ame_crystal_rmsd_min,comparator,charge,q_diff,diff_ec,21,177,21,59,none,results/P5/scores_m3.csv;results/P5/t1_inputs.json;results/P5/t1_denovo_inputs.json,0.4762,0.5238,0.2857,0.7143,0.5238,0.5011,0.5964,0,,,,,,,
P5_S_NAT,natural,excl_iptm0,ame_crystal_pass,comparator,charge,q_diff,diff_ec,21,177,21,59,none,results/P5/scores_m3.csv;results/P5/t1_inputs.json;results/P5/t1_denovo_inputs.json,0.4762,0.5238,0.4286,0.5,0.5204,0.5,0.568,0,,,,,,,
P5_S_NAT,natural,excl_iptm0,chai_ptm_mean,comparator,charge,q_diff,diff_ec,21,177,21,59,cognate_higher,results/P5/scores_m3.csv;results/P5/t1_inputs.json;results/P5/t1_denovo_inputs.json,0.7619,0.7619,0.5714,0.9524,0.5918,0.5261,0.6893,1,,,,,,,
P5_S_NAT,natural,excl_iptm0,chai_plddt_mean,comparator,charge,q_diff,diff_ec,21,177,21,59,cognate_higher,results/P5/scores_m3.csv;results/P5/t1_inputs.json;results/P5/t1_denovo_inputs.json,0.5238,0.5238,0.3333,0.7155,0.517,0.5011,0.5714,0,,,,,,,
P5_S_NAT,natural,excl_iptm0,ligand_heavy_atoms,baseline,charge,q_diff,diff_ec,21,177,21,59,none,results/P5/scores_m3.csv;results/P5/t1_inputs.json;results/P5/t1_denovo_inputs.json,0.5714,0.5714,0.3798,0.7619,0.5828,0.5045,0.78,0,,,,,,,
P5_S_NAT,natural,excl_iptm0,ligand_formal_charge,baseline,charge,q_diff,diff_ec,21,177,21,59,none,results/P5/scores_m3.csv;results/P5/t1_inputs.json;results/P5/t1_denovo_inputs.json,0.5714,0.5714,0.381,0.7619,0.5454,0.5034,0.7472,0,,,,,,,
P5_S_NAT,natural,excl_iptm0,chai_iptm_mean,headline,charge,q_diff,decoy,17,177,17,59,cognate_higher,results/P5/scores_m3.csv;results/P5/t1_inputs.json;results/P5/t1_denovo_inputs.json,0.5294,0.5294,0.2941,0.7647,0.5502,0.5052,0.7612,0,,,,,,,
P5_S_NAT,natural,excl_iptm0,chai_aggregate_score_mean,headline,charge,q_diff,decoy,17,177,17,59,cognate_higher,results/P5/scores_m3.csv;results/P5/t1_inputs.json;results/P5/t1_denovo_inputs.json,0.5294,0.5294,0.2941,0.7647,0.5433,0.5052,0.7509,0,,,,,,,
P5_S_NAT,natural,excl_iptm0,chai_per_chain_ptm_min_mean,headline,charge,q_diff,decoy,17,177,17,59,cognate_higher,results/P5/scores_m3.csv;results/P5/t1_inputs.json;results/P5/t1_denovo_inputs.json,0.5294,0.5294,0.2941,0.7647,0.5329,0.5052,0.737,0,,,,,,,
P5_S_NAT,natural,excl_iptm0,ame_crystal_clash_max,headline,charge,q_diff,decoy,17,177,17,59,none,results/P5/scores_m3.csv;results/P5/t1_inputs.json;results/P5/t1_denovo_inputs.json,0.5882,0.5882,0.3529,0.8235,0.564,0.5051,0.7405,0,,,,,,,
P5_S_NAT,natural,excl_iptm0,ame_crystal_rmsd_min,comparator,charge,q_diff,decoy,17,177,17,59,none,results/P5/scores_m3.csv;results/P5/t1_inputs.json;results/P5/t1_denovo_inputs.json,0.2941,0.7059,0.1176,0.5294,0.5606,0.5052,0.6713,0,,,,,,,
P5_S_NAT,natural,excl_iptm0,ame_crystal_pass,comparator,charge,q_diff,decoy,17,177,17,59,none,results/P5/scores_m3.csv;results/P5/t1_inputs.json;results/P5/t1_denovo_inputs.json,0.5,0.5,0.4118,0.5882,0.5035,0.5,0.5882,0,,,,,,,
P5_S_NAT,natural,excl_iptm0,chai_ptm_mean,comparator,charge,q_diff,decoy,17,177,17,59,cognate_higher,results/P5/scores_m3.csv;results/P5/t1_inputs.json;results/P5/t1_denovo_inputs.json,0.6471,0.6471,0.4118,0.8824,0.5744,0.5052,0.6782,0,,,,,,,
P5_S_NAT,natural,excl_iptm0,chai_plddt_mean,comparator,charge,q_diff,decoy,17,177,17,59,cognate_higher,results/P5/scores_m3.csv;results/P5/t1_inputs.json;results/P5/t1_denovo_inputs.json,0.5294,0.5294,0.2941,0.7647,0.5017,0.5017,0.5675,0,,,,,,,
P5_S_NAT,natural,excl_iptm0,ligand_heavy_atoms,baseline,charge,q_diff,decoy,17,177,17,59,none,results/P5/scores_m3.csv;results/P5/t1_inputs.json;results/P5/t1_denovo_inputs.json,0.3529,0.6471,0.1176,0.5882,0.6107,0.5069,0.8356,0,,,,,,,
P5_S_NAT,natural,excl_iptm0,ligand_formal_charge,baseline,charge,q_diff,decoy,17,177,17,59,none,results/P5/scores_m3.csv;results/P5/t1_inputs.json;results/P5/t1_denovo_inputs.json,0.4118,0.5882,0.1765,0.6471,0.5848,0.5052,0.7976,0,,,,,,,
P5_S_NAT,natural,excl_iptm0,chai_iptm_mean,headline,charge,q_diff,pooled_3,58,177,33,59,cognate_higher,results/P5/scores_m3.csv;results/P5/t1_inputs.json;results/P5/t1_denovo_inputs.json,0.569,0.569,0.4032,0.7647,,,,0,,,,,,,
P5_S_NAT,natural,excl_iptm0,chai_aggregate_score_mean,headline,charge,q_diff,pooled_3,58,177,33,59,cognate_higher,results/P5/scores_m3.csv;results/P5/t1_inputs.json;results/P5/t1_denovo_inputs.json,0.569,0.569,0.4032,0.7647,,,,0,,,,,,,
P5_S_NAT,natural,excl_iptm0,chai_per_chain_ptm_min_mean,headline,charge,q_diff,pooled_3,58,177,33,59,cognate_higher,results/P5/scores_m3.csv;results/P5/t1_inputs.json;results/P5/t1_denovo_inputs.json,0.5345,0.5345,0.371,0.6964,,,,0,,,,,,,
P5_S_NAT,natural,excl_iptm0,ame_crystal_clash_max,headline,charge,q_diff,pooled_3,58,177,33,59,none,results/P5/scores_m3.csv;results/P5/t1_inputs.json;results/P5/t1_denovo_inputs.json,0.4828,0.5172,0.3051,0.6406,,,,0,,,,,,,
P5_S_NAT,natural,excl_iptm0,ame_crystal_rmsd_min,comparator,charge,q_diff,pooled_3,58,177,33,59,none,results/P5/scores_m3.csv;results/P5/t1_inputs.json;results/P5/t1_denovo_inputs.json,0.3793,0.6207,0.2295,0.5424,,,,0,,,,,,,
P5_S_NAT,natural,excl_iptm0,ame_crystal_pass,comparator,charge,q_diff,pooled_3,58,177,33,59,none,results/P5/scores_m3.csv;results/P5/t1_inputs.json;results/P5/t1_denovo_inputs.json,0.4828,0.5172,0.4242,0.5238,,,,0,,,,,,,
P5_S_NAT,natural,excl_iptm0,chai_ptm_mean,comparator,charge,q_diff,pooled_3,58,177,33,59,cognate_higher,results/P5/scores_m3.csv;results/P5/t1_inputs.json;results/P5/t1_denovo_inputs.json,0.6724,0.6724,0.5263,0.8182,,,,1,,,,,,,
P5_S_NAT,natural,excl_iptm0,chai_plddt_mean,comparator,charge,q_diff,pooled_3,58,177,33,59,cognate_higher,results/P5/scores_m3.csv;results/P5/t1_inputs.json;results/P5/t1_denovo_inputs.json,0.569,0.569,0.4062,0.7547,,,,0,,,,,,,
P5_S_NAT,natural,excl_iptm0,ligand_heavy_atoms,baseline,charge,q_diff,pooled_3,58,177,33,59,none,results/P5/scores_m3.csv;results/P5/t1_inputs.json;results/P5/t1_denovo_inputs.json,0.4655,0.5345,0.3088,0.6604,,,,0,,,,,,,
P5_S_NAT,natural,excl_iptm0,ligand_formal_charge,baseline,charge,q_diff,pooled_3,58,177,33,59,none,results/P5/scores_m3.csv;results/P5/t1_inputs.json;results/P5/t1_denovo_inputs.json,0.5,0.5,0.3385,0.6964,,,,0,,,,,,,
P5_S_NAT,natural,excl_iptm0,chai_iptm_mean,headline,joint,matched&q_same,same_ec,15,177,15,59,cognate_higher,results/P5/scores_m3.csv;results/P5/t1_inputs.json;results/P5/t1_denovo_inputs.json,0.7333,0.7333,0.4667,0.9333,0.56,0.5067,0.649,0,,,,,,,
P5_S_NAT,natural,excl_iptm0,chai_aggregate_score_mean,headline,joint,matched&q_same,same_ec,15,177,15,59,cognate_higher,results/P5/scores_m3.csv;results/P5/t1_inputs.json;results/P5/t1_denovo_inputs.json,0.7333,0.7333,0.4667,0.9333,0.5556,0.5067,0.6444,0,,,,,,,
P5_S_NAT,natural,excl_iptm0,chai_per_chain_ptm_min_mean,headline,joint,matched&q_same,same_ec,15,177,15,59,cognate_higher,results/P5/scores_m3.csv;results/P5/t1_inputs.json;results/P5/t1_denovo_inputs.json,0.4,0.6,0.2,0.6667,0.5467,0.5022,0.6667,0,,,,,,,
P5_S_NAT,natural,excl_iptm0,ame_crystal_clash_max,headline,joint,matched&q_same,same_ec,15,177,15,59,none,results/P5/scores_m3.csv;results/P5/t1_inputs.json;results/P5/t1_denovo_inputs.json,0.6667,0.6667,0.4,0.8667,0.5156,0.5022,0.6533,0,,,,,,,
P5_S_NAT,natural,excl_iptm0,ame_crystal_rmsd_min,comparator,joint,matched&q_same,same_ec,15,177,15,59,none,results/P5/scores_m3.csv;results/P5/t1_inputs.json;results/P5/t1_denovo_inputs.json,0.6,0.6,0.3333,0.8667,0.5022,0.5022,0.5956,0,,,,,,,
P5_S_NAT,natural,excl_iptm0,ame_crystal_pass,comparator,joint,matched&q_same,same_ec,15,177,15,59,none,results/P5/scores_m3.csv;results/P5/t1_inputs.json;results/P5/t1_denovo_inputs.json,0.5,0.5,0.5,0.5,0.5,0.5,0.5,0,,,,,,,
P5_S_NAT,natural,excl_iptm0,chai_ptm_mean,comparator,joint,matched&q_same,same_ec,15,177,15,59,cognate_higher,results/P5/scores_m3.csv;results/P5/t1_inputs.json;results/P5/t1_denovo_inputs.json,0.6667,0.6667,0.4,0.8667,0.6222,0.5156,0.7644,0,,,,,,,
P5_S_NAT,natural,excl_iptm0,chai_plddt_mean,comparator,joint,matched&q_same,same_ec,15,177,15,59,cognate_higher,results/P5/scores_m3.csv;results/P5/t1_inputs.json;results/P5/t1_denovo_inputs.json,0.6,0.6,0.3333,0.8667,0.5422,0.5022,0.6178,0,,,,,,,
P5_S_NAT,natural,excl_iptm0,ligand_heavy_atoms,baseline,joint,matched&q_same,same_ec,15,177,15,59,none,results/P5/scores_m3.csv;results/P5/t1_inputs.json;results/P5/t1_denovo_inputs.json,0.3,0.7,0.1,0.5333,0.5756,0.5089,0.6667,0,,,,,,,
P5_S_NAT,natural,excl_iptm0,ligand_formal_charge,baseline,joint,matched&q_same,same_ec,15,177,15,59,none,results/P5/scores_m3.csv;results/P5/t1_inputs.json;results/P5/t1_denovo_inputs.json,0.5,0.5,0.5,0.5,0.5,0.5,0.5,0,,,,,,,
P5_S_NAT,natural,excl_iptm0,chai_iptm_mean,headline,joint,matched&q_same,diff_ec,10,177,10,59,cognate_higher,results/P5/scores_m3.csv;results/P5/t1_inputs.json;results/P5/t1_denovo_inputs.json,1.0,1.0,1.0,1.0,0.72,0.65,0.88,1,,,,,,,
P5_S_NAT,natural,excl_iptm0,chai_aggregate_score_mean,headline,joint,matched&q_same,diff_ec,10,177,10,59,cognate_higher,results/P5/scores_m3.csv;results/P5/t1_inputs.json;results/P5/t1_denovo_inputs.json,1.0,1.0,1.0,1.0,0.73,0.65,0.89,1,,,,,,,
P5_S_NAT,natural,excl_iptm0,chai_per_chain_ptm_min_mean,headline,joint,matched&q_same,diff_ec,10,177,10,59,cognate_higher,results/P5/scores_m3.csv;results/P5/t1_inputs.json;results/P5/t1_denovo_inputs.json,0.7,0.7,0.4,1.0,0.67,0.51,0.88,0,,,,,,,
P5_S_NAT,natural,excl_iptm0,ame_crystal_clash_max,headline,joint,matched&q_same,diff_ec,10,177,10,59,none,results/P5/scores_m3.csv;results/P5/t1_inputs.json;results/P5/t1_denovo_inputs.json,0.3,0.7,0.0,0.6,0.62,0.51,0.81,0,,,,,,,
P5_S_NAT,natural,excl_iptm0,ame_crystal_rmsd_min,comparator,joint,matched&q_same,diff_ec,10,177,10,59,none,results/P5/scores_m3.csv;results/P5/t1_inputs.json;results/P5/t1_denovo_inputs.json,0.7,0.7,0.4,1.0,0.51,0.5,0.62,0,,,,,,,
P5_S_NAT,natural,excl_iptm0,ame_crystal_pass,comparator,joint,matched&q_same,diff_ec,10,177,10,59,none,results/P5/scores_m3.csv;results/P5/t1_inputs.json;results/P5/t1_denovo_inputs.json,0.55,0.55,0.5,0.65,0.55,0.5,0.65,0,,,,,,,
P5_S_NAT,natural,excl_iptm0,chai_ptm_mean,comparator,joint,matched&q_same,diff_ec,10,177,10,59,cognate_higher,results/P5/scores_m3.csv;results/P5/t1_inputs.json;results/P5/t1_denovo_inputs.json,0.9,0.9,0.7,1.0,0.63,0.53,0.8,1,,,,,,,
P5_S_NAT,natural,excl_iptm0,chai_plddt_mean,comparator,joint,matched&q_same,diff_ec,10,177,10,59,cognate_higher,results/P5/scores_m3.csv;results/P5/t1_inputs.json;results/P5/t1_denovo_inputs.json,1.0,1.0,1.0,1.0,0.57,0.58,0.68,1,,,,,,,
P5_S_NAT,natural,excl_iptm0,ligand_heavy_atoms,baseline,joint,matched&q_same,diff_ec,10,177,10,59,none,results/P5/scores_m3.csv;results/P5/t1_inputs.json;results/P5/t1_denovo_inputs.json,0.35,0.65,0.15,0.55,0.595,0.505,0.765,0,,,,,,,
P5_S_NAT,natural,excl_iptm0,ligand_formal_charge,baseline,joint,matched&q_same,diff_ec,10,177,10,59,none,results/P5/scores_m3.csv;results/P5/t1_inputs.json;results/P5/t1_denovo_inputs.json,0.5,0.5,0.5,0.5,0.5,0.5,0.5,0,,,,,,,
P5_S_NAT,natural,excl_iptm0,chai_iptm_mean,headline,joint,matched&q_same,decoy,8,177,8,59,cognate_higher,results/P5/scores_m3.csv;results/P5/t1_inputs.json;results/P5/t1_denovo_inputs.json,0.875,0.875,0.625,1.0,0.75,0.5625,0.9688,"n<10, not estimated",,,,,,,
P5_S_NAT,natural,excl_iptm0,chai_aggregate_score_mean,headline,joint,matched&q_same,decoy,8,177,8,59,cognate_higher,results/P5/scores_m3.csv;results/P5/t1_inputs.json;results/P5/t1_denovo_inputs.json,0.875,0.875,0.625,1.0,0.7656,0.5625,1.0,"n<10, not estimated",,,,,,,
P5_S_NAT,natural,excl_iptm0,chai_per_chain_ptm_min_mean,headline,joint,matched&q_same,decoy,8,177,8,59,cognate_higher,results/P5/scores_m3.csv;results/P5/t1_inputs.json;results/P5/t1_denovo_inputs.json,0.75,0.75,0.375,1.0,0.6094,0.5156,0.7656,"n<10, not estimated",,,,,,,
P5_S_NAT,natural,excl_iptm0,ame_crystal_clash_max,headline,joint,matched&q_same,decoy,8,177,8,59,none,results/P5/scores_m3.csv;results/P5/t1_inputs.json;results/P5/t1_denovo_inputs.json,0.625,0.625,0.25,0.875,0.5469,0.5,0.7188,"n<10, not estimated",,,,,,,
P5_S_NAT,natural,excl_iptm0,ame_crystal_rmsd_min,comparator,joint,matched&q_same,decoy,8,177,8,59,none,results/P5/scores_m3.csv;results/P5/t1_inputs.json;results/P5/t1_denovo_inputs.json,0.5,0.5,0.125,0.875,0.5156,0.5,0.6875,"n<10, not estimated",,,,,,,
P5_S_NAT,natural,excl_iptm0,ame_crystal_pass,comparator,joint,matched&q_same,decoy,8,177,8,59,none,results/P5/scores_m3.csv;results/P5/t1_inputs.json;results/P5/t1_denovo_inputs.json,0.5,0.5,0.5,0.5,0.5,0.5,0.5,"n<10, not estimated",,,,,,,
P5_S_NAT,natural,excl_iptm0,chai_ptm_mean,comparator,joint,matched&q_same,decoy,8,177,8,59,cognate_higher,results/P5/scores_m3.csv;results/P5/t1_inputs.json;results/P5/t1_denovo_inputs.json,0.875,0.875,0.625,1.0,0.6562,0.5312,0.8594,"n<10, not estimated",,,,,,,
P5_S_NAT,natural,excl_iptm0,chai_plddt_mean,comparator,joint,matched&q_same,decoy,8,177,8,59,cognate_higher,results/P5/scores_m3.csv;results/P5/t1_inputs.json;results/P5/t1_denovo_inputs.json,0.875,0.875,0.625,1.0,0.5625,0.5156,0.7031,"n<10, not estimated",,,,,,,
P5_S_NAT,natural,excl_iptm0,ligand_heavy_atoms,baseline,joint,matched&q_same,decoy,8,177,8,59,none,results/P5/scores_m3.csv;results/P5/t1_inputs.json;results/P5/t1_denovo_inputs.json,0.4375,0.5625,0.1875,0.6875,0.5078,0.5,0.6406,"n<10, not estimated",,,,,,,
P5_S_NAT,natural,excl_iptm0,ligand_formal_charge,baseline,joint,matched&q_same,decoy,8,177,8,59,none,results/P5/scores_m3.csv;results/P5/t1_inputs.json;results/P5/t1_denovo_inputs.json,0.5,0.5,0.5,0.5,0.5,0.5,0.5,"n<10, not estimated",,,,,,,
P5_S_NAT,natural,excl_iptm0,chai_iptm_mean,headline,joint,matched&q_same,pooled_3,33,177,26,59,cognate_higher,results/P5/scores_m3.csv;results/P5/t1_inputs.json;results/P5/t1_denovo_inputs.json,0.8485,0.8485,0.7143,0.9677,,,,1,,,,,,,
P5_S_NAT,natural,excl_iptm0,chai_aggregate_score_mean,headline,joint,matched&q_same,pooled_3,33,177,26,59,cognate_higher,results/P5/scores_m3.csv;results/P5/t1_inputs.json;results/P5/t1_denovo_inputs.json,0.8485,0.8485,0.7143,0.9677,,,,1,,,,,,,
P5_S_NAT,natural,excl_iptm0,chai_per_chain_ptm_min_mean,headline,joint,matched&q_same,pooled_3,33,177,26,59,cognate_higher,results/P5/scores_m3.csv;results/P5/t1_inputs.json;results/P5/t1_denovo_inputs.json,0.5758,0.5758,0.4,0.7419,,,,0,,,,,,,
P5_S_NAT,natural,excl_iptm0,ame_crystal_clash_max,headline,joint,matched&q_same,pooled_3,33,177,26,59,none,results/P5/scores_m3.csv;results/P5/t1_inputs.json;results/P5/t1_denovo_inputs.json,0.5455,0.5455,0.3548,0.7273,,,,0,,,,,,,
P5_S_NAT,natural,excl_iptm0,ame_crystal_rmsd_min,comparator,joint,matched&q_same,pooled_3,33,177,26,59,none,results/P5/scores_m3.csv;results/P5/t1_inputs.json;results/P5/t1_denovo_inputs.json,0.6061,0.6061,0.4062,0.7879,,,,0,,,,,,,
P5_S_NAT,natural,excl_iptm0,ame_crystal_pass,comparator,joint,matched&q_same,pooled_3,33,177,26,59,none,results/P5/scores_m3.csv;results/P5/t1_inputs.json;results/P5/t1_denovo_inputs.json,0.5152,0.5152,0.5,0.55,,,,0,,,,,,,
P5_S_NAT,natural,excl_iptm0,chai_ptm_mean,comparator,joint,matched&q_same,pooled_3,33,177,26,59,cognate_higher,results/P5/scores_m3.csv;results/P5/t1_inputs.json;results/P5/t1_denovo_inputs.json,0.7879,0.7879,0.6452,0.9118,,,,1,,,,,,,
P5_S_NAT,natural,excl_iptm0,chai_plddt_mean,comparator,joint,matched&q_same,pooled_3,33,177,26,59,cognate_higher,results/P5/scores_m3.csv;results/P5/t1_inputs.json;results/P5/t1_denovo_inputs.json,0.7879,0.7879,0.6562,0.9118,,,,1,,,,,,,
P5_S_NAT,natural,excl_iptm0,ligand_heavy_atoms,baseline,joint,matched&q_same,pooled_3,33,177,26,59,none,results/P5/scores_m3.csv;results/P5/t1_inputs.json;results/P5/t1_denovo_inputs.json,0.3485,0.6515,0.2258,0.4844,,,,1,,,,,,,
P5_S_NAT,natural,excl_iptm0,ligand_formal_charge,baseline,joint,matched&q_same,pooled_3,33,177,26,59,none,results/P5/scores_m3.csv;results/P5/t1_inputs.json;results/P5/t1_denovo_inputs.json,0.5,0.5,0.5,0.5,,,,0,,,,,,,
P5_S_NAT,natural,primary,chai_iptm_mean,headline,all,all,pooled_3,171,177,58,59,,results/P5/scores_m3.csv;results/P5/t1_inputs.json;results/P5/t1_denovo_inputs.json,,,,,,,,,0.6689,0.5317,0.7795,,,,
P5_S_NAT,natural,primary,chai_aggregate_score_mean,headline,all,all,pooled_3,171,177,58,59,,results/P5/scores_m3.csv;results/P5/t1_inputs.json;results/P5/t1_denovo_inputs.json,,,,,,,,,0.6634,0.5218,0.775,,,,
P5_S_NAT,natural,primary,chai_per_chain_ptm_min_mean,headline,all,all,pooled_3,171,177,58,59,,results/P5/scores_m3.csv;results/P5/t1_inputs.json;results/P5/t1_denovo_inputs.json,,,,,,,,,0.5767,0.4113,0.6975,,,,
P5_S_NAT,natural,primary,ame_crystal_clash_max,headline,all,all,pooled_3,171,177,58,59,,results/P5/scores_m3.csv;results/P5/t1_inputs.json;results/P5/t1_denovo_inputs.json,,,,,,,,,-0.5293,-0.6569,-0.3863,,,,
P5_S_NAT,natural,primary,ame_crystal_rmsd_min,comparator,all,all,pooled_3,171,177,58,59,,results/P5/scores_m3.csv;results/P5/t1_inputs.json;results/P5/t1_denovo_inputs.json,,,,,,,,,-0.2144,-0.3722,-0.0336,,,,
P5_S_NAT,natural,primary,ame_crystal_pass,comparator,all,all,pooled_3,171,177,58,59,,results/P5/scores_m3.csv;results/P5/t1_inputs.json;results/P5/t1_denovo_inputs.json,,,,,,,,,0.0637,-0.0757,0.1716,,,,
P5_S_NAT,natural,primary,chai_ptm_mean,comparator,all,all,pooled_3,171,177,58,59,,results/P5/scores_m3.csv;results/P5/t1_inputs.json;results/P5/t1_denovo_inputs.json,,,,,,,,,0.0198,-0.1751,0.2246,,,,
P5_S_NAT,natural,primary,chai_plddt_mean,comparator,all,all,pooled_3,171,177,58,59,,results/P5/scores_m3.csv;results/P5/t1_inputs.json;results/P5/t1_denovo_inputs.json,,,,,,,,,0.3461,0.1565,0.5255,,,,
P5_S_DN,denovo,primary,chai_iptm_mean,headline,all,all,same_ec,29,90,29,30,cognate_higher,results/P5/scores_m3.csv;results/P5/t1_inputs.json;results/P5/t1_denovo_inputs.json,0.931,0.931,0.8276,1.0,0.8835,0.8074,0.9524,1,,,,23,23,0.8261,1.0
P5_S_DN,denovo,primary,chai_aggregate_score_mean,headline,all,all,same_ec,29,90,29,30,cognate_higher,results/P5/scores_m3.csv;results/P5/t1_inputs.json;results/P5/t1_denovo_inputs.json,0.931,0.931,0.8276,1.0,0.8823,0.8062,0.9524,1,,,,23,23,0.8261,1.0
P5_S_DN,denovo,primary,chai_per_chain_ptm_min_mean,headline,all,all,same_ec,29,90,29,30,cognate_higher,results/P5/scores_m3.csv;results/P5/t1_inputs.json;results/P5/t1_denovo_inputs.json,0.8966,0.8966,0.7586,1.0,0.8609,0.7444,0.9548,1,,,,23,23,0.8,1.0
P5_S_DN,denovo,primary,ame_self_clash_max,headline,all,all,same_ec,29,90,29,30,none,results/P5/scores_m3.csv;results/P5/t1_inputs.json;results/P5/t1_denovo_inputs.json,0.3448,0.6552,0.1724,0.5172,0.6897,0.5529,0.8109,0,,,,23,23,0.1739,0.5652
P5_S_DN,denovo,primary,ame_self_rmsd_min,comparator,all,all,same_ec,29,90,29,30,none,results/P5/scores_m3.csv;results/P5/t1_inputs.json;results/P5/t1_denovo_inputs.json,0.5517,0.5517,0.3793,0.7241,0.503,0.5006,0.566,0,,,,23,23,0.3913,0.7391
P5_S_DN,denovo,primary,ame_self_pass,comparator,all,all,same_ec,29,90,29,30,none,results/P5/scores_m3.csv;results/P5/t1_inputs.json;results/P5/t1_denovo_inputs.json,0.5,0.5,0.3966,0.6034,0.5101,0.5012,0.5743,0,,,,23,23,0.3913,0.587
P5_S_DN,denovo,primary,chai_ptm_mean,comparator,all,all,same_ec,29,90,29,30,cognate_higher,results/P5/scores_m3.csv;results/P5/t1_inputs.json;results/P5/t1_denovo_inputs.json,0.8621,0.8621,0.7241,0.9655,0.7693,0.6623,0.8799,1,,,,23,23,0.6957,0.9714
P5_S_DN,denovo,primary,chai_plddt_mean,comparator,all,all,same_ec,29,90,29,30,cognate_higher,results/P5/scores_m3.csv;results/P5/t1_inputs.json;results/P5/t1_denovo_inputs.json,0.8966,0.8966,0.7931,1.0,0.6183,0.5767,0.6933,1,,,,23,23,0.7391,1.0
P5_S_DN,denovo,primary,ligand_heavy_atoms,baseline,all,all,same_ec,29,90,29,30,none,results/P5/scores_m3.csv;results/P5/t1_inputs.json;results/P5/t1_denovo_inputs.json,0.6207,0.6207,0.4483,0.7931,0.6207,0.5172,0.7931,0,,,,23,23,0.4348,0.7826
P5_S_DN,denovo,primary,ligand_formal_charge,baseline,all,all,same_ec,29,90,29,30,none,results/P5/scores_m3.csv;results/P5/t1_inputs.json;results/P5/t1_denovo_inputs.json,0.1379,0.8621,0.0345,0.2586,0.8621,0.7414,0.9655,1,,,,23,23,0.0345,0.2609
P5_S_DN,denovo,primary,chai_iptm_mean,headline,all,all,diff_ec,28,90,28,30,cognate_higher,results/P5/scores_m3.csv;results/P5/t1_inputs.json;results/P5/t1_denovo_inputs.json,0.9643,0.9643,0.8929,1.0,0.898,0.824,0.963,1,,,,21,23,0.8571,1.0
P5_S_DN,denovo,primary,chai_aggregate_score_mean,headline,all,all,diff_ec,28,90,28,30,cognate_higher,results/P5/scores_m3.csv;results/P5/t1_inputs.json;results/P5/t1_denovo_inputs.json,0.9643,0.9643,0.8929,1.0,0.8878,0.8138,0.9579,1,,,,21,23,0.8571,1.0
P5_S_DN,denovo,primary,chai_per_chain_ptm_min_mean,headline,all,all,diff_ec,28,90,28,30,cognate_higher,results/P5/scores_m3.csv;results/P5/t1_inputs.json;results/P5/t1_denovo_inputs.json,0.9286,0.9286,0.8214,1.0,0.9349,0.8405,1.0,1,,,,21,23,0.8095,1.0
P5_S_DN,denovo,primary,ame_self_clash_max,headline,all,all,diff_ec,28,90,28,30,none,results/P5/scores_m3.csv;results/P5/t1_inputs.json;results/P5/t1_denovo_inputs.json,0.2143,0.7857,0.0714,0.3571,0.7321,0.6441,0.8265,1,,,,21,23,0.0714,0.4286
P5_S_DN,denovo,primary,ame_self_rmsd_min,comparator,all,all,diff_ec,28,90,28,30,none,results/P5/scores_m3.csv;results/P5/t1_inputs.json;results/P5/t1_denovo_inputs.json,0.4643,0.5357,0.2857,0.6429,0.5077,0.5013,0.5638,0,,,,21,23,0.2381,0.619
P5_S_DN,denovo,primary,ame_self_pass,comparator,all,all,diff_ec,28,90,28,30,none,results/P5/scores_m3.csv;results/P5/t1_inputs.json;results/P5/t1_denovo_inputs.json,0.5,0.5,0.4107,0.5893,0.5038,0.5,0.5364,0,,,,21,23,0.4286,0.5714
P5_S_DN,denovo,primary,chai_ptm_mean,comparator,all,all,diff_ec,28,90,28,30,cognate_higher,results/P5/scores_m3.csv;results/P5/t1_inputs.json;results/P5/t1_denovo_inputs.json,0.8929,0.8929,0.7857,1.0,0.7768,0.6773,0.8839,1,,,,21,23,0.7143,1.0
P5_S_DN,denovo,primary,chai_plddt_mean,comparator,all,all,diff_ec,28,90,28,30,cognate_higher,results/P5/scores_m3.csv;results/P5/t1_inputs.json;results/P5/t1_denovo_inputs.json,0.7857,0.7857,0.6429,0.9286,0.5689,0.5319,0.6276,1,,,,21,23,0.6429,0.9524
P5_S_DN,denovo,primary,ligand_heavy_atoms,baseline,all,all,diff_ec,28,90,28,30,none,results/P5/scores_m3.csv;results/P5/t1_inputs.json;results/P5/t1_denovo_inputs.json,0.7857,0.7857,0.6429,0.9286,0.7857,0.6429,0.9286,1,,,,21,23,0.6429,0.9286
P5_S_DN,denovo,primary,ligand_formal_charge,baseline,all,all,diff_ec,28,90,28,30,none,results/P5/scores_m3.csv;results/P5/t1_inputs.json;results/P5/t1_denovo_inputs.json,0.0714,0.9286,0.0,0.1607,0.9286,0.8393,1.0,1,,,,21,23,0.0,0.131
P5_S_DN,denovo,primary,chai_iptm_mean,headline,all,all,decoy,30,90,30,30,cognate_higher,results/P5/scores_m3.csv;results/P5/t1_inputs.json;results/P5/t1_denovo_inputs.json,0.8667,0.8667,0.7333,0.9667,0.8833,0.7856,0.9567,1,,,,23,23,0.6957,0.973
P5_S_DN,denovo,primary,chai_aggregate_score_mean,headline,all,all,decoy,30,90,30,30,cognate_higher,results/P5/scores_m3.csv;results/P5/t1_inputs.json;results/P5/t1_denovo_inputs.json,0.8667,0.8667,0.7333,0.9667,0.8733,0.7767,0.9511,1,,,,23,23,0.6957,0.973
P5_S_DN,denovo,primary,chai_per_chain_ptm_min_mean,headline,all,all,decoy,30,90,30,30,cognate_higher,results/P5/scores_m3.csv;results/P5/t1_inputs.json;results/P5/t1_denovo_inputs.json,0.8667,0.8667,0.7333,0.9667,0.9189,0.8256,0.9856,1,,,,23,23,0.6957,0.973
P5_S_DN,denovo,primary,ame_self_clash_max,headline,all,all,decoy,30,90,30,30,none,results/P5/scores_m3.csv;results/P5/t1_inputs.json;results/P5/t1_denovo_inputs.json,0.2333,0.7667,0.1,0.4,0.62,0.5111,0.7533,1,,,,23,23,0.0811,0.4783
P5_S_DN,denovo,primary,ame_self_rmsd_min,comparator,all,all,decoy,30,90,30,30,none,results/P5/scores_m3.csv;results/P5/t1_inputs.json;results/P5/t1_denovo_inputs.json,0.4667,0.5333,0.3,0.6333,0.5333,0.5022,0.5867,0,,,,23,23,0.3043,0.6522
P5_S_DN,denovo,primary,ame_self_pass,comparator,all,all,decoy,30,90,30,30,none,results/P5/scores_m3.csv;results/P5/t1_inputs.json;results/P5/t1_denovo_inputs.json,0.55,0.55,0.4667,0.6333,0.5194,0.5006,0.5639,0,,,,23,23,0.4565,0.625
P5_S_DN,denovo,primary,chai_ptm_mean,comparator,all,all,decoy,30,90,30,30,cognate_higher,results/P5/scores_m3.csv;results/P5/t1_inputs.json;results/P5/t1_denovo_inputs.json,0.8333,0.8333,0.7,0.9667,0.77,0.6678,0.8733,1,,,,23,23,0.6957,0.9459
P5_S_DN,denovo,primary,chai_plddt_mean,comparator,all,all,decoy,30,90,30,30,cognate_higher,results/P5/scores_m3.csv;results/P5/t1_inputs.json;results/P5/t1_denovo_inputs.json,0.8667,0.8667,0.7333,0.9667,0.6,0.5644,0.6567,1,,,,23,23,0.6957,0.973
P5_S_DN,denovo,primary,ligand_heavy_atoms,baseline,all,all,decoy,30,90,30,30,none,results/P5/scores_m3.csv;results/P5/t1_inputs.json;results/P5/t1_denovo_inputs.json,0.6333,0.6333,0.4667,0.8,0.6333,0.5,0.8,0,,,,23,23,0.4783,0.8261
P5_S_DN,denovo,primary,ligand_formal_charge,baseline,all,all,decoy,30,90,30,30,none,results/P5/scores_m3.csv;results/P5/t1_inputs.json;results/P5/t1_denovo_inputs.json,0.0667,0.9333,0.0,0.15,0.9333,0.85,1.0,1,,,,23,23,0.0,0.1351
P5_S_DN,denovo,primary,chai_iptm_mean,headline,all,all,pooled_3,87,90,30,30,cognate_higher,results/P5/scores_m3.csv;results/P5/t1_inputs.json;results/P5/t1_denovo_inputs.json,0.9195,0.9195,0.8372,0.9881,,,,1,,,,23,23,0.8154,0.9865
P5_S_DN,denovo,primary,chai_aggregate_score_mean,headline,all,all,pooled_3,87,90,30,30,cognate_higher,results/P5/scores_m3.csv;results/P5/t1_inputs.json;results/P5/t1_denovo_inputs.json,0.9195,0.9195,0.8372,0.9881,,,,1,,,,23,23,0.8154,0.9865
P5_S_DN,denovo,primary,chai_per_chain_ptm_min_mean,headline,all,all,pooled_3,87,90,30,30,cognate_higher,results/P5/scores_m3.csv;results/P5/t1_inputs.json;results/P5/t1_denovo_inputs.json,0.8966,0.8966,0.8202,0.9647,,,,1,,,,23,23,0.8165,0.9559
P5_S_DN,denovo,primary,ame_self_clash_max,headline,all,all,pooled_3,87,90,30,30,none,results/P5/scores_m3.csv;results/P5/t1_inputs.json;results/P5/t1_denovo_inputs.json,0.2644,0.7356,0.1591,0.3794,,,,1,,,,23,23,0.1481,0.4478
P5_S_DN,denovo,primary,ame_self_rmsd_min,comparator,all,all,pooled_3,87,90,30,30,none,results/P5/scores_m3.csv;results/P5/t1_inputs.json;results/P5/t1_denovo_inputs.json,0.4943,0.5057,0.3408,0.6471,,,,0,,,,23,23,0.3529,0.6364
P5_S_DN,denovo,primary,ame_self_pass,comparator,all,all,pooled_3,87,90,30,30,none,results/P5/scores_m3.csv;results/P5/t1_inputs.json;results/P5/t1_denovo_inputs.json,0.5172,0.5172,0.4489,0.5844,,,,0,,,,23,23,0.442,0.5739
P5_S_DN,denovo,primary,chai_ptm_mean,comparator,all,all,pooled_3,87,90,30,30,cognate_higher,results/P5/scores_m3.csv;results/P5/t1_inputs.json;results/P5/t1_denovo_inputs.json,0.8621,0.8621,0.7386,0.9556,,,,1,,,,23,23,0.7121,0.9552
P5_S_DN,denovo,primary,chai_plddt_mean,comparator,all,all,pooled_3,87,90,30,30,cognate_higher,results/P5/scores_m3.csv;results/P5/t1_inputs.json;results/P5/t1_denovo_inputs.json,0.8506,0.8506,0.7412,0.9425,,,,1,,,,23,23,0.7231,0.9352
P5_S_DN,denovo,primary,ligand_heavy_atoms,baseline,all,all,pooled_3,87,90,30,30,none,results/P5/scores_m3.csv;results/P5/t1_inputs.json;results/P5/t1_denovo_inputs.json,0.6782,0.6782,0.5955,0.7647,,,,1,,,,23,23,0.5977,0.7681
P5_S_DN,denovo,primary,ligand_formal_charge,baseline,all,all,pooled_3,87,90,30,30,none,results/P5/scores_m3.csv;results/P5/t1_inputs.json;results/P5/t1_denovo_inputs.json,0.092,0.908,0.0402,0.1512,,,,1,,,,23,23,0.0294,0.1397
P5_S_DN,denovo,primary,chai_iptm_mean,headline,size,smaller,same_ec,15,90,15,30,cognate_higher,results/P5/scores_m3.csv;results/P5/t1_inputs.json;results/P5/t1_denovo_inputs.json,0.9333,0.9333,0.8,1.0,0.9067,0.8089,0.9867,1,,,,12,23,0.75,1.0
P5_S_DN,denovo,primary,chai_aggregate_score_mean,headline,size,smaller,same_ec,15,90,15,30,cognate_higher,results/P5/scores_m3.csv;results/P5/t1_inputs.json;results/P5/t1_denovo_inputs.json,0.9333,0.9333,0.8,1.0,0.8978,0.8,0.9867,1,,,,12,23,0.75,1.0
P5_S_DN,denovo,primary,chai_per_chain_ptm_min_mean,headline,size,smaller,same_ec,15,90,15,30,cognate_higher,results/P5/scores_m3.csv;results/P5/t1_inputs.json;results/P5/t1_denovo_inputs.json,0.8,0.8,0.6,1.0,0.8622,0.6667,1.0,1,,,,12,23,0.619,1.0
P5_S_DN,denovo,primary,ame_self_clash_max,headline,size,smaller,same_ec,15,90,15,30,none,results/P5/scores_m3.csv;results/P5/t1_inputs.json;results/P5/t1_denovo_inputs.json,0.2,0.8,0.0,0.4,0.7733,0.6133,0.9156,1,,,,12,23,0.0,0.5
P5_S_DN,denovo,primary,ame_self_rmsd_min,comparator,size,smaller,same_ec,15,90,15,30,none,results/P5/scores_m3.csv;results/P5/t1_inputs.json;results/P5/t1_denovo_inputs.json,0.4667,0.5333,0.2,0.7333,0.52,0.5022,0.6223,0,,,,12,23,0.25,0.75
P5_S_DN,denovo,primary,ame_self_pass,comparator,size,smaller,same_ec,15,90,15,30,none,results/P5/scores_m3.csv;results/P5/t1_inputs.json;results/P5/t1_denovo_inputs.json,0.4667,0.5333,0.3,0.6,0.5378,0.5022,0.6467,0,,,,12,23,0.2917,0.5952
P5_S_DN,denovo,primary,chai_ptm_mean,comparator,size,smaller,same_ec,15,90,15,30,cognate_higher,results/P5/scores_m3.csv;results/P5/t1_inputs.json;results/P5/t1_denovo_inputs.json,0.7333,0.7333,0.4667,0.9333,0.6133,0.5111,0.7689,0,,,,12,23,0.4167,0.9444
P5_S_DN,denovo,primary,chai_plddt_mean,comparator,size,smaller,same_ec,15,90,15,30,cognate_higher,results/P5/scores_m3.csv;results/P5/t1_inputs.json;results/P5/t1_denovo_inputs.json,0.8667,0.8667,0.6667,1.0,0.6133,0.5511,0.72,1,,,,12,23,0.6667,1.0
P5_S_DN,denovo,primary,ligand_heavy_atoms,baseline,size,smaller,same_ec,15,90,15,30,none,results/P5/scores_m3.csv;results/P5/t1_inputs.json;results/P5/t1_denovo_inputs.json,1.0,1.0,1.0,1.0,1.0,1.0,1.0,1,,,,12,23,1.0,1.0
P5_S_DN,denovo,primary,ligand_formal_charge,baseline,size,smaller,same_ec,15,90,15,30,none,results/P5/scores_m3.csv;results/P5/t1_inputs.json;results/P5/t1_denovo_inputs.json,0.2,0.8,0.0333,0.4,0.8,0.6,0.9667,1,,,,12,23,0.0,0.4
P5_S_DN,denovo,primary,chai_iptm_mean,headline,size,smaller,diff_ec,19,90,19,30,cognate_higher,results/P5/scores_m3.csv;results/P5/t1_inputs.json;results/P5/t1_denovo_inputs.json,1.0,1.0,1.0,1.0,0.9058,0.8255,0.9861,1,,,,15,23,1.0,1.0
P5_S_DN,denovo,primary,chai_aggregate_score_mean,headline,size,smaller,diff_ec,19,90,19,30,cognate_higher,results/P5/scores_m3.csv;results/P5/t1_inputs.json;results/P5/t1_denovo_inputs.json,1.0,1.0,1.0,1.0,0.8864,0.8033,0.9861,1,,,,15,23,1.0,1.0
P5_S_DN,denovo,primary,chai_per_chain_ptm_min_mean,headline,size,smaller,diff_ec,19,90,19,30,cognate_higher,results/P5/scores_m3.csv;results/P5/t1_inputs.json;results/P5/t1_denovo_inputs.json,0.9474,0.9474,0.8421,1.0,0.9474,0.8421,1.0,1,,,,15,23,0.8,1.0
P5_S_DN,denovo,primary,ame_self_clash_max,headline,size,smaller,diff_ec,19,90,19,30,none,results/P5/scores_m3.csv;results/P5/t1_inputs.json;results/P5/t1_denovo_inputs.json,0.1579,0.8421,0.0,0.3158,0.8227,0.7064,0.9252,1,,,,15,23,0.0,0.4
P5_S_DN,denovo,primary,ame_self_rmsd_min,comparator,size,smaller,diff_ec,19,90,19,30,none,results/P5/scores_m3.csv;results/P5/t1_inputs.json;results/P5/t1_denovo_inputs.json,0.3684,0.6316,0.1579,0.5789,0.5319,0.5014,0.615,0,,,,15,23,0.1579,0.5789
P5_S_DN,denovo,primary,ame_self_pass,comparator,size,smaller,diff_ec,19,90,19,30,none,results/P5/scores_m3.csv;results/P5/t1_inputs.json;results/P5/t1_denovo_inputs.json,0.5,0.5,0.3947,0.6053,0.5111,0.5,0.5554,0,,,,15,23,0.4211,0.5789
P5_S_DN,denovo,primary,chai_ptm_mean,comparator,size,smaller,diff_ec,19,90,19,30,cognate_higher,results/P5/scores_m3.csv;results/P5/t1_inputs.json;results/P5/t1_denovo_inputs.json,0.9474,0.9474,0.8421,1.0,0.7922,0.6787,0.9224,1,,,,15,23,0.8,1.0
P5_S_DN,denovo,primary,chai_plddt_mean,comparator,size,smaller,diff_ec,19,90,19,30,cognate_higher,results/P5/scores_m3.csv;results/P5/t1_inputs.json;results/P5/t1_denovo_inputs.json,0.7895,0.7895,0.5789,0.9474,0.5512,0.5097,0.6288,1,,,,15,23,0.6316,1.0
P5_S_DN,denovo,primary,ligand_heavy_atoms,baseline,size,smaller,diff_ec,19,90,19,30,none,results/P5/scores_m3.csv;results/P5/t1_inputs.json;results/P5/t1_denovo_inputs.json,1.0,1.0,1.0,1.0,1.0,1.0,1.0,1,,,,15,23,1.0,1.0
P5_S_DN,denovo,primary,ligand_formal_charge,baseline,size,smaller,diff_ec,19,90,19,30,none,results/P5/scores_m3.csv;results/P5/t1_inputs.json;results/P5/t1_denovo_inputs.json,0.1053,0.8947,0.0,0.2368,0.8947,0.7632,1.0,1,,,,15,23,0.0,0.1957
P5_S_DN,denovo,primary,chai_iptm_mean,headline,size,smaller,decoy,14,90,14,30,cognate_higher,results/P5/scores_m3.csv;results/P5/t1_inputs.json;results/P5/t1_denovo_inputs.json,0.9286,0.9286,0.7857,1.0,0.9133,0.7704,1.0,1,,,,11,23,0.7273,1.0
P5_S_DN,denovo,primary,chai_aggregate_score_mean,headline,size,smaller,decoy,14,90,14,30,cognate_higher,results/P5/scores_m3.csv;results/P5/t1_inputs.json;results/P5/t1_denovo_inputs.json,0.9286,0.9286,0.7857,1.0,0.8827,0.7347,1.0,1,,,,11,23,0.7273,1.0
P5_S_DN,denovo,primary,chai_per_chain_ptm_min_mean,headline,size,smaller,decoy,14,90,14,30,cognate_higher,results/P5/scores_m3.csv;results/P5/t1_inputs.json;results/P5/t1_denovo_inputs.json,0.9286,0.9286,0.7857,1.0,0.9286,0.7857,1.0,1,,,,11,23,0.7273,1.0
P5_S_DN,denovo,primary,ame_self_clash_max,headline,size,smaller,decoy,14,90,14,30,none,results/P5/scores_m3.csv;results/P5/t1_inputs.json;results/P5/t1_denovo_inputs.json,0.1429,0.8571,0.0,0.3571,0.7704,0.5408,0.9541,1,,,,11,23,0.0,0.3636
P5_S_DN,denovo,primary,ame_self_rmsd_min,comparator,size,smaller,decoy,14,90,14,30,none,results/P5/scores_m3.csv;results/P5/t1_inputs.json;results/P5/t1_denovo_inputs.json,0.4286,0.5714,0.2143,0.7143,0.551,0.5,0.6735,0,,,,11,23,0.2143,0.7273
P5_S_DN,denovo,primary,ame_self_pass,comparator,size,smaller,decoy,14,90,14,30,none,results/P5/scores_m3.csv;results/P5/t1_inputs.json;results/P5/t1_denovo_inputs.json,0.5,0.5,0.3929,0.6071,0.5026,0.5,0.5408,0,,,,11,23,0.3636,0.575
P5_S_DN,denovo,primary,chai_ptm_mean,comparator,size,smaller,decoy,14,90,14,30,cognate_higher,results/P5/scores_m3.csv;results/P5/t1_inputs.json;results/P5/t1_denovo_inputs.json,0.7857,0.7857,0.5714,1.0,0.7806,0.5969,0.949,1,,,,11,23,0.5714,1.0
P5_S_DN,denovo,primary,chai_plddt_mean,comparator,size,smaller,decoy,14,90,14,30,cognate_higher,results/P5/scores_m3.csv;results/P5/t1_inputs.json;results/P5/t1_denovo_inputs.json,0.8571,0.8571,0.6429,1.0,0.602,0.5255,0.7143,1,,,,11,23,0.6364,1.0
P5_S_DN,denovo,primary,ligand_heavy_atoms,baseline,size,smaller,decoy,14,90,14,30,none,results/P5/scores_m3.csv;results/P5/t1_inputs.json;results/P5/t1_denovo_inputs.json,1.0,1.0,1.0,1.0,1.0,1.0,1.0,1,,,,11,23,1.0,1.0
P5_S_DN,denovo,primary,ligand_formal_charge,baseline,size,smaller,decoy,14,90,14,30,none,results/P5/scores_m3.csv;results/P5/t1_inputs.json;results/P5/t1_denovo_inputs.json,0.0714,0.9286,0.0,0.1786,0.9286,0.8214,1.0,1,,,,11,23,0.0,0.15
P5_S_DN,denovo,primary,chai_iptm_mean,headline,size,smaller,pooled_3,48,90,29,30,cognate_higher,results/P5/scores_m3.csv;results/P5/t1_inputs.json;results/P5/t1_denovo_inputs.json,0.9583,0.9583,0.8974,1.0,,,,1,,,,23,23,0.8809,1.0
P5_S_DN,denovo,primary,chai_aggregate_score_mean,headline,size,smaller,pooled_3,48,90,29,30,cognate_higher,results/P5/scores_m3.csv;results/P5/t1_inputs.json;results/P5/t1_denovo_inputs.json,0.9583,0.9583,0.8974,1.0,,,,1,,,,23,23,0.8809,1.0
P5_S_DN,denovo,primary,chai_per_chain_ptm_min_mean,headline,size,smaller,pooled_3,48,90,29,30,cognate_higher,results/P5/scores_m3.csv;results/P5/t1_inputs.json;results/P5/t1_denovo_inputs.json,0.8958,0.8958,0.7925,0.9792,,,,1,,,,23,23,0.803,1.0
P5_S_DN,denovo,primary,ame_self_clash_max,headline,size,smaller,pooled_3,48,90,29,30,none,results/P5/scores_m3.csv;results/P5/t1_inputs.json;results/P5/t1_denovo_inputs.json,0.1667,0.8333,0.0566,0.2955,,,,1,,,,23,23,0.0494,0.35
P5_S_DN,denovo,primary,ame_self_rmsd_min,comparator,size,smaller,pooled_3,48,90,29,30,none,results/P5/scores_m3.csv;results/P5/t1_inputs.json;results/P5/t1_denovo_inputs.json,0.4167,0.5833,0.2407,0.6078,,,,0,,,,23,23,0.26,0.6176
P5_S_DN,denovo,primary,ame_self_pass,comparator,size,smaller,pooled_3,48,90,29,30,none,results/P5/scores_m3.csv;results/P5/t1_inputs.json;results/P5/t1_denovo_inputs.json,0.4896,0.5104,0.3953,0.5833,,,,0,,,,23,23,0.3939,0.5593
P5_S_DN,denovo,primary,chai_ptm_mean,comparator,size,smaller,pooled_3,48,90,29,30,cognate_higher,results/P5/scores_m3.csv;results/P5/t1_inputs.json;results/P5/t1_denovo_inputs.json,0.8333,0.8333,0.6923,0.9556,,,,1,,,,23,23,0.6585,0.9455
P5_S_DN,denovo,primary,chai_plddt_mean,comparator,size,smaller,pooled_3,48,90,29,30,cognate_higher,results/P5/scores_m3.csv;results/P5/t1_inputs.json;results/P5/t1_denovo_inputs.json,0.8333,0.8333,0.6939,0.9535,,,,1,,,,23,23,0.6923,0.95
P5_S_DN,denovo,primary,ligand_heavy_atoms,baseline,size,smaller,pooled_3,48,90,29,30,none,results/P5/scores_m3.csv;results/P5/t1_inputs.json;results/P5/t1_denovo_inputs.json,1.0,1.0,1.0,1.0,,,,1,,,,23,23,1.0,1.0
P5_S_DN,denovo,primary,ligand_formal_charge,baseline,size,smaller,pooled_3,48,90,29,30,none,results/P5/scores_m3.csv;results/P5/t1_inputs.json;results/P5/t1_denovo_inputs.json,0.125,0.875,0.0481,0.2115,,,,1,,,,23,23,0.0161,0.2
P5_S_DN,denovo,primary,chai_iptm_mean,headline,size,matched,same_ec,9,90,9,30,cognate_higher,results/P5/scores_m3.csv;results/P5/t1_inputs.json;results/P5/t1_denovo_inputs.json,1.0,1.0,1.0,1.0,0.9753,0.9012,1.0,"n<10, not estimated",,,,9,23,1.0,1.0
P5_S_DN,denovo,primary,chai_aggregate_score_mean,headline,size,matched,same_ec,9,90,9,30,cognate_higher,results/P5/scores_m3.csv;results/P5/t1_inputs.json;results/P5/t1_denovo_inputs.json,1.0,1.0,1.0,1.0,0.9753,0.9012,1.0,"n<10, not estimated",,,,9,23,1.0,1.0
P5_S_DN,denovo,primary,chai_per_chain_ptm_min_mean,headline,size,matched,same_ec,9,90,9,30,cognate_higher,results/P5/scores_m3.csv;results/P5/t1_inputs.json;results/P5/t1_denovo_inputs.json,1.0,1.0,1.0,1.0,0.9136,0.8148,1.0,"n<10, not estimated",,,,9,23,1.0,1.0
P5_S_DN,denovo,primary,ame_self_clash_max,headline,size,matched,same_ec,9,90,9,30,none,results/P5/scores_m3.csv;results/P5/t1_inputs.json;results/P5/t1_denovo_inputs.json,0.3333,0.6667,0.0,0.6667,0.6667,0.5062,0.9136,"n<10, not estimated",,,,9,23,0.0,0.6667
P5_S_DN,denovo,primary,ame_self_rmsd_min,comparator,size,matched,same_ec,9,90,9,30,none,results/P5/scores_m3.csv;results/P5/t1_inputs.json;results/P5/t1_denovo_inputs.json,0.7778,0.7778,0.4444,1.0,0.5185,0.5062,0.679,"n<10, not estimated",,,,9,23,0.4444,1.0
P5_S_DN,denovo,primary,ame_self_pass,comparator,size,matched,same_ec,9,90,9,30,none,results/P5/scores_m3.csv;results/P5/t1_inputs.json;results/P5/t1_denovo_inputs.json,0.4444,0.5556,0.3333,0.5,0.5062,0.5,0.5556,"n<10, not estimated",,,,9,23,0.3333,0.5
P5_S_DN,denovo,primary,chai_ptm_mean,comparator,size,matched,same_ec,9,90,9,30,cognate_higher,results/P5/scores_m3.csv;results/P5/t1_inputs.json;results/P5/t1_denovo_inputs.json,1.0,1.0,1.0,1.0,0.9506,0.8519,1.0,"n<10, not estimated",,,,9,23,1.0,1.0
P5_S_DN,denovo,primary,chai_plddt_mean,comparator,size,matched,same_ec,9,90,9,30,cognate_higher,results/P5/scores_m3.csv;results/P5/t1_inputs.json;results/P5/t1_denovo_inputs.json,0.8889,0.8889,0.6667,1.0,0.6543,0.5309,0.8272,"n<10, not estimated",,,,9,23,0.6667,1.0
P5_S_DN,denovo,primary,ligand_heavy_atoms,baseline,size,matched,same_ec,9,90,9,30,none,results/P5/scores_m3.csv;results/P5/t1_inputs.json;results/P5/t1_denovo_inputs.json,0.3333,0.6667,0.0,0.6667,0.6667,0.5556,1.0,"n<10, not estimated",,,,9,23,0.0,0.6667
P5_S_DN,denovo,primary,ligand_formal_charge,baseline,size,matched,same_ec,9,90,9,30,none,results/P5/scores_m3.csv;results/P5/t1_inputs.json;results/P5/t1_denovo_inputs.json,0.1111,0.8889,0.0,0.3333,0.8889,0.6667,1.0,"n<10, not estimated",,,,9,23,0.0,0.3333
P5_S_DN,denovo,primary,chai_iptm_mean,headline,size,matched,diff_ec,5,90,5,30,cognate_higher,results/P5/scores_m3.csv;results/P5/t1_inputs.json;results/P5/t1_denovo_inputs.json,0.8,0.8,0.4,1.0,0.72,0.52,1.0,"n<10, not estimated",,,,5,23,0.4,1.0
P5_S_DN,denovo,primary,chai_aggregate_score_mean,headline,size,matched,diff_ec,5,90,5,30,cognate_higher,results/P5/scores_m3.csv;results/P5/t1_inputs.json;results/P5/t1_denovo_inputs.json,0.8,0.8,0.4,1.0,0.68,0.52,1.0,"n<10, not estimated",,,,5,23,0.4,1.0
P5_S_DN,denovo,primary,chai_per_chain_ptm_min_mean,headline,size,matched,diff_ec,5,90,5,30,cognate_higher,results/P5/scores_m3.csv;results/P5/t1_inputs.json;results/P5/t1_denovo_inputs.json,0.8,0.8,0.4,1.0,0.84,0.6,1.0,"n<10, not estimated",,,,5,23,0.4,1.0
P5_S_DN,denovo,primary,ame_self_clash_max,headline,size,matched,diff_ec,5,90,5,30,none,results/P5/scores_m3.csv;results/P5/t1_inputs.json;results/P5/t1_denovo_inputs.json,0.4,0.6,0.0,0.8,0.56,0.52,0.84,"n<10, not estimated",,,,5,23,0.0,0.8
P5_S_DN,denovo,primary,ame_self_rmsd_min,comparator,size,matched,diff_ec,5,90,5,30,none,results/P5/scores_m3.csv;results/P5/t1_inputs.json;results/P5/t1_denovo_inputs.json,0.4,0.6,0.0,0.8,0.52,0.52,0.8,"n<10, not estimated",,,,5,23,0.0,0.8
P5_S_DN,denovo,primary,ame_self_pass,comparator,size,matched,diff_ec,5,90,5,30,none,results/P5/scores_m3.csv;results/P5/t1_inputs.json;results/P5/t1_denovo_inputs.json,0.5,0.5,0.2,0.8,0.54,0.5,0.8,"n<10, not estimated",,,,5,23,0.2,0.8
P5_S_DN,denovo,primary,chai_ptm_mean,comparator,size,matched,diff_ec,5,90,5,30,cognate_higher,results/P5/scores_m3.csv;results/P5/t1_inputs.json;results/P5/t1_denovo_inputs.json,0.6,0.6,0.2,1.0,0.6,0.52,0.84,"n<10, not estimated",,,,5,23,0.2,1.0
P5_S_DN,denovo,primary,chai_plddt_mean,comparator,size,matched,diff_ec,5,90,5,30,cognate_higher,results/P5/scores_m3.csv;results/P5/t1_inputs.json;results/P5/t1_denovo_inputs.json,0.8,0.8,0.4,1.0,0.64,0.52,0.84,"n<10, not estimated",,,,5,23,0.4,1.0
P5_S_DN,denovo,primary,ligand_heavy_atoms,baseline,size,matched,diff_ec,5,90,5,30,none,results/P5/scores_m3.csv;results/P5/t1_inputs.json;results/P5/t1_denovo_inputs.json,0.6,0.6,0.2,1.0,0.6,0.6,1.0,"n<10, not estimated",,,,5,23,0.2,1.0
P5_S_DN,denovo,primary,ligand_formal_charge,baseline,size,matched,diff_ec,5,90,5,30,none,results/P5/scores_m3.csv;results/P5/t1_inputs.json;results/P5/t1_denovo_inputs.json,0.0,1.0,0.0,0.0,1.0,1.0,1.0,"n<10, not estimated",,,,5,23,0.0,0.0
P5_S_DN,denovo,primary,chai_iptm_mean,headline,size,matched,decoy,9,90,9,30,cognate_higher,results/P5/scores_m3.csv;results/P5/t1_inputs.json;results/P5/t1_denovo_inputs.json,0.7778,0.7778,0.4444,1.0,0.7037,0.5185,0.9259,"n<10, not estimated",,,,9,23,0.4444,1.0
P5_S_DN,denovo,primary,chai_aggregate_score_mean,headline,size,matched,decoy,9,90,9,30,cognate_higher,results/P5/scores_m3.csv;results/P5/t1_inputs.json;results/P5/t1_denovo_inputs.json,0.7778,0.7778,0.4444,1.0,0.7037,0.5185,0.9259,"n<10, not estimated",,,,9,23,0.4444,1.0
P5_S_DN,denovo,primary,chai_per_chain_ptm_min_mean,headline,size,matched,decoy,9,90,9,30,cognate_higher,results/P5/scores_m3.csv;results/P5/t1_inputs.json;results/P5/t1_denovo_inputs.json,0.7778,0.7778,0.4444,1.0,0.8395,0.5679,1.0,"n<10, not estimated",,,,9,23,0.4444,1.0
P5_S_DN,denovo,primary,ame_self_clash_max,headline,size,matched,decoy,9,90,9,30,none,results/P5/scores_m3.csv;results/P5/t1_inputs.json;results/P5/t1_denovo_inputs.json,0.3333,0.6667,0.0,0.6667,0.5062,0.5062,0.7407,"n<10, not estimated",,,,9,23,0.0,0.6667
P5_S_DN,denovo,primary,ame_self_rmsd_min,comparator,size,matched,decoy,9,90,9,30,none,results/P5/scores_m3.csv;results/P5/t1_inputs.json;results/P5/t1_denovo_inputs.json,0.5556,0.5556,0.2222,0.8889,0.5802,0.5062,0.7654,"n<10, not estimated",,,,9,23,0.2222,0.8889
P5_S_DN,denovo,primary,ame_self_pass,comparator,size,matched,decoy,9,90,9,30,none,results/P5/scores_m3.csv;results/P5/t1_inputs.json;results/P5/t1_denovo_inputs.json,0.6667,0.6667,0.4444,0.8889,0.6111,0.5062,0.8025,"n<10, not estimated",,,,9,23,0.4444,0.8889
P5_S_DN,denovo,primary,chai_ptm_mean,comparator,size,matched,decoy,9,90,9,30,cognate_higher,results/P5/scores_m3.csv;results/P5/t1_inputs.json;results/P5/t1_denovo_inputs.json,0.8889,0.8889,0.6667,1.0,0.7284,0.5679,0.9383,"n<10, not estimated",,,,9,23,0.6667,1.0
P5_S_DN,denovo,primary,chai_plddt_mean,comparator,size,matched,decoy,9,90,9,30,cognate_higher,results/P5/scores_m3.csv;results/P5/t1_inputs.json;results/P5/t1_denovo_inputs.json,0.8889,0.8889,0.6667,1.0,0.5802,0.5182,0.7284,"n<10, not estimated",,,,9,23,0.6667,1.0
P5_S_DN,denovo,primary,ligand_heavy_atoms,baseline,size,matched,decoy,9,90,9,30,none,results/P5/scores_m3.csv;results/P5/t1_inputs.json;results/P5/t1_denovo_inputs.json,0.5556,0.5556,0.2222,0.8889,0.5556,0.5556,0.8889,"n<10, not estimated",,,,9,23,0.2222,0.8889
P5_S_DN,denovo,primary,ligand_formal_charge,baseline,size,matched,decoy,9,90,9,30,none,results/P5/scores_m3.csv;results/P5/t1_inputs.json;results/P5/t1_denovo_inputs.json,0.1111,0.8889,0.0,0.3333,0.8889,0.6667,1.0,"n<10, not estimated",,,,9,23,0.0,0.3333
P5_S_DN,denovo,primary,chai_iptm_mean,headline,size,matched,pooled_3,23,90,18,30,cognate_higher,results/P5/scores_m3.csv;results/P5/t1_inputs.json;results/P5/t1_denovo_inputs.json,0.8696,0.8696,0.72,1.0,,,,1,,,,16,23,0.7083,1.0
P5_S_DN,denovo,primary,chai_aggregate_score_mean,headline,size,matched,pooled_3,23,90,18,30,cognate_higher,results/P5/scores_m3.csv;results/P5/t1_inputs.json;results/P5/t1_denovo_inputs.json,0.8696,0.8696,0.72,1.0,,,,1,,,,16,23,0.7083,1.0
P5_S_DN,denovo,primary,chai_per_chain_ptm_min_mean,headline,size,matched,pooled_3,23,90,18,30,cognate_higher,results/P5/scores_m3.csv;results/P5/t1_inputs.json;results/P5/t1_denovo_inputs.json,0.8696,0.8696,0.72,1.0,,,,1,,,,16,23,0.7083,1.0
P5_S_DN,denovo,primary,ame_self_clash_max,headline,size,matched,pooled_3,23,90,18,30,none,results/P5/scores_m3.csv;results/P5/t1_inputs.json;results/P5/t1_denovo_inputs.json,0.3478,0.6522,0.1304,0.5652,,,,0,,,,16,23,0.1304,0.6
P5_S_DN,denovo,primary,ame_self_rmsd_min,comparator,size,matched,pooled_3,23,90,18,30,none,results/P5/scores_m3.csv;results/P5/t1_inputs.json;results/P5/t1_denovo_inputs.json,0.6087,0.6087,0.3636,0.8333,,,,0,,,,16,23,0.3636,0.8333
P5_S_DN,denovo,primary,ame_self_pass,comparator,size,matched,pooled_3,23,90,18,30,none,results/P5/scores_m3.csv;results/P5/t1_inputs.json;results/P5/t1_denovo_inputs.json,0.5435,0.5435,0.4038,0.6905,,,,0,,,,16,23,0.4,0.6852
P5_S_DN,denovo,primary,chai_ptm_mean,comparator,size,matched,pooled_3,23,90,18,30,cognate_higher,results/P5/scores_m3.csv;results/P5/t1_inputs.json;results/P5/t1_denovo_inputs.json,0.8696,0.8696,0.68,1.0,,,,1,,,,16,23,0.6667,1.0
P5_S_DN,denovo,primary,chai_plddt_mean,comparator,size,matched,pooled_3,23,90,18,30,cognate_higher,results/P5/scores_m3.csv;results/P5/t1_inputs.json;results/P5/t1_denovo_inputs.json,0.8696,0.8696,0.7308,1.0,,,,1,,,,16,23,0.7273,1.0
P5_S_DN,denovo,primary,ligand_heavy_atoms,baseline,size,matched,pooled_3,23,90,18,30,none,results/P5/scores_m3.csv;results/P5/t1_inputs.json;results/P5/t1_denovo_inputs.json,0.4783,0.5217,0.25,0.68,,,,0,,,,16,23,0.25,0.6667
P5_S_DN,denovo,primary,ligand_formal_charge,baseline,size,matched,pooled_3,23,90,18,30,none,results/P5/scores_m3.csv;results/P5/t1_inputs.json;results/P5/t1_denovo_inputs.json,0.087,0.913,0.0,0.2,,,,1,,,,16,23,0.0,0.2
P5_S_DN,denovo,primary,chai_iptm_mean,headline,size,larger,same_ec,5,90,5,30,cognate_higher,results/P5/scores_m3.csv;results/P5/t1_inputs.json;results/P5/t1_denovo_inputs.json,0.8,0.8,0.4,1.0,0.92,0.6,1.0,"n<10, not estimated",,,,4,23,0.25,1.0
P5_S_DN,denovo,primary,chai_aggregate_score_mean,headline,size,larger,same_ec,5,90,5,30,cognate_higher,results/P5/scores_m3.csv;results/P5/t1_inputs.json;results/P5/t1_denovo_inputs.json,0.8,0.8,0.4,1.0,0.92,0.6,1.0,"n<10, not estimated",,,,4,23,0.25,1.0
P5_S_DN,denovo,primary,chai_per_chain_ptm_min_mean,headline,size,larger,same_ec,5,90,5,30,cognate_higher,results/P5/scores_m3.csv;results/P5/t1_inputs.json;results/P5/t1_denovo_inputs.json,1.0,1.0,1.0,1.0,1.0,1.0,1.0,"n<10, not estimated",,,,4,23,1.0,1.0
P5_S_DN,denovo,primary,ame_self_clash_max,headline,size,larger,same_ec,5,90,5,30,none,results/P5/scores_m3.csv;results/P5/t1_inputs.json;results/P5/t1_denovo_inputs.json,0.8,0.8,0.4,1.0,0.6,0.56,1.0,"n<10, not estimated",,,,4,23,0.5714,1.0
P5_S_DN,denovo,primary,ame_self_rmsd_min,comparator,size,larger,same_ec,5,90,5,30,none,results/P5/scores_m3.csv;results/P5/t1_inputs.json;results/P5/t1_denovo_inputs.json,0.4,0.6,0.0,0.8,0.56,0.52,0.84,"n<10, not estimated",,,,4,23,0.0,0.75
P5_S_DN,denovo,primary,ame_self_pass,comparator,size,larger,same_ec,5,90,5,30,none,results/P5/scores_m3.csv;results/P5/t1_inputs.json;results/P5/t1_denovo_inputs.json,0.7,0.7,0.5,0.9,0.6,0.5,0.8,"n<10, not estimated",,,,4,23,0.5,1.0
P5_S_DN,denovo,primary,chai_ptm_mean,comparator,size,larger,same_ec,5,90,5,30,cognate_higher,results/P5/scores_m3.csv;results/P5/t1_inputs.json;results/P5/t1_denovo_inputs.json,1.0,1.0,1.0,1.0,1.0,1.0,1.0,"n<10, not estimated",,,,4,23,1.0,1.0
P5_S_DN,denovo,primary,chai_plddt_mean,comparator,size,larger,same_ec,5,90,5,30,cognate_higher,results/P5/scores_m3.csv;results/P5/t1_inputs.json;results/P5/t1_denovo_inputs.json,1.0,1.0,1.0,1.0,0.84,0.76,1.0,"n<10, not estimated",,,,4,23,1.0,1.0
P5_S_DN,denovo,primary,ligand_heavy_atoms,baseline,size,larger,same_ec,5,90,5,30,none,results/P5/scores_m3.csv;results/P5/t1_inputs.json;results/P5/t1_denovo_inputs.json,0.0,1.0,0.0,0.0,1.0,1.0,1.0,"n<10, not estimated",,,,4,23,0.0,0.0
P5_S_DN,denovo,primary,ligand_formal_charge,baseline,size,larger,same_ec,5,90,5,30,none,results/P5/scores_m3.csv;results/P5/t1_inputs.json;results/P5/t1_denovo_inputs.json,0.0,1.0,0.0,0.0,1.0,1.0,1.0,"n<10, not estimated",,,,4,23,0.0,0.0
P5_S_DN,denovo,primary,chai_iptm_mean,headline,size,larger,diff_ec,4,90,4,30,cognate_higher,results/P5/scores_m3.csv;results/P5/t1_inputs.json;results/P5/t1_denovo_inputs.json,1.0,1.0,1.0,1.0,0.9375,0.8125,1.0,"n<10, not estimated",,,,3,23,1.0,1.0
P5_S_DN,denovo,primary,chai_aggregate_score_mean,headline,size,larger,diff_ec,4,90,4,30,cognate_higher,results/P5/scores_m3.csv;results/P5/t1_inputs.json;results/P5/t1_denovo_inputs.json,1.0,1.0,1.0,1.0,0.9375,0.8125,1.0,"n<10, not estimated",,,,3,23,1.0,1.0
P5_S_DN,denovo,primary,chai_per_chain_ptm_min_mean,headline,size,larger,diff_ec,4,90,4,30,cognate_higher,results/P5/scores_m3.csv;results/P5/t1_inputs.json;results/P5/t1_denovo_inputs.json,1.0,1.0,1.0,1.0,1.0,1.0,1.0,"n<10, not estimated",,,,3,23,1.0,1.0
P5_S_DN,denovo,primary,ame_self_clash_max,headline,size,larger,diff_ec,4,90,4,30,none,results/P5/scores_m3.csv;results/P5/t1_inputs.json;results/P5/t1_denovo_inputs.json,0.25,0.75,0.0,0.75,0.75,0.5,1.0,"n<10, not estimated",,,,3,23,0.0,1.0
P5_S_DN,denovo,primary,ame_self_rmsd_min,comparator,size,larger,diff_ec,4,90,4,30,none,results/P5/scores_m3.csv;results/P5/t1_inputs.json;results/P5/t1_denovo_inputs.json,1.0,1.0,1.0,1.0,0.75,0.6875,1.0,"n<10, not estimated",,,,3,23,1.0,1.0
P5_S_DN,denovo,primary,ame_self_pass,comparator,size,larger,diff_ec,4,90,4,30,none,results/P5/scores_m3.csv;results/P5/t1_inputs.json;results/P5/t1_denovo_inputs.json,0.5,0.5,0.5,0.5,0.5,0.5,0.5,"n<10, not estimated",,,,3,23,0.5,0.5
P5_S_DN,denovo,primary,chai_ptm_mean,comparator,size,larger,diff_ec,4,90,4,30,cognate_higher,results/P5/scores_m3.csv;results/P5/t1_inputs.json;results/P5/t1_denovo_inputs.json,1.0,1.0,1.0,1.0,1.0,1.0,1.0,"n<10, not estimated",,,,3,23,1.0,1.0
P5_S_DN,denovo,primary,chai_plddt_mean,comparator,size,larger,diff_ec,4,90,4,30,cognate_higher,results/P5/scores_m3.csv;results/P5/t1_inputs.json;results/P5/t1_denovo_inputs.json,0.75,0.75,0.25,1.0,0.6875,0.5,1.0,"n<10, not estimated",,,,3,23,0.0,1.0
P5_S_DN,denovo,primary,ligand_heavy_atoms,baseline,size,larger,diff_ec,4,90,4,30,none,results/P5/scores_m3.csv;results/P5/t1_inputs.json;results/P5/t1_denovo_inputs.json,0.0,1.0,0.0,0.0,1.0,1.0,1.0,"n<10, not estimated",,,,3,23,0.0,0.0
P5_S_DN,denovo,primary,ligand_formal_charge,baseline,size,larger,diff_ec,4,90,4,30,none,results/P5/scores_m3.csv;results/P5/t1_inputs.json;results/P5/t1_denovo_inputs.json,0.0,1.0,0.0,0.0,1.0,1.0,1.0,"n<10, not estimated",,,,3,23,0.0,0.0
P5_S_DN,denovo,primary,chai_iptm_mean,headline,size,larger,decoy,7,90,7,30,cognate_higher,results/P5/scores_m3.csv;results/P5/t1_inputs.json;results/P5/t1_denovo_inputs.json,0.8571,0.8571,0.5714,1.0,0.9592,0.7551,1.0,"n<10, not estimated",,,,5,23,0.4,1.0
P5_S_DN,denovo,primary,chai_aggregate_score_mean,headline,size,larger,decoy,7,90,7,30,cognate_higher,results/P5/scores_m3.csv;results/P5/t1_inputs.json;results/P5/t1_denovo_inputs.json,0.8571,0.8571,0.5714,1.0,0.9592,0.7551,1.0,"n<10, not estimated",,,,5,23,0.4,1.0
P5_S_DN,denovo,primary,chai_per_chain_ptm_min_mean,headline,size,larger,decoy,7,90,7,30,cognate_higher,results/P5/scores_m3.csv;results/P5/t1_inputs.json;results/P5/t1_denovo_inputs.json,0.8571,0.8571,0.5714,1.0,0.9796,0.8163,1.0,"n<10, not estimated",,,,5,23,0.4,1.0
P5_S_DN,denovo,primary,ame_self_clash_max,headline,size,larger,decoy,7,90,7,30,none,results/P5/scores_m3.csv;results/P5/t1_inputs.json;results/P5/t1_denovo_inputs.json,0.2857,0.7143,0.0,0.5714,0.551,0.5102,0.8776,"n<10, not estimated",,,,5,23,0.0,0.8
P5_S_DN,denovo,primary,ame_self_rmsd_min,comparator,size,larger,decoy,7,90,7,30,none,results/P5/scores_m3.csv;results/P5/t1_inputs.json;results/P5/t1_denovo_inputs.json,0.4286,0.5714,0.1429,0.8571,0.5102,0.5102,0.7347,"n<10, not estimated",,,,5,23,0.0,0.7143
P5_S_DN,denovo,primary,ame_self_pass,comparator,size,larger,decoy,7,90,7,30,none,results/P5/scores_m3.csv;results/P5/t1_inputs.json;results/P5/t1_denovo_inputs.json,0.5,0.5,0.5,0.5,0.5,0.5,0.5,"n<10, not estimated",,,,5,23,0.5,0.5
P5_S_DN,denovo,primary,chai_ptm_mean,comparator,size,larger,decoy,7,90,7,30,cognate_higher,results/P5/scores_m3.csv;results/P5/t1_inputs.json;results/P5/t1_denovo_inputs.json,0.8571,0.8571,0.5714,1.0,0.8571,0.5714,1.0,"n<10, not estimated",,,,5,23,0.4,1.0
P5_S_DN,denovo,primary,chai_plddt_mean,comparator,size,larger,decoy,7,90,7,30,cognate_higher,results/P5/scores_m3.csv;results/P5/t1_inputs.json;results/P5/t1_denovo_inputs.json,0.8571,0.8571,0.5714,1.0,0.6327,0.5102,0.8571,"n<10, not estimated",,,,5,23,0.4,1.0
P5_S_DN,denovo,primary,ligand_heavy_atoms,baseline,size,larger,decoy,7,90,7,30,none,results/P5/scores_m3.csv;results/P5/t1_inputs.json;results/P5/t1_denovo_inputs.json,0.0,1.0,0.0,0.0,1.0,1.0,1.0,"n<10, not estimated",,,,5,23,0.0,0.0
P5_S_DN,denovo,primary,ligand_formal_charge,baseline,size,larger,decoy,7,90,7,30,none,results/P5/scores_m3.csv;results/P5/t1_inputs.json;results/P5/t1_denovo_inputs.json,0.0,1.0,0.0,0.0,1.0,1.0,1.0,"n<10, not estimated",,,,5,23,0.0,0.0
P5_S_DN,denovo,primary,chai_iptm_mean,headline,size,larger,pooled_3,16,90,12,30,cognate_higher,results/P5/scores_m3.csv;results/P5/t1_inputs.json;results/P5/t1_denovo_inputs.json,0.875,0.875,0.6667,1.0,,,,1,,,,8,23,0.5556,1.0
P5_S_DN,denovo,primary,chai_aggregate_score_mean,headline,size,larger,pooled_3,16,90,12,30,cognate_higher,results/P5/scores_m3.csv;results/P5/t1_inputs.json;results/P5/t1_denovo_inputs.json,0.875,0.875,0.6667,1.0,,,,1,,,,8,23,0.5556,1.0
P5_S_DN,denovo,primary,chai_per_chain_ptm_min_mean,headline,size,larger,pooled_3,16,90,12,30,cognate_higher,results/P5/scores_m3.csv;results/P5/t1_inputs.json;results/P5/t1_denovo_inputs.json,0.9375,0.9375,0.7857,1.0,,,,1,,,,8,23,0.7,1.0
P5_S_DN,denovo,primary,ame_self_clash_max,headline,size,larger,pooled_3,16,90,12,30,none,results/P5/scores_m3.csv;results/P5/t1_inputs.json;results/P5/t1_denovo_inputs.json,0.4375,0.5625,0.1875,0.7143,,,,0,,,,8,23,0.2143,0.8889
P5_S_DN,denovo,primary,ame_self_rmsd_min,comparator,size,larger,pooled_3,16,90,12,30,none,results/P5/scores_m3.csv;results/P5/t1_inputs.json;results/P5/t1_denovo_inputs.json,0.5625,0.5625,0.3125,0.8,,,,0,,,,8,23,0.25,0.7619
P5_S_DN,denovo,primary,ame_self_pass,comparator,size,larger,pooled_3,16,90,12,30,none,results/P5/scores_m3.csv;results/P5/t1_inputs.json;results/P5/t1_denovo_inputs.json,0.5625,0.5625,0.5,0.6667,,,,0,,,,8,23,0.5,0.7222
P5_S_DN,denovo,primary,chai_ptm_mean,comparator,size,larger,pooled_3,16,90,12,30,cognate_higher,results/P5/scores_m3.csv;results/P5/t1_inputs.json;results/P5/t1_denovo_inputs.json,0.9375,0.9375,0.7857,1.0,,,,1,,,,8,23,0.7,1.0
P5_S_DN,denovo,primary,chai_plddt_mean,comparator,size,larger,pooled_3,16,90,12,30,cognate_higher,results/P5/scores_m3.csv;results/P5/t1_inputs.json;results/P5/t1_denovo_inputs.json,0.875,0.875,0.6667,1.0,,,,1,,,,8,23,0.5556,1.0
P5_S_DN,denovo,primary,ligand_heavy_atoms,baseline,size,larger,pooled_3,16,90,12,30,none,results/P5/scores_m3.csv;results/P5/t1_inputs.json;results/P5/t1_denovo_inputs.json,0.0,1.0,0.0,0.0,,,,1,,,,8,23,0.0,0.0
P5_S_DN,denovo,primary,ligand_formal_charge,baseline,size,larger,pooled_3,16,90,12,30,none,results/P5/scores_m3.csv;results/P5/t1_inputs.json;results/P5/t1_denovo_inputs.json,0.0,1.0,0.0,0.0,,,,1,,,,8,23,0.0,0.0
P5_S_DN,denovo,primary,chai_iptm_mean,headline,charge,q_same,same_ec,2,90,2,30,cognate_higher,results/P5/scores_m3.csv;results/P5/t1_inputs.json;results/P5/t1_denovo_inputs.json,1.0,1.0,1.0,1.0,,,,"n<10, not estimated",,,,1,23,1.0,1.0
P5_S_DN,denovo,primary,chai_aggregate_score_mean,headline,charge,q_same,same_ec,2,90,2,30,cognate_higher,results/P5/scores_m3.csv;results/P5/t1_inputs.json;results/P5/t1_denovo_inputs.json,1.0,1.0,1.0,1.0,,,,"n<10, not estimated",,,,1,23,1.0,1.0
P5_S_DN,denovo,primary,chai_per_chain_ptm_min_mean,headline,charge,q_same,same_ec,2,90,2,30,cognate_higher,results/P5/scores_m3.csv;results/P5/t1_inputs.json;results/P5/t1_denovo_inputs.json,0.5,0.5,0.0,1.0,,,,"n<10, not estimated",,,,1,23,0.5,0.5
P5_S_DN,denovo,primary,ame_self_clash_max,headline,charge,q_same,same_ec,2,90,2,30,none,results/P5/scores_m3.csv;results/P5/t1_inputs.json;results/P5/t1_denovo_inputs.json,0.0,1.0,0.0,0.0,,,,"n<10, not estimated",,,,1,23,0.0,0.0
P5_S_DN,denovo,primary,ame_self_rmsd_min,comparator,charge,q_same,same_ec,2,90,2,30,none,results/P5/scores_m3.csv;results/P5/t1_inputs.json;results/P5/t1_denovo_inputs.json,0.0,1.0,0.0,0.0,,,,"n<10, not estimated",,,,1,23,0.0,0.0
P5_S_DN,denovo,primary,ame_self_pass,comparator,charge,q_same,same_ec,2,90,2,30,none,results/P5/scores_m3.csv;results/P5/t1_inputs.json;results/P5/t1_denovo_inputs.json,0.75,0.75,0.5,1.0,,,,"n<10, not estimated",,,,1,23,0.75,0.75
P5_S_DN,denovo,primary,chai_ptm_mean,comparator,charge,q_same,same_ec,2,90,2,30,cognate_higher,results/P5/scores_m3.csv;results/P5/t1_inputs.json;results/P5/t1_denovo_inputs.json,1.0,1.0,1.0,1.0,,,,"n<10, not estimated",,,,1,23,1.0,1.0
P5_S_DN,denovo,primary,chai_plddt_mean,comparator,charge,q_same,same_ec,2,90,2,30,cognate_higher,results/P5/scores_m3.csv;results/P5/t1_inputs.json;results/P5/t1_denovo_inputs.json,1.0,1.0,1.0,1.0,,,,"n<10, not estimated",,,,1,23,1.0,1.0
P5_S_DN,denovo,primary,ligand_heavy_atoms,baseline,charge,q_same,same_ec,2,90,2,30,none,results/P5/scores_m3.csv;results/P5/t1_inputs.json;results/P5/t1_denovo_inputs.json,1.0,1.0,1.0,1.0,,,,"n<10, not estimated",,,,1,23,1.0,1.0
P5_S_DN,denovo,primary,ligand_formal_charge,baseline,charge,q_same,same_ec,2,90,2,30,none,results/P5/scores_m3.csv;results/P5/t1_inputs.json;results/P5/t1_denovo_inputs.json,0.5,0.5,0.5,0.5,,,,"n<10, not estimated",,,,1,23,0.5,0.5
P5_S_DN,denovo,primary,chai_iptm_mean,headline,charge,q_same,diff_ec,2,90,2,30,cognate_higher,results/P5/scores_m3.csv;results/P5/t1_inputs.json;results/P5/t1_denovo_inputs.json,1.0,1.0,1.0,1.0,,,,"n<10, not estimated",,,,2,23,1.0,1.0
P5_S_DN,denovo,primary,chai_aggregate_score_mean,headline,charge,q_same,diff_ec,2,90,2,30,cognate_higher,results/P5/scores_m3.csv;results/P5/t1_inputs.json;results/P5/t1_denovo_inputs.json,1.0,1.0,1.0,1.0,,,,"n<10, not estimated",,,,2,23,1.0,1.0
P5_S_DN,denovo,primary,chai_per_chain_ptm_min_mean,headline,charge,q_same,diff_ec,2,90,2,30,cognate_higher,results/P5/scores_m3.csv;results/P5/t1_inputs.json;results/P5/t1_denovo_inputs.json,0.5,0.5,0.0,1.0,,,,"n<10, not estimated",,,,2,23,0.0,1.0
P5_S_DN,denovo,primary,ame_self_clash_max,headline,charge,q_same,diff_ec,2,90,2,30,none,results/P5/scores_m3.csv;results/P5/t1_inputs.json;results/P5/t1_denovo_inputs.json,0.5,0.5,0.0,1.0,,,,"n<10, not estimated",,,,2,23,0.0,1.0
P5_S_DN,denovo,primary,ame_self_rmsd_min,comparator,charge,q_same,diff_ec,2,90,2,30,none,results/P5/scores_m3.csv;results/P5/t1_inputs.json;results/P5/t1_denovo_inputs.json,0.5,0.5,0.0,1.0,,,,"n<10, not estimated",,,,2,23,0.0,1.0
P5_S_DN,denovo,primary,ame_self_pass,comparator,charge,q_same,diff_ec,2,90,2,30,none,results/P5/scores_m3.csv;results/P5/t1_inputs.json;results/P5/t1_denovo_inputs.json,0.75,0.75,0.5,1.0,,,,"n<10, not estimated",,,,2,23,0.5,1.0
P5_S_DN,denovo,primary,chai_ptm_mean,comparator,charge,q_same,diff_ec,2,90,2,30,cognate_higher,results/P5/scores_m3.csv;results/P5/t1_inputs.json;results/P5/t1_denovo_inputs.json,0.5,0.5,0.0,1.0,,,,"n<10, not estimated",,,,2,23,0.0,1.0
P5_S_DN,denovo,primary,chai_plddt_mean,comparator,charge,q_same,diff_ec,2,90,2,30,cognate_higher,results/P5/scores_m3.csv;results/P5/t1_inputs.json;results/P5/t1_denovo_inputs.json,0.5,0.5,0.0,1.0,,,,"n<10, not estimated",,,,2,23,0.0,1.0
P5_S_DN,denovo,primary,ligand_heavy_atoms,baseline,charge,q_same,diff_ec,2,90,2,30,none,results/P5/scores_m3.csv;results/P5/t1_inputs.json;results/P5/t1_denovo_inputs.json,1.0,1.0,1.0,1.0,,,,"n<10, not estimated",,,,2,23,1.0,1.0
P5_S_DN,denovo,primary,ligand_formal_charge,baseline,charge,q_same,diff_ec,2,90,2,30,none,results/P5/scores_m3.csv;results/P5/t1_inputs.json;results/P5/t1_denovo_inputs.json,0.5,0.5,0.5,0.5,,,,"n<10, not estimated",,,,2,23,0.5,0.5
P5_S_DN,denovo,primary,chai_iptm_mean,headline,charge,q_same,decoy,2,90,2,30,cognate_higher,results/P5/scores_m3.csv;results/P5/t1_inputs.json;results/P5/t1_denovo_inputs.json,1.0,1.0,1.0,1.0,,,,"n<10, not estimated",,,,1,23,1.0,1.0
P5_S_DN,denovo,primary,chai_aggregate_score_mean,headline,charge,q_same,decoy,2,90,2,30,cognate_higher,results/P5/scores_m3.csv;results/P5/t1_inputs.json;results/P5/t1_denovo_inputs.json,1.0,1.0,1.0,1.0,,,,"n<10, not estimated",,,,1,23,1.0,1.0
P5_S_DN,denovo,primary,chai_per_chain_ptm_min_mean,headline,charge,q_same,decoy,2,90,2,30,cognate_higher,results/P5/scores_m3.csv;results/P5/t1_inputs.json;results/P5/t1_denovo_inputs.json,1.0,1.0,1.0,1.0,,,,"n<10, not estimated",,,,1,23,1.0,1.0
P5_S_DN,denovo,primary,ame_self_clash_max,headline,charge,q_same,decoy,2,90,2,30,none,results/P5/scores_m3.csv;results/P5/t1_inputs.json;results/P5/t1_denovo_inputs.json,0.0,1.0,0.0,0.0,,,,"n<10, not estimated",,,,1,23,0.0,0.0
P5_S_DN,denovo,primary,ame_self_rmsd_min,comparator,charge,q_same,decoy,2,90,2,30,none,results/P5/scores_m3.csv;results/P5/t1_inputs.json;results/P5/t1_denovo_inputs.json,0.5,0.5,0.0,1.0,,,,"n<10, not estimated",,,,1,23,0.5,0.5
P5_S_DN,denovo,primary,ame_self_pass,comparator,charge,q_same,decoy,2,90,2,30,none,results/P5/scores_m3.csv;results/P5/t1_inputs.json;results/P5/t1_denovo_inputs.json,0.75,0.75,0.5,1.0,,,,"n<10, not estimated",,,,1,23,0.75,0.75
P5_S_DN,denovo,primary,chai_ptm_mean,comparator,charge,q_same,decoy,2,90,2,30,cognate_higher,results/P5/scores_m3.csv;results/P5/t1_inputs.json;results/P5/t1_denovo_inputs.json,1.0,1.0,1.0,1.0,,,,"n<10, not estimated",,,,1,23,1.0,1.0
P5_S_DN,denovo,primary,chai_plddt_mean,comparator,charge,q_same,decoy,2,90,2,30,cognate_higher,results/P5/scores_m3.csv;results/P5/t1_inputs.json;results/P5/t1_denovo_inputs.json,1.0,1.0,1.0,1.0,,,,"n<10, not estimated",,,,1,23,1.0,1.0
P5_S_DN,denovo,primary,ligand_heavy_atoms,baseline,charge,q_same,decoy,2,90,2,30,none,results/P5/scores_m3.csv;results/P5/t1_inputs.json;results/P5/t1_denovo_inputs.json,1.0,1.0,1.0,1.0,,,,"n<10, not estimated",,,,1,23,1.0,1.0
P5_S_DN,denovo,primary,ligand_formal_charge,baseline,charge,q_same,decoy,2,90,2,30,none,results/P5/scores_m3.csv;results/P5/t1_inputs.json;results/P5/t1_denovo_inputs.json,0.5,0.5,0.5,0.5,,,,"n<10, not estimated",,,,1,23,0.5,0.5
P5_S_DN,denovo,primary,chai_iptm_mean,headline,charge,q_same,pooled_3,6,90,4,30,cognate_higher,results/P5/scores_m3.csv;results/P5/t1_inputs.json;results/P5/t1_denovo_inputs.json,1.0,1.0,1.0,1.0,,,,"n<10, not estimated",,,,2,23,1.0,1.0
P5_S_DN,denovo,primary,chai_aggregate_score_mean,headline,charge,q_same,pooled_3,6,90,4,30,cognate_higher,results/P5/scores_m3.csv;results/P5/t1_inputs.json;results/P5/t1_denovo_inputs.json,1.0,1.0,1.0,1.0,,,,"n<10, not estimated",,,,2,23,1.0,1.0
P5_S_DN,denovo,primary,chai_per_chain_ptm_min_mean,headline,charge,q_same,pooled_3,6,90,4,30,cognate_higher,results/P5/scores_m3.csv;results/P5/t1_inputs.json;results/P5/t1_denovo_inputs.json,0.6667,0.6667,0.0,1.0,,,,"n<10, not estimated",,,,2,23,0.0,0.8
P5_S_DN,denovo,primary,ame_self_clash_max,headline,charge,q_same,pooled_3,6,90,4,30,none,results/P5/scores_m3.csv;results/P5/t1_inputs.json;results/P5/t1_denovo_inputs.json,0.1667,0.8333,0.0,0.75,,,,"n<10, not estimated",,,,2,23,0.0,1.0
P5_S_DN,denovo,primary,ame_self_rmsd_min,comparator,charge,q_same,pooled_3,6,90,4,30,none,results/P5/scores_m3.csv;results/P5/t1_inputs.json;results/P5/t1_denovo_inputs.json,0.3333,0.6667,0.0,1.0,,,,"n<10, not estimated",,,,2,23,0.2,1.0
P5_S_DN,denovo,primary,ame_self_pass,comparator,charge,q_same,pooled_3,6,90,4,30,none,results/P5/scores_m3.csv;results/P5/t1_inputs.json;results/P5/t1_denovo_inputs.json,0.75,0.75,0.5,0.95,,,,"n<10, not estimated",,,,2,23,0.5,0.8
P5_S_DN,denovo,primary,chai_ptm_mean,comparator,charge,q_same,pooled_3,6,90,4,30,cognate_higher,results/P5/scores_m3.csv;results/P5/t1_inputs.json;results/P5/t1_denovo_inputs.json,0.8333,0.8333,0.25,1.0,,,,"n<10, not estimated",,,,2,23,0.0,1.0
P5_S_DN,denovo,primary,chai_plddt_mean,comparator,charge,q_same,pooled_3,6,90,4,30,cognate_higher,results/P5/scores_m3.csv;results/P5/t1_inputs.json;results/P5/t1_denovo_inputs.json,0.8333,0.8333,0.25,1.0,,,,"n<10, not estimated",,,,2,23,0.0,1.0
P5_S_DN,denovo,primary,ligand_heavy_atoms,baseline,charge,q_same,pooled_3,6,90,4,30,none,results/P5/scores_m3.csv;results/P5/t1_inputs.json;results/P5/t1_denovo_inputs.json,1.0,1.0,1.0,1.0,,,,"n<10, not estimated",,,,2,23,1.0,1.0
P5_S_DN,denovo,primary,ligand_formal_charge,baseline,charge,q_same,pooled_3,6,90,4,30,none,results/P5/scores_m3.csv;results/P5/t1_inputs.json;results/P5/t1_denovo_inputs.json,0.5,0.5,0.5,0.5,,,,"n<10, not estimated",,,,2,23,0.5,0.5
P5_S_DN,denovo,primary,chai_iptm_mean,headline,charge,q_diff,same_ec,27,90,27,30,cognate_higher,results/P5/scores_m3.csv;results/P5/t1_inputs.json;results/P5/t1_denovo_inputs.json,0.9259,0.9259,0.8148,1.0,0.8889,0.8052,0.9616,1,,,,23,23,0.8148,1.0
P5_S_DN,denovo,primary,chai_aggregate_score_mean,headline,charge,q_diff,same_ec,27,90,27,30,cognate_higher,results/P5/scores_m3.csv;results/P5/t1_inputs.json;results/P5/t1_denovo_inputs.json,0.9259,0.9259,0.8148,1.0,0.8903,0.808,0.9616,1,,,,23,23,0.8148,1.0
P5_S_DN,denovo,primary,chai_per_chain_ptm_min_mean,headline,charge,q_diff,same_ec,27,90,27,30,cognate_higher,results/P5/scores_m3.csv;results/P5/t1_inputs.json;results/P5/t1_denovo_inputs.json,0.9259,0.9259,0.8148,1.0,0.8546,0.7366,0.9561,1,,,,23,23,0.8387,1.0
P5_S_DN,denovo,primary,ame_self_clash_max,headline,charge,q_diff,same_ec,27,90,27,30,none,results/P5/scores_m3.csv;results/P5/t1_inputs.json;results/P5/t1_denovo_inputs.json,0.3704,0.6296,0.1852,0.5556,0.6667,0.5295,0.7984,0,,,,23,23,0.2,0.5652
P5_S_DN,denovo,primary,ame_self_rmsd_min,comparator,charge,q_diff,same_ec,27,90,27,30,none,results/P5/scores_m3.csv;results/P5/t1_inputs.json;results/P5/t1_denovo_inputs.json,0.5926,0.5926,0.4074,0.7778,0.5048,0.5007,0.572,0,,,,23,23,0.4074,0.7742
P5_S_DN,denovo,primary,ame_self_pass,comparator,charge,q_diff,same_ec,27,90,27,30,none,results/P5/scores_m3.csv;results/P5/t1_inputs.json;results/P5/t1_denovo_inputs.json,0.4815,0.5185,0.3889,0.5741,0.5185,0.5014,0.5816,0,,,,23,23,0.3871,0.5806
P5_S_DN,denovo,primary,chai_ptm_mean,comparator,charge,q_diff,same_ec,27,90,27,30,cognate_higher,results/P5/scores_m3.csv;results/P5/t1_inputs.json;results/P5/t1_denovo_inputs.json,0.8519,0.8519,0.7037,0.963,0.7874,0.6735,0.8985,1,,,,23,23,0.6957,0.9677
P5_S_DN,denovo,primary,chai_plddt_mean,comparator,charge,q_diff,same_ec,27,90,27,30,cognate_higher,results/P5/scores_m3.csv;results/P5/t1_inputs.json;results/P5/t1_denovo_inputs.json,0.8889,0.8889,0.7778,1.0,0.6269,0.5789,0.7106,1,,,,23,23,0.7391,1.0
P5_S_DN,denovo,primary,ligand_heavy_atoms,baseline,charge,q_diff,same_ec,27,90,27,30,none,results/P5/scores_m3.csv;results/P5/t1_inputs.json;results/P5/t1_denovo_inputs.json,0.5926,0.5926,0.4074,0.7778,0.5926,0.5185,0.7778,0,,,,23,23,0.4074,0.7778
P5_S_DN,denovo,primary,ligand_formal_charge,baseline,charge,q_diff,same_ec,27,90,27,30,none,results/P5/scores_m3.csv;results/P5/t1_inputs.json;results/P5/t1_denovo_inputs.json,0.1111,0.8889,0.0,0.2222,0.8889,0.7778,1.0,1,,,,23,23,0.0,0.2609
P5_S_DN,denovo,primary,chai_iptm_mean,headline,charge,q_diff,diff_ec,26,90,26,30,cognate_higher,results/P5/scores_m3.csv;results/P5/t1_inputs.json;results/P5/t1_denovo_inputs.json,0.9615,0.9615,0.8846,1.0,0.9098,0.8358,0.9704,1,,,,20,23,0.85,1.0
P5_S_DN,denovo,primary,chai_aggregate_score_mean,headline,charge,q_diff,diff_ec,26,90,26,30,cognate_higher,results/P5/scores_m3.csv;results/P5/t1_inputs.json;results/P5/t1_denovo_inputs.json,0.9615,0.9615,0.8846,1.0,0.8994,0.8195,0.9675,1,,,,20,23,0.85,1.0
P5_S_DN,denovo,primary,chai_per_chain_ptm_min_mean,headline,charge,q_diff,diff_ec,26,90,26,30,cognate_higher,results/P5/scores_m3.csv;results/P5/t1_inputs.json;results/P5/t1_denovo_inputs.json,0.9615,0.9615,0.8846,1.0,0.9689,0.9024,1.0,1,,,,20,23,0.85,1.0
P5_S_DN,denovo,primary,ame_self_clash_max,headline,charge,q_diff,diff_ec,26,90,26,30,none,results/P5/scores_m3.csv;results/P5/t1_inputs.json;results/P5/t1_denovo_inputs.json,0.1923,0.8077,0.0385,0.3462,0.7293,0.642,0.824,1,,,,20,23,0.05,0.4
P5_S_DN,denovo,primary,ame_self_rmsd_min,comparator,charge,q_diff,diff_ec,26,90,26,30,none,results/P5/scores_m3.csv;results/P5/t1_inputs.json;results/P5/t1_denovo_inputs.json,0.4615,0.5385,0.2692,0.6538,0.5089,0.5015,0.571,0,,,,20,23,0.2,0.6316
P5_S_DN,denovo,primary,ame_self_pass,comparator,charge,q_diff,diff_ec,26,90,26,30,none,results/P5/scores_m3.csv;results/P5/t1_inputs.json;results/P5/t1_denovo_inputs.json,0.4808,0.5192,0.4038,0.5577,0.503,0.5,0.5355,0,,,,20,23,0.4038,0.575
P5_S_DN,denovo,primary,chai_ptm_mean,comparator,charge,q_diff,diff_ec,26,90,26,30,cognate_higher,results/P5/scores_m3.csv;results/P5/t1_inputs.json;results/P5/t1_denovo_inputs.json,0.9231,0.9231,0.8077,1.0,0.7929,0.6953,0.8994,1,,,,20,23,0.8,1.0
P5_S_DN,denovo,primary,chai_plddt_mean,comparator,charge,q_diff,diff_ec,26,90,26,30,cognate_higher,results/P5/scores_m3.csv;results/P5/t1_inputs.json;results/P5/t1_denovo_inputs.json,0.8077,0.8077,0.6538,0.9615,0.5769,0.5385,0.6405,1,,,,20,23,0.6875,0.95
P5_S_DN,denovo,primary,ligand_heavy_atoms,baseline,charge,q_diff,diff_ec,26,90,26,30,none,results/P5/scores_m3.csv;results/P5/t1_inputs.json;results/P5/t1_denovo_inputs.json,0.7692,0.7692,0.6154,0.9231,0.7692,0.6154,0.9231,1,,,,20,23,0.6154,0.9
P5_S_DN,denovo,primary,ligand_formal_charge,baseline,charge,q_diff,diff_ec,26,90,26,30,none,results/P5/scores_m3.csv;results/P5/t1_inputs.json;results/P5/t1_denovo_inputs.json,0.0385,0.9615,0.0,0.1154,0.9615,0.8846,1.0,1,,,,20,23,0.0,0.0789
P5_S_DN,denovo,primary,chai_iptm_mean,headline,charge,q_diff,decoy,28,90,28,30,cognate_higher,results/P5/scores_m3.csv;results/P5/t1_inputs.json;results/P5/t1_denovo_inputs.json,0.8571,0.8571,0.7143,0.9643,0.8686,0.7602,0.949,1,,,,23,23,0.6957,0.9697
P5_S_DN,denovo,primary,chai_aggregate_score_mean,headline,charge,q_diff,decoy,28,90,28,30,cognate_higher,results/P5/scores_m3.csv;results/P5/t1_inputs.json;results/P5/t1_denovo_inputs.json,0.8571,0.8571,0.7143,0.9643,0.8622,0.7538,0.9477,1,,,,23,23,0.6957,0.9697
P5_S_DN,denovo,primary,chai_per_chain_ptm_min_mean,headline,charge,q_diff,decoy,28,90,28,30,cognate_higher,results/P5/scores_m3.csv;results/P5/t1_inputs.json;results/P5/t1_denovo_inputs.json,0.8571,0.8571,0.7143,0.9643,0.9094,0.8074,0.9821,1,,,,23,23,0.6957,0.9697
P5_S_DN,denovo,primary,ame_self_clash_max,headline,charge,q_diff,decoy,28,90,28,30,none,results/P5/scores_m3.csv;results/P5/t1_inputs.json;results/P5/t1_denovo_inputs.json,0.25,0.75,0.1071,0.4286,0.5855,0.5051,0.7258,1,,,,23,23,0.0909,0.4783
P5_S_DN,denovo,primary,ame_self_rmsd_min,comparator,charge,q_diff,decoy,28,90,28,30,none,results/P5/scores_m3.csv;results/P5/t1_inputs.json;results/P5/t1_denovo_inputs.json,0.4643,0.5357,0.2857,0.6429,0.5421,0.5026,0.5969,0,,,,23,23,0.303,0.6522
P5_S_DN,denovo,primary,ame_self_pass,comparator,charge,q_diff,decoy,28,90,28,30,none,results/P5/scores_m3.csv;results/P5/t1_inputs.json;results/P5/t1_denovo_inputs.json,0.5357,0.5357,0.4464,0.625,0.5128,0.5,0.5555,0,,,,23,23,0.4464,0.6087
P5_S_DN,denovo,primary,chai_ptm_mean,comparator,charge,q_diff,decoy,28,90,28,30,cognate_higher,results/P5/scores_m3.csv;results/P5/t1_inputs.json;results/P5/t1_denovo_inputs.json,0.8214,0.8214,0.6786,0.9643,0.7589,0.6505,0.8686,1,,,,23,23,0.6786,0.9394
P5_S_DN,denovo,primary,chai_plddt_mean,comparator,charge,q_diff,decoy,28,90,28,30,cognate_higher,results/P5/scores_m3.csv;results/P5/t1_inputs.json;results/P5/t1_denovo_inputs.json,0.8571,0.8571,0.7143,0.9643,0.5982,0.5612,0.6582,1,,,,23,23,0.6957,0.9697
P5_S_DN,denovo,primary,ligand_heavy_atoms,baseline,charge,q_diff,decoy,28,90,28,30,none,results/P5/scores_m3.csv;results/P5/t1_inputs.json;results/P5/t1_denovo_inputs.json,0.6071,0.6071,0.4286,0.7857,0.6071,0.5,0.7857,0,,,,23,23,0.4348,0.8261
P5_S_DN,denovo,primary,ligand_formal_charge,baseline,charge,q_diff,decoy,28,90,28,30,none,results/P5/scores_m3.csv;results/P5/t1_inputs.json;results/P5/t1_denovo_inputs.json,0.0357,0.9643,0.0,0.1071,0.9643,0.8929,1.0,1,,,,23,23,0.0,0.1304
P5_S_DN,denovo,primary,chai_iptm_mean,headline,charge,q_diff,pooled_3,81,90,29,30,cognate_higher,results/P5/scores_m3.csv;results/P5/t1_inputs.json;results/P5/t1_denovo_inputs.json,0.9136,0.9136,0.8271,0.9767,,,,1,,,,23,23,0.806,0.9851
P5_S_DN,denovo,primary,chai_aggregate_score_mean,headline,charge,q_diff,pooled_3,81,90,29,30,cognate_higher,results/P5/scores_m3.csv;results/P5/t1_inputs.json;results/P5/t1_denovo_inputs.json,0.9136,0.9136,0.8271,0.9767,,,,1,,,,23,23,0.806,0.9851
P5_S_DN,denovo,primary,chai_per_chain_ptm_min_mean,headline,charge,q_diff,pooled_3,81,90,29,30,cognate_higher,results/P5/scores_m3.csv;results/P5/t1_inputs.json;results/P5/t1_denovo_inputs.json,0.9136,0.9136,0.8415,0.9756,,,,1,,,,23,23,0.8382,0.9697
P5_S_DN,denovo,primary,ame_self_clash_max,headline,charge,q_diff,pooled_3,81,90,29,30,none,results/P5/scores_m3.csv;results/P5/t1_inputs.json;results/P5/t1_denovo_inputs.json,0.2716,0.7284,0.1646,0.3875,,,,1,,,,23,23,0.1579,0.4375
P5_S_DN,denovo,primary,ame_self_rmsd_min,comparator,charge,q_diff,pooled_3,81,90,29,30,none,results/P5/scores_m3.csv;results/P5/t1_inputs.json;results/P5/t1_denovo_inputs.json,0.5062,0.5062,0.35,0.6538,,,,0,,,,23,23,0.3485,0.6463
P5_S_DN,denovo,primary,ame_self_pass,comparator,charge,q_diff,pooled_3,81,90,29,30,none,results/P5/scores_m3.csv;results/P5/t1_inputs.json;results/P5/t1_denovo_inputs.json,0.5,0.5,0.4353,0.5602,,,,0,,,,23,23,0.4321,0.5657
P5_S_DN,denovo,primary,chai_ptm_mean,comparator,charge,q_diff,pooled_3,81,90,29,30,cognate_higher,results/P5/scores_m3.csv;results/P5/t1_inputs.json;results/P5/t1_denovo_inputs.json,0.8642,0.8642,0.7407,0.963,,,,1,,,,23,23,0.7308,0.957
P5_S_DN,denovo,primary,chai_plddt_mean,comparator,charge,q_diff,pooled_3,81,90,29,30,cognate_higher,results/P5/scores_m3.csv;results/P5/t1_inputs.json;results/P5/t1_denovo_inputs.json,0.8519,0.8519,0.747,0.9383,,,,1,,,,23,23,0.7385,0.9381
P5_S_DN,denovo,primary,ligand_heavy_atoms,baseline,charge,q_diff,pooled_3,81,90,29,30,none,results/P5/scores_m3.csv;results/P5/t1_inputs.json;results/P5/t1_denovo_inputs.json,0.6543,0.6543,0.5679,0.7407,,,,1,,,,23,23,0.575,0.7581
P5_S_DN,denovo,primary,ligand_formal_charge,baseline,charge,q_diff,pooled_3,81,90,29,30,none,results/P5/scores_m3.csv;results/P5/t1_inputs.json;results/P5/t1_denovo_inputs.json,0.0617,0.9383,0.0125,0.1154,,,,1,,,,23,23,0.0156,0.1129
P5_S_DN,denovo,primary,chai_iptm_mean,headline,joint,matched&q_same,same_ec,0,90,0,30,cognate_higher,results/P5/scores_m3.csv;results/P5/t1_inputs.json;results/P5/t1_denovo_inputs.json,,,,,,,,,,,,,,,
P5_S_DN,denovo,primary,chai_aggregate_score_mean,headline,joint,matched&q_same,same_ec,0,90,0,30,cognate_higher,results/P5/scores_m3.csv;results/P5/t1_inputs.json;results/P5/t1_denovo_inputs.json,,,,,,,,,,,,,,,
P5_S_DN,denovo,primary,chai_per_chain_ptm_min_mean,headline,joint,matched&q_same,same_ec,0,90,0,30,cognate_higher,results/P5/scores_m3.csv;results/P5/t1_inputs.json;results/P5/t1_denovo_inputs.json,,,,,,,,,,,,,,,
P5_S_DN,denovo,primary,ame_self_clash_max,headline,joint,matched&q_same,same_ec,0,90,0,30,none,results/P5/scores_m3.csv;results/P5/t1_inputs.json;results/P5/t1_denovo_inputs.json,,,,,,,,,,,,,,,
P5_S_DN,denovo,primary,ame_self_rmsd_min,comparator,joint,matched&q_same,same_ec,0,90,0,30,none,results/P5/scores_m3.csv;results/P5/t1_inputs.json;results/P5/t1_denovo_inputs.json,,,,,,,,,,,,,,,
P5_S_DN,denovo,primary,ame_self_pass,comparator,joint,matched&q_same,same_ec,0,90,0,30,none,results/P5/scores_m3.csv;results/P5/t1_inputs.json;results/P5/t1_denovo_inputs.json,,,,,,,,,,,,,,,
P5_S_DN,denovo,primary,chai_ptm_mean,comparator,joint,matched&q_same,same_ec,0,90,0,30,cognate_higher,results/P5/scores_m3.csv;results/P5/t1_inputs.json;results/P5/t1_denovo_inputs.json,,,,,,,,,,,,,,,
P5_S_DN,denovo,primary,chai_plddt_mean,comparator,joint,matched&q_same,same_ec,0,90,0,30,cognate_higher,results/P5/scores_m3.csv;results/P5/t1_inputs.json;results/P5/t1_denovo_inputs.json,,,,,,,,,,,,,,,
P5_S_DN,denovo,primary,ligand_heavy_atoms,baseline,joint,matched&q_same,same_ec,0,90,0,30,none,results/P5/scores_m3.csv;results/P5/t1_inputs.json;results/P5/t1_denovo_inputs.json,,,,,,,,,,,,,,,
P5_S_DN,denovo,primary,ligand_formal_charge,baseline,joint,matched&q_same,same_ec,0,90,0,30,none,results/P5/scores_m3.csv;results/P5/t1_inputs.json;results/P5/t1_denovo_inputs.json,,,,,,,,,,,,,,,
P5_S_DN,denovo,primary,chai_iptm_mean,headline,joint,matched&q_same,diff_ec,0,90,0,30,cognate_higher,results/P5/scores_m3.csv;results/P5/t1_inputs.json;results/P5/t1_denovo_inputs.json,,,,,,,,,,,,,,,
P5_S_DN,denovo,primary,chai_aggregate_score_mean,headline,joint,matched&q_same,diff_ec,0,90,0,30,cognate_higher,results/P5/scores_m3.csv;results/P5/t1_inputs.json;results/P5/t1_denovo_inputs.json,,,,,,,,,,,,,,,
P5_S_DN,denovo,primary,chai_per_chain_ptm_min_mean,headline,joint,matched&q_same,diff_ec,0,90,0,30,cognate_higher,results/P5/scores_m3.csv;results/P5/t1_inputs.json;results/P5/t1_denovo_inputs.json,,,,,,,,,,,,,,,
P5_S_DN,denovo,primary,ame_self_clash_max,headline,joint,matched&q_same,diff_ec,0,90,0,30,none,results/P5/scores_m3.csv;results/P5/t1_inputs.json;results/P5/t1_denovo_inputs.json,,,,,,,,,,,,,,,
P5_S_DN,denovo,primary,ame_self_rmsd_min,comparator,joint,matched&q_same,diff_ec,0,90,0,30,none,results/P5/scores_m3.csv;results/P5/t1_inputs.json;results/P5/t1_denovo_inputs.json,,,,,,,,,,,,,,,
P5_S_DN,denovo,primary,ame_self_pass,comparator,joint,matched&q_same,diff_ec,0,90,0,30,none,results/P5/scores_m3.csv;results/P5/t1_inputs.json;results/P5/t1_denovo_inputs.json,,,,,,,,,,,,,,,
P5_S_DN,denovo,primary,chai_ptm_mean,comparator,joint,matched&q_same,diff_ec,0,90,0,30,cognate_higher,results/P5/scores_m3.csv;results/P5/t1_inputs.json;results/P5/t1_denovo_inputs.json,,,,,,,,,,,,,,,
P5_S_DN,denovo,primary,chai_plddt_mean,comparator,joint,matched&q_same,diff_ec,0,90,0,30,cognate_higher,results/P5/scores_m3.csv;results/P5/t1_inputs.json;results/P5/t1_denovo_inputs.json,,,,,,,,,,,,,,,
P5_S_DN,denovo,primary,ligand_heavy_atoms,baseline,joint,matched&q_same,diff_ec,0,90,0,30,none,results/P5/scores_m3.csv;results/P5/t1_inputs.json;results/P5/t1_denovo_inputs.json,,,,,,,,,,,,,,,
P5_S_DN,denovo,primary,ligand_formal_charge,baseline,joint,matched&q_same,diff_ec,0,90,0,30,none,results/P5/scores_m3.csv;results/P5/t1_inputs.json;results/P5/t1_denovo_inputs.json,,,,,,,,,,,,,,,
P5_S_DN,denovo,primary,chai_iptm_mean,headline,joint,matched&q_same,decoy,0,90,0,30,cognate_higher,results/P5/scores_m3.csv;results/P5/t1_inputs.json;results/P5/t1_denovo_inputs.json,,,,,,,,,,,,,,,
P5_S_DN,denovo,primary,chai_aggregate_score_mean,headline,joint,matched&q_same,decoy,0,90,0,30,cognate_higher,results/P5/scores_m3.csv;results/P5/t1_inputs.json;results/P5/t1_denovo_inputs.json,,,,,,,,,,,,,,,
P5_S_DN,denovo,primary,chai_per_chain_ptm_min_mean,headline,joint,matched&q_same,decoy,0,90,0,30,cognate_higher,results/P5/scores_m3.csv;results/P5/t1_inputs.json;results/P5/t1_denovo_inputs.json,,,,,,,,,,,,,,,
P5_S_DN,denovo,primary,ame_self_clash_max,headline,joint,matched&q_same,decoy,0,90,0,30,none,results/P5/scores_m3.csv;results/P5/t1_inputs.json;results/P5/t1_denovo_inputs.json,,,,,,,,,,,,,,,
P5_S_DN,denovo,primary,ame_self_rmsd_min,comparator,joint,matched&q_same,decoy,0,90,0,30,none,results/P5/scores_m3.csv;results/P5/t1_inputs.json;results/P5/t1_denovo_inputs.json,,,,,,,,,,,,,,,
P5_S_DN,denovo,primary,ame_self_pass,comparator,joint,matched&q_same,decoy,0,90,0,30,none,results/P5/scores_m3.csv;results/P5/t1_inputs.json;results/P5/t1_denovo_inputs.json,,,,,,,,,,,,,,,
P5_S_DN,denovo,primary,chai_ptm_mean,comparator,joint,matched&q_same,decoy,0,90,0,30,cognate_higher,results/P5/scores_m3.csv;results/P5/t1_inputs.json;results/P5/t1_denovo_inputs.json,,,,,,,,,,,,,,,
P5_S_DN,denovo,primary,chai_plddt_mean,comparator,joint,matched&q_same,decoy,0,90,0,30,cognate_higher,results/P5/scores_m3.csv;results/P5/t1_inputs.json;results/P5/t1_denovo_inputs.json,,,,,,,,,,,,,,,
P5_S_DN,denovo,primary,ligand_heavy_atoms,baseline,joint,matched&q_same,decoy,0,90,0,30,none,results/P5/scores_m3.csv;results/P5/t1_inputs.json;results/P5/t1_denovo_inputs.json,,,,,,,,,,,,,,,
P5_S_DN,denovo,primary,ligand_formal_charge,baseline,joint,matched&q_same,decoy,0,90,0,30,none,results/P5/scores_m3.csv;results/P5/t1_inputs.json;results/P5/t1_denovo_inputs.json,,,,,,,,,,,,,,,
P5_S_DN,denovo,primary,chai_iptm_mean,headline,joint,matched&q_same,pooled_3,0,90,0,30,cognate_higher,results/P5/scores_m3.csv;results/P5/t1_inputs.json;results/P5/t1_denovo_inputs.json,,,,,,,,,,,,,,,
P5_S_DN,denovo,primary,chai_aggregate_score_mean,headline,joint,matched&q_same,pooled_3,0,90,0,30,cognate_higher,results/P5/scores_m3.csv;results/P5/t1_inputs.json;results/P5/t1_denovo_inputs.json,,,,,,,,,,,,,,,
P5_S_DN,denovo,primary,chai_per_chain_ptm_min_mean,headline,joint,matched&q_same,pooled_3,0,90,0,30,cognate_higher,results/P5/scores_m3.csv;results/P5/t1_inputs.json;results/P5/t1_denovo_inputs.json,,,,,,,,,,,,,,,
P5_S_DN,denovo,primary,ame_self_clash_max,headline,joint,matched&q_same,pooled_3,0,90,0,30,none,results/P5/scores_m3.csv;results/P5/t1_inputs.json;results/P5/t1_denovo_inputs.json,,,,,,,,,,,,,,,
P5_S_DN,denovo,primary,ame_self_rmsd_min,comparator,joint,matched&q_same,pooled_3,0,90,0,30,none,results/P5/scores_m3.csv;results/P5/t1_inputs.json;results/P5/t1_denovo_inputs.json,,,,,,,,,,,,,,,
P5_S_DN,denovo,primary,ame_self_pass,comparator,joint,matched&q_same,pooled_3,0,90,0,30,none,results/P5/scores_m3.csv;results/P5/t1_inputs.json;results/P5/t1_denovo_inputs.json,,,,,,,,,,,,,,,
P5_S_DN,denovo,primary,chai_ptm_mean,comparator,joint,matched&q_same,pooled_3,0,90,0,30,cognate_higher,results/P5/scores_m3.csv;results/P5/t1_inputs.json;results/P5/t1_denovo_inputs.json,,,,,,,,,,,,,,,
P5_S_DN,denovo,primary,chai_plddt_mean,comparator,joint,matched&q_same,pooled_3,0,90,0,30,cognate_higher,results/P5/scores_m3.csv;results/P5/t1_inputs.json;results/P5/t1_denovo_inputs.json,,,,,,,,,,,,,,,
P5_S_DN,denovo,primary,ligand_heavy_atoms,baseline,joint,matched&q_same,pooled_3,0,90,0,30,none,results/P5/scores_m3.csv;results/P5/t1_inputs.json;results/P5/t1_denovo_inputs.json,,,,,,,,,,,,,,,
P5_S_DN,denovo,primary,ligand_formal_charge,baseline,joint,matched&q_same,pooled_3,0,90,0,30,none,results/P5/scores_m3.csv;results/P5/t1_inputs.json;results/P5/t1_denovo_inputs.json,,,,,,,,,,,,,,,
P5_S_DN,denovo,excl_iptm0,chai_iptm_mean,headline,all,all,same_ec,29,90,29,30,cognate_higher,results/P5/scores_m3.csv;results/P5/t1_inputs.json;results/P5/t1_denovo_inputs.json,0.931,0.931,0.8276,1.0,0.8835,0.8074,0.9524,1,,,,23,23,0.8261,1.0
P5_S_DN,denovo,excl_iptm0,chai_aggregate_score_mean,headline,all,all,same_ec,29,90,29,30,cognate_higher,results/P5/scores_m3.csv;results/P5/t1_inputs.json;results/P5/t1_denovo_inputs.json,0.931,0.931,0.8276,1.0,0.8823,0.8062,0.9524,1,,,,23,23,0.8261,1.0
P5_S_DN,denovo,excl_iptm0,chai_per_chain_ptm_min_mean,headline,all,all,same_ec,29,90,29,30,cognate_higher,results/P5/scores_m3.csv;results/P5/t1_inputs.json;results/P5/t1_denovo_inputs.json,0.8966,0.8966,0.7586,1.0,0.8609,0.7444,0.9548,1,,,,23,23,0.8,1.0
P5_S_DN,denovo,excl_iptm0,ame_self_clash_max,headline,all,all,same_ec,29,90,29,30,none,results/P5/scores_m3.csv;results/P5/t1_inputs.json;results/P5/t1_denovo_inputs.json,0.3448,0.6552,0.1724,0.5172,0.6897,0.5529,0.8109,0,,,,23,23,0.1739,0.5652
P5_S_DN,denovo,excl_iptm0,ame_self_rmsd_min,comparator,all,all,same_ec,29,90,29,30,none,results/P5/scores_m3.csv;results/P5/t1_inputs.json;results/P5/t1_denovo_inputs.json,0.5517,0.5517,0.3793,0.7241,0.503,0.5006,0.566,0,,,,23,23,0.3913,0.7391
P5_S_DN,denovo,excl_iptm0,ame_self_pass,comparator,all,all,same_ec,29,90,29,30,none,results/P5/scores_m3.csv;results/P5/t1_inputs.json;results/P5/t1_denovo_inputs.json,0.5,0.5,0.3966,0.6034,0.5101,0.5012,0.5743,0,,,,23,23,0.3913,0.587
P5_S_DN,denovo,excl_iptm0,chai_ptm_mean,comparator,all,all,same_ec,29,90,29,30,cognate_higher,results/P5/scores_m3.csv;results/P5/t1_inputs.json;results/P5/t1_denovo_inputs.json,0.8621,0.8621,0.7241,0.9655,0.7693,0.6623,0.8799,1,,,,23,23,0.6957,0.9714
P5_S_DN,denovo,excl_iptm0,chai_plddt_mean,comparator,all,all,same_ec,29,90,29,30,cognate_higher,results/P5/scores_m3.csv;results/P5/t1_inputs.json;results/P5/t1_denovo_inputs.json,0.8966,0.8966,0.7931,1.0,0.6183,0.5767,0.6933,1,,,,23,23,0.7391,1.0
P5_S_DN,denovo,excl_iptm0,ligand_heavy_atoms,baseline,all,all,same_ec,29,90,29,30,none,results/P5/scores_m3.csv;results/P5/t1_inputs.json;results/P5/t1_denovo_inputs.json,0.6207,0.6207,0.4483,0.7931,0.6207,0.5172,0.7931,0,,,,23,23,0.4348,0.7826
P5_S_DN,denovo,excl_iptm0,ligand_formal_charge,baseline,all,all,same_ec,29,90,29,30,none,results/P5/scores_m3.csv;results/P5/t1_inputs.json;results/P5/t1_denovo_inputs.json,0.1379,0.8621,0.0345,0.2586,0.8621,0.7414,0.9655,1,,,,23,23,0.0345,0.2609
P5_S_DN,denovo,excl_iptm0,chai_iptm_mean,headline,all,all,diff_ec,28,90,28,30,cognate_higher,results/P5/scores_m3.csv;results/P5/t1_inputs.json;results/P5/t1_denovo_inputs.json,0.9643,0.9643,0.8929,1.0,0.898,0.824,0.963,1,,,,21,23,0.8571,1.0
P5_S_DN,denovo,excl_iptm0,chai_aggregate_score_mean,headline,all,all,diff_ec,28,90,28,30,cognate_higher,results/P5/scores_m3.csv;results/P5/t1_inputs.json;results/P5/t1_denovo_inputs.json,0.9643,0.9643,0.8929,1.0,0.8878,0.8138,0.9579,1,,,,21,23,0.8571,1.0
P5_S_DN,denovo,excl_iptm0,chai_per_chain_ptm_min_mean,headline,all,all,diff_ec,28,90,28,30,cognate_higher,results/P5/scores_m3.csv;results/P5/t1_inputs.json;results/P5/t1_denovo_inputs.json,0.9286,0.9286,0.8214,1.0,0.9349,0.8405,1.0,1,,,,21,23,0.8095,1.0
P5_S_DN,denovo,excl_iptm0,ame_self_clash_max,headline,all,all,diff_ec,28,90,28,30,none,results/P5/scores_m3.csv;results/P5/t1_inputs.json;results/P5/t1_denovo_inputs.json,0.2143,0.7857,0.0714,0.3571,0.7321,0.6441,0.8265,1,,,,21,23,0.0714,0.4286
P5_S_DN,denovo,excl_iptm0,ame_self_rmsd_min,comparator,all,all,diff_ec,28,90,28,30,none,results/P5/scores_m3.csv;results/P5/t1_inputs.json;results/P5/t1_denovo_inputs.json,0.4643,0.5357,0.2857,0.6429,0.5077,0.5013,0.5638,0,,,,21,23,0.2381,0.619
P5_S_DN,denovo,excl_iptm0,ame_self_pass,comparator,all,all,diff_ec,28,90,28,30,none,results/P5/scores_m3.csv;results/P5/t1_inputs.json;results/P5/t1_denovo_inputs.json,0.5,0.5,0.4107,0.5893,0.5038,0.5,0.5364,0,,,,21,23,0.4286,0.5714
P5_S_DN,denovo,excl_iptm0,chai_ptm_mean,comparator,all,all,diff_ec,28,90,28,30,cognate_higher,results/P5/scores_m3.csv;results/P5/t1_inputs.json;results/P5/t1_denovo_inputs.json,0.8929,0.8929,0.7857,1.0,0.7768,0.6773,0.8839,1,,,,21,23,0.7143,1.0
P5_S_DN,denovo,excl_iptm0,chai_plddt_mean,comparator,all,all,diff_ec,28,90,28,30,cognate_higher,results/P5/scores_m3.csv;results/P5/t1_inputs.json;results/P5/t1_denovo_inputs.json,0.7857,0.7857,0.6429,0.9286,0.5689,0.5319,0.6276,1,,,,21,23,0.6429,0.9524
P5_S_DN,denovo,excl_iptm0,ligand_heavy_atoms,baseline,all,all,diff_ec,28,90,28,30,none,results/P5/scores_m3.csv;results/P5/t1_inputs.json;results/P5/t1_denovo_inputs.json,0.7857,0.7857,0.6429,0.9286,0.7857,0.6429,0.9286,1,,,,21,23,0.6429,0.9286
P5_S_DN,denovo,excl_iptm0,ligand_formal_charge,baseline,all,all,diff_ec,28,90,28,30,none,results/P5/scores_m3.csv;results/P5/t1_inputs.json;results/P5/t1_denovo_inputs.json,0.0714,0.9286,0.0,0.1607,0.9286,0.8393,1.0,1,,,,21,23,0.0,0.131
P5_S_DN,denovo,excl_iptm0,chai_iptm_mean,headline,all,all,decoy,30,90,30,30,cognate_higher,results/P5/scores_m3.csv;results/P5/t1_inputs.json;results/P5/t1_denovo_inputs.json,0.8667,0.8667,0.7333,0.9667,0.8833,0.7856,0.9567,1,,,,23,23,0.6957,0.973
P5_S_DN,denovo,excl_iptm0,chai_aggregate_score_mean,headline,all,all,decoy,30,90,30,30,cognate_higher,results/P5/scores_m3.csv;results/P5/t1_inputs.json;results/P5/t1_denovo_inputs.json,0.8667,0.8667,0.7333,0.9667,0.8733,0.7767,0.9511,1,,,,23,23,0.6957,0.973
P5_S_DN,denovo,excl_iptm0,chai_per_chain_ptm_min_mean,headline,all,all,decoy,30,90,30,30,cognate_higher,results/P5/scores_m3.csv;results/P5/t1_inputs.json;results/P5/t1_denovo_inputs.json,0.8667,0.8667,0.7333,0.9667,0.9189,0.8256,0.9856,1,,,,23,23,0.6957,0.973
P5_S_DN,denovo,excl_iptm0,ame_self_clash_max,headline,all,all,decoy,30,90,30,30,none,results/P5/scores_m3.csv;results/P5/t1_inputs.json;results/P5/t1_denovo_inputs.json,0.2333,0.7667,0.1,0.4,0.62,0.5111,0.7533,1,,,,23,23,0.0811,0.4783
P5_S_DN,denovo,excl_iptm0,ame_self_rmsd_min,comparator,all,all,decoy,30,90,30,30,none,results/P5/scores_m3.csv;results/P5/t1_inputs.json;results/P5/t1_denovo_inputs.json,0.4667,0.5333,0.3,0.6333,0.5333,0.5022,0.5867,0,,,,23,23,0.3043,0.6522
P5_S_DN,denovo,excl_iptm0,ame_self_pass,comparator,all,all,decoy,30,90,30,30,none,results/P5/scores_m3.csv;results/P5/t1_inputs.json;results/P5/t1_denovo_inputs.json,0.55,0.55,0.4667,0.6333,0.5194,0.5006,0.5639,0,,,,23,23,0.4565,0.625
P5_S_DN,denovo,excl_iptm0,chai_ptm_mean,comparator,all,all,decoy,30,90,30,30,cognate_higher,results/P5/scores_m3.csv;results/P5/t1_inputs.json;results/P5/t1_denovo_inputs.json,0.8333,0.8333,0.7,0.9667,0.77,0.6678,0.8733,1,,,,23,23,0.6957,0.9459
P5_S_DN,denovo,excl_iptm0,chai_plddt_mean,comparator,all,all,decoy,30,90,30,30,cognate_higher,results/P5/scores_m3.csv;results/P5/t1_inputs.json;results/P5/t1_denovo_inputs.json,0.8667,0.8667,0.7333,0.9667,0.6,0.5644,0.6567,1,,,,23,23,0.6957,0.973
P5_S_DN,denovo,excl_iptm0,ligand_heavy_atoms,baseline,all,all,decoy,30,90,30,30,none,results/P5/scores_m3.csv;results/P5/t1_inputs.json;results/P5/t1_denovo_inputs.json,0.6333,0.6333,0.4667,0.8,0.6333,0.5,0.8,0,,,,23,23,0.4783,0.8261
P5_S_DN,denovo,excl_iptm0,ligand_formal_charge,baseline,all,all,decoy,30,90,30,30,none,results/P5/scores_m3.csv;results/P5/t1_inputs.json;results/P5/t1_denovo_inputs.json,0.0667,0.9333,0.0,0.15,0.9333,0.85,1.0,1,,,,23,23,0.0,0.1351
P5_S_DN,denovo,excl_iptm0,chai_iptm_mean,headline,all,all,pooled_3,87,90,30,30,cognate_higher,results/P5/scores_m3.csv;results/P5/t1_inputs.json;results/P5/t1_denovo_inputs.json,0.9195,0.9195,0.8372,0.9881,,,,1,,,,23,23,0.8154,0.9865
P5_S_DN,denovo,excl_iptm0,chai_aggregate_score_mean,headline,all,all,pooled_3,87,90,30,30,cognate_higher,results/P5/scores_m3.csv;results/P5/t1_inputs.json;results/P5/t1_denovo_inputs.json,0.9195,0.9195,0.8372,0.9881,,,,1,,,,23,23,0.8154,0.9865
P5_S_DN,denovo,excl_iptm0,chai_per_chain_ptm_min_mean,headline,all,all,pooled_3,87,90,30,30,cognate_higher,results/P5/scores_m3.csv;results/P5/t1_inputs.json;results/P5/t1_denovo_inputs.json,0.8966,0.8966,0.8202,0.9647,,,,1,,,,23,23,0.8165,0.9559
P5_S_DN,denovo,excl_iptm0,ame_self_clash_max,headline,all,all,pooled_3,87,90,30,30,none,results/P5/scores_m3.csv;results/P5/t1_inputs.json;results/P5/t1_denovo_inputs.json,0.2644,0.7356,0.1591,0.3794,,,,1,,,,23,23,0.1481,0.4478
P5_S_DN,denovo,excl_iptm0,ame_self_rmsd_min,comparator,all,all,pooled_3,87,90,30,30,none,results/P5/scores_m3.csv;results/P5/t1_inputs.json;results/P5/t1_denovo_inputs.json,0.4943,0.5057,0.3408,0.6471,,,,0,,,,23,23,0.3529,0.6364
P5_S_DN,denovo,excl_iptm0,ame_self_pass,comparator,all,all,pooled_3,87,90,30,30,none,results/P5/scores_m3.csv;results/P5/t1_inputs.json;results/P5/t1_denovo_inputs.json,0.5172,0.5172,0.4489,0.5844,,,,0,,,,23,23,0.442,0.5739
P5_S_DN,denovo,excl_iptm0,chai_ptm_mean,comparator,all,all,pooled_3,87,90,30,30,cognate_higher,results/P5/scores_m3.csv;results/P5/t1_inputs.json;results/P5/t1_denovo_inputs.json,0.8621,0.8621,0.7386,0.9556,,,,1,,,,23,23,0.7121,0.9552
P5_S_DN,denovo,excl_iptm0,chai_plddt_mean,comparator,all,all,pooled_3,87,90,30,30,cognate_higher,results/P5/scores_m3.csv;results/P5/t1_inputs.json;results/P5/t1_denovo_inputs.json,0.8506,0.8506,0.7412,0.9425,,,,1,,,,23,23,0.7231,0.9352
P5_S_DN,denovo,excl_iptm0,ligand_heavy_atoms,baseline,all,all,pooled_3,87,90,30,30,none,results/P5/scores_m3.csv;results/P5/t1_inputs.json;results/P5/t1_denovo_inputs.json,0.6782,0.6782,0.5955,0.7647,,,,1,,,,23,23,0.5977,0.7681
P5_S_DN,denovo,excl_iptm0,ligand_formal_charge,baseline,all,all,pooled_3,87,90,30,30,none,results/P5/scores_m3.csv;results/P5/t1_inputs.json;results/P5/t1_denovo_inputs.json,0.092,0.908,0.0402,0.1512,,,,1,,,,23,23,0.0294,0.1397
P5_S_DN,denovo,excl_iptm0,chai_iptm_mean,headline,size,smaller,same_ec,15,90,15,30,cognate_higher,results/P5/scores_m3.csv;results/P5/t1_inputs.json;results/P5/t1_denovo_inputs.json,0.9333,0.9333,0.8,1.0,0.9067,0.8089,0.9867,1,,,,12,23,0.75,1.0
P5_S_DN,denovo,excl_iptm0,chai_aggregate_score_mean,headline,size,smaller,same_ec,15,90,15,30,cognate_higher,results/P5/scores_m3.csv;results/P5/t1_inputs.json;results/P5/t1_denovo_inputs.json,0.9333,0.9333,0.8,1.0,0.8978,0.8,0.9867,1,,,,12,23,0.75,1.0
P5_S_DN,denovo,excl_iptm0,chai_per_chain_ptm_min_mean,headline,size,smaller,same_ec,15,90,15,30,cognate_higher,results/P5/scores_m3.csv;results/P5/t1_inputs.json;results/P5/t1_denovo_inputs.json,0.8,0.8,0.6,1.0,0.8622,0.6667,1.0,1,,,,12,23,0.619,1.0
P5_S_DN,denovo,excl_iptm0,ame_self_clash_max,headline,size,smaller,same_ec,15,90,15,30,none,results/P5/scores_m3.csv;results/P5/t1_inputs.json;results/P5/t1_denovo_inputs.json,0.2,0.8,0.0,0.4,0.7733,0.6133,0.9156,1,,,,12,23,0.0,0.5
P5_S_DN,denovo,excl_iptm0,ame_self_rmsd_min,comparator,size,smaller,same_ec,15,90,15,30,none,results/P5/scores_m3.csv;results/P5/t1_inputs.json;results/P5/t1_denovo_inputs.json,0.4667,0.5333,0.2,0.7333,0.52,0.5022,0.6223,0,,,,12,23,0.25,0.75
P5_S_DN,denovo,excl_iptm0,ame_self_pass,comparator,size,smaller,same_ec,15,90,15,30,none,results/P5/scores_m3.csv;results/P5/t1_inputs.json;results/P5/t1_denovo_inputs.json,0.4667,0.5333,0.3,0.6,0.5378,0.5022,0.6467,0,,,,12,23,0.2917,0.5952
P5_S_DN,denovo,excl_iptm0,chai_ptm_mean,comparator,size,smaller,same_ec,15,90,15,30,cognate_higher,results/P5/scores_m3.csv;results/P5/t1_inputs.json;results/P5/t1_denovo_inputs.json,0.7333,0.7333,0.4667,0.9333,0.6133,0.5111,0.7689,0,,,,12,23,0.4167,0.9444
P5_S_DN,denovo,excl_iptm0,chai_plddt_mean,comparator,size,smaller,same_ec,15,90,15,30,cognate_higher,results/P5/scores_m3.csv;results/P5/t1_inputs.json;results/P5/t1_denovo_inputs.json,0.8667,0.8667,0.6667,1.0,0.6133,0.5511,0.72,1,,,,12,23,0.6667,1.0
P5_S_DN,denovo,excl_iptm0,ligand_heavy_atoms,baseline,size,smaller,same_ec,15,90,15,30,none,results/P5/scores_m3.csv;results/P5/t1_inputs.json;results/P5/t1_denovo_inputs.json,1.0,1.0,1.0,1.0,1.0,1.0,1.0,1,,,,12,23,1.0,1.0
P5_S_DN,denovo,excl_iptm0,ligand_formal_charge,baseline,size,smaller,same_ec,15,90,15,30,none,results/P5/scores_m3.csv;results/P5/t1_inputs.json;results/P5/t1_denovo_inputs.json,0.2,0.8,0.0333,0.4,0.8,0.6,0.9667,1,,,,12,23,0.0,0.4
P5_S_DN,denovo,excl_iptm0,chai_iptm_mean,headline,size,smaller,diff_ec,19,90,19,30,cognate_higher,results/P5/scores_m3.csv;results/P5/t1_inputs.json;results/P5/t1_denovo_inputs.json,1.0,1.0,1.0,1.0,0.9058,0.8255,0.9861,1,,,,15,23,1.0,1.0
P5_S_DN,denovo,excl_iptm0,chai_aggregate_score_mean,headline,size,smaller,diff_ec,19,90,19,30,cognate_higher,results/P5/scores_m3.csv;results/P5/t1_inputs.json;results/P5/t1_denovo_inputs.json,1.0,1.0,1.0,1.0,0.8864,0.8033,0.9861,1,,,,15,23,1.0,1.0
P5_S_DN,denovo,excl_iptm0,chai_per_chain_ptm_min_mean,headline,size,smaller,diff_ec,19,90,19,30,cognate_higher,results/P5/scores_m3.csv;results/P5/t1_inputs.json;results/P5/t1_denovo_inputs.json,0.9474,0.9474,0.8421,1.0,0.9474,0.8421,1.0,1,,,,15,23,0.8,1.0
P5_S_DN,denovo,excl_iptm0,ame_self_clash_max,headline,size,smaller,diff_ec,19,90,19,30,none,results/P5/scores_m3.csv;results/P5/t1_inputs.json;results/P5/t1_denovo_inputs.json,0.1579,0.8421,0.0,0.3158,0.8227,0.7064,0.9252,1,,,,15,23,0.0,0.4
P5_S_DN,denovo,excl_iptm0,ame_self_rmsd_min,comparator,size,smaller,diff_ec,19,90,19,30,none,results/P5/scores_m3.csv;results/P5/t1_inputs.json;results/P5/t1_denovo_inputs.json,0.3684,0.6316,0.1579,0.5789,0.5319,0.5014,0.615,0,,,,15,23,0.1579,0.5789
P5_S_DN,denovo,excl_iptm0,ame_self_pass,comparator,size,smaller,diff_ec,19,90,19,30,none,results/P5/scores_m3.csv;results/P5/t1_inputs.json;results/P5/t1_denovo_inputs.json,0.5,0.5,0.3947,0.6053,0.5111,0.5,0.5554,0,,,,15,23,0.4211,0.5789
P5_S_DN,denovo,excl_iptm0,chai_ptm_mean,comparator,size,smaller,diff_ec,19,90,19,30,cognate_higher,results/P5/scores_m3.csv;results/P5/t1_inputs.json;results/P5/t1_denovo_inputs.json,0.9474,0.9474,0.8421,1.0,0.7922,0.6787,0.9224,1,,,,15,23,0.8,1.0
P5_S_DN,denovo,excl_iptm0,chai_plddt_mean,comparator,size,smaller,diff_ec,19,90,19,30,cognate_higher,results/P5/scores_m3.csv;results/P5/t1_inputs.json;results/P5/t1_denovo_inputs.json,0.7895,0.7895,0.5789,0.9474,0.5512,0.5097,0.6288,1,,,,15,23,0.6316,1.0
P5_S_DN,denovo,excl_iptm0,ligand_heavy_atoms,baseline,size,smaller,diff_ec,19,90,19,30,none,results/P5/scores_m3.csv;results/P5/t1_inputs.json;results/P5/t1_denovo_inputs.json,1.0,1.0,1.0,1.0,1.0,1.0,1.0,1,,,,15,23,1.0,1.0
P5_S_DN,denovo,excl_iptm0,ligand_formal_charge,baseline,size,smaller,diff_ec,19,90,19,30,none,results/P5/scores_m3.csv;results/P5/t1_inputs.json;results/P5/t1_denovo_inputs.json,0.1053,0.8947,0.0,0.2368,0.8947,0.7632,1.0,1,,,,15,23,0.0,0.1957
P5_S_DN,denovo,excl_iptm0,chai_iptm_mean,headline,size,smaller,decoy,14,90,14,30,cognate_higher,results/P5/scores_m3.csv;results/P5/t1_inputs.json;results/P5/t1_denovo_inputs.json,0.9286,0.9286,0.7857,1.0,0.9133,0.7704,1.0,1,,,,11,23,0.7273,1.0
P5_S_DN,denovo,excl_iptm0,chai_aggregate_score_mean,headline,size,smaller,decoy,14,90,14,30,cognate_higher,results/P5/scores_m3.csv;results/P5/t1_inputs.json;results/P5/t1_denovo_inputs.json,0.9286,0.9286,0.7857,1.0,0.8827,0.7347,1.0,1,,,,11,23,0.7273,1.0
P5_S_DN,denovo,excl_iptm0,chai_per_chain_ptm_min_mean,headline,size,smaller,decoy,14,90,14,30,cognate_higher,results/P5/scores_m3.csv;results/P5/t1_inputs.json;results/P5/t1_denovo_inputs.json,0.9286,0.9286,0.7857,1.0,0.9286,0.7857,1.0,1,,,,11,23,0.7273,1.0
P5_S_DN,denovo,excl_iptm0,ame_self_clash_max,headline,size,smaller,decoy,14,90,14,30,none,results/P5/scores_m3.csv;results/P5/t1_inputs.json;results/P5/t1_denovo_inputs.json,0.1429,0.8571,0.0,0.3571,0.7704,0.5408,0.9541,1,,,,11,23,0.0,0.3636
P5_S_DN,denovo,excl_iptm0,ame_self_rmsd_min,comparator,size,smaller,decoy,14,90,14,30,none,results/P5/scores_m3.csv;results/P5/t1_inputs.json;results/P5/t1_denovo_inputs.json,0.4286,0.5714,0.2143,0.7143,0.551,0.5,0.6735,0,,,,11,23,0.2143,0.7273
P5_S_DN,denovo,excl_iptm0,ame_self_pass,comparator,size,smaller,decoy,14,90,14,30,none,results/P5/scores_m3.csv;results/P5/t1_inputs.json;results/P5/t1_denovo_inputs.json,0.5,0.5,0.3929,0.6071,0.5026,0.5,0.5408,0,,,,11,23,0.3636,0.575
P5_S_DN,denovo,excl_iptm0,chai_ptm_mean,comparator,size,smaller,decoy,14,90,14,30,cognate_higher,results/P5/scores_m3.csv;results/P5/t1_inputs.json;results/P5/t1_denovo_inputs.json,0.7857,0.7857,0.5714,1.0,0.7806,0.5969,0.949,1,,,,11,23,0.5714,1.0
P5_S_DN,denovo,excl_iptm0,chai_plddt_mean,comparator,size,smaller,decoy,14,90,14,30,cognate_higher,results/P5/scores_m3.csv;results/P5/t1_inputs.json;results/P5/t1_denovo_inputs.json,0.8571,0.8571,0.6429,1.0,0.602,0.5255,0.7143,1,,,,11,23,0.6364,1.0
P5_S_DN,denovo,excl_iptm0,ligand_heavy_atoms,baseline,size,smaller,decoy,14,90,14,30,none,results/P5/scores_m3.csv;results/P5/t1_inputs.json;results/P5/t1_denovo_inputs.json,1.0,1.0,1.0,1.0,1.0,1.0,1.0,1,,,,11,23,1.0,1.0
P5_S_DN,denovo,excl_iptm0,ligand_formal_charge,baseline,size,smaller,decoy,14,90,14,30,none,results/P5/scores_m3.csv;results/P5/t1_inputs.json;results/P5/t1_denovo_inputs.json,0.0714,0.9286,0.0,0.1786,0.9286,0.8214,1.0,1,,,,11,23,0.0,0.15
P5_S_DN,denovo,excl_iptm0,chai_iptm_mean,headline,size,smaller,pooled_3,48,90,29,30,cognate_higher,results/P5/scores_m3.csv;results/P5/t1_inputs.json;results/P5/t1_denovo_inputs.json,0.9583,0.9583,0.8974,1.0,,,,1,,,,23,23,0.8809,1.0
P5_S_DN,denovo,excl_iptm0,chai_aggregate_score_mean,headline,size,smaller,pooled_3,48,90,29,30,cognate_higher,results/P5/scores_m3.csv;results/P5/t1_inputs.json;results/P5/t1_denovo_inputs.json,0.9583,0.9583,0.8974,1.0,,,,1,,,,23,23,0.8809,1.0
P5_S_DN,denovo,excl_iptm0,chai_per_chain_ptm_min_mean,headline,size,smaller,pooled_3,48,90,29,30,cognate_higher,results/P5/scores_m3.csv;results/P5/t1_inputs.json;results/P5/t1_denovo_inputs.json,0.8958,0.8958,0.7925,0.9792,,,,1,,,,23,23,0.803,1.0
P5_S_DN,denovo,excl_iptm0,ame_self_clash_max,headline,size,smaller,pooled_3,48,90,29,30,none,results/P5/scores_m3.csv;results/P5/t1_inputs.json;results/P5/t1_denovo_inputs.json,0.1667,0.8333,0.0566,0.2955,,,,1,,,,23,23,0.0494,0.35
P5_S_DN,denovo,excl_iptm0,ame_self_rmsd_min,comparator,size,smaller,pooled_3,48,90,29,30,none,results/P5/scores_m3.csv;results/P5/t1_inputs.json;results/P5/t1_denovo_inputs.json,0.4167,0.5833,0.2407,0.6078,,,,0,,,,23,23,0.26,0.6176
P5_S_DN,denovo,excl_iptm0,ame_self_pass,comparator,size,smaller,pooled_3,48,90,29,30,none,results/P5/scores_m3.csv;results/P5/t1_inputs.json;results/P5/t1_denovo_inputs.json,0.4896,0.5104,0.3953,0.5833,,,,0,,,,23,23,0.3939,0.5593
P5_S_DN,denovo,excl_iptm0,chai_ptm_mean,comparator,size,smaller,pooled_3,48,90,29,30,cognate_higher,results/P5/scores_m3.csv;results/P5/t1_inputs.json;results/P5/t1_denovo_inputs.json,0.8333,0.8333,0.6923,0.9556,,,,1,,,,23,23,0.6585,0.9455
P5_S_DN,denovo,excl_iptm0,chai_plddt_mean,comparator,size,smaller,pooled_3,48,90,29,30,cognate_higher,results/P5/scores_m3.csv;results/P5/t1_inputs.json;results/P5/t1_denovo_inputs.json,0.8333,0.8333,0.6939,0.9535,,,,1,,,,23,23,0.6923,0.95
P5_S_DN,denovo,excl_iptm0,ligand_heavy_atoms,baseline,size,smaller,pooled_3,48,90,29,30,none,results/P5/scores_m3.csv;results/P5/t1_inputs.json;results/P5/t1_denovo_inputs.json,1.0,1.0,1.0,1.0,,,,1,,,,23,23,1.0,1.0
P5_S_DN,denovo,excl_iptm0,ligand_formal_charge,baseline,size,smaller,pooled_3,48,90,29,30,none,results/P5/scores_m3.csv;results/P5/t1_inputs.json;results/P5/t1_denovo_inputs.json,0.125,0.875,0.0481,0.2115,,,,1,,,,23,23,0.0161,0.2
P5_S_DN,denovo,excl_iptm0,chai_iptm_mean,headline,size,matched,same_ec,9,90,9,30,cognate_higher,results/P5/scores_m3.csv;results/P5/t1_inputs.json;results/P5/t1_denovo_inputs.json,1.0,1.0,1.0,1.0,0.9753,0.9012,1.0,"n<10, not estimated",,,,9,23,1.0,1.0
P5_S_DN,denovo,excl_iptm0,chai_aggregate_score_mean,headline,size,matched,same_ec,9,90,9,30,cognate_higher,results/P5/scores_m3.csv;results/P5/t1_inputs.json;results/P5/t1_denovo_inputs.json,1.0,1.0,1.0,1.0,0.9753,0.9012,1.0,"n<10, not estimated",,,,9,23,1.0,1.0
P5_S_DN,denovo,excl_iptm0,chai_per_chain_ptm_min_mean,headline,size,matched,same_ec,9,90,9,30,cognate_higher,results/P5/scores_m3.csv;results/P5/t1_inputs.json;results/P5/t1_denovo_inputs.json,1.0,1.0,1.0,1.0,0.9136,0.8148,1.0,"n<10, not estimated",,,,9,23,1.0,1.0
P5_S_DN,denovo,excl_iptm0,ame_self_clash_max,headline,size,matched,same_ec,9,90,9,30,none,results/P5/scores_m3.csv;results/P5/t1_inputs.json;results/P5/t1_denovo_inputs.json,0.3333,0.6667,0.0,0.6667,0.6667,0.5062,0.9136,"n<10, not estimated",,,,9,23,0.0,0.6667
P5_S_DN,denovo,excl_iptm0,ame_self_rmsd_min,comparator,size,matched,same_ec,9,90,9,30,none,results/P5/scores_m3.csv;results/P5/t1_inputs.json;results/P5/t1_denovo_inputs.json,0.7778,0.7778,0.4444,1.0,0.5185,0.5062,0.679,"n<10, not estimated",,,,9,23,0.4444,1.0
P5_S_DN,denovo,excl_iptm0,ame_self_pass,comparator,size,matched,same_ec,9,90,9,30,none,results/P5/scores_m3.csv;results/P5/t1_inputs.json;results/P5/t1_denovo_inputs.json,0.4444,0.5556,0.3333,0.5,0.5062,0.5,0.5556,"n<10, not estimated",,,,9,23,0.3333,0.5
P5_S_DN,denovo,excl_iptm0,chai_ptm_mean,comparator,size,matched,same_ec,9,90,9,30,cognate_higher,results/P5/scores_m3.csv;results/P5/t1_inputs.json;results/P5/t1_denovo_inputs.json,1.0,1.0,1.0,1.0,0.9506,0.8519,1.0,"n<10, not estimated",,,,9,23,1.0,1.0
P5_S_DN,denovo,excl_iptm0,chai_plddt_mean,comparator,size,matched,same_ec,9,90,9,30,cognate_higher,results/P5/scores_m3.csv;results/P5/t1_inputs.json;results/P5/t1_denovo_inputs.json,0.8889,0.8889,0.6667,1.0,0.6543,0.5309,0.8272,"n<10, not estimated",,,,9,23,0.6667,1.0
P5_S_DN,denovo,excl_iptm0,ligand_heavy_atoms,baseline,size,matched,same_ec,9,90,9,30,none,results/P5/scores_m3.csv;results/P5/t1_inputs.json;results/P5/t1_denovo_inputs.json,0.3333,0.6667,0.0,0.6667,0.6667,0.5556,1.0,"n<10, not estimated",,,,9,23,0.0,0.6667
P5_S_DN,denovo,excl_iptm0,ligand_formal_charge,baseline,size,matched,same_ec,9,90,9,30,none,results/P5/scores_m3.csv;results/P5/t1_inputs.json;results/P5/t1_denovo_inputs.json,0.1111,0.8889,0.0,0.3333,0.8889,0.6667,1.0,"n<10, not estimated",,,,9,23,0.0,0.3333
P5_S_DN,denovo,excl_iptm0,chai_iptm_mean,headline,size,matched,diff_ec,5,90,5,30,cognate_higher,results/P5/scores_m3.csv;results/P5/t1_inputs.json;results/P5/t1_denovo_inputs.json,0.8,0.8,0.4,1.0,0.72,0.52,1.0,"n<10, not estimated",,,,5,23,0.4,1.0
P5_S_DN,denovo,excl_iptm0,chai_aggregate_score_mean,headline,size,matched,diff_ec,5,90,5,30,cognate_higher,results/P5/scores_m3.csv;results/P5/t1_inputs.json;results/P5/t1_denovo_inputs.json,0.8,0.8,0.4,1.0,0.68,0.52,1.0,"n<10, not estimated",,,,5,23,0.4,1.0
P5_S_DN,denovo,excl_iptm0,chai_per_chain_ptm_min_mean,headline,size,matched,diff_ec,5,90,5,30,cognate_higher,results/P5/scores_m3.csv;results/P5/t1_inputs.json;results/P5/t1_denovo_inputs.json,0.8,0.8,0.4,1.0,0.84,0.6,1.0,"n<10, not estimated",,,,5,23,0.4,1.0
P5_S_DN,denovo,excl_iptm0,ame_self_clash_max,headline,size,matched,diff_ec,5,90,5,30,none,results/P5/scores_m3.csv;results/P5/t1_inputs.json;results/P5/t1_denovo_inputs.json,0.4,0.6,0.0,0.8,0.56,0.52,0.84,"n<10, not estimated",,,,5,23,0.0,0.8
P5_S_DN,denovo,excl_iptm0,ame_self_rmsd_min,comparator,size,matched,diff_ec,5,90,5,30,none,results/P5/scores_m3.csv;results/P5/t1_inputs.json;results/P5/t1_denovo_inputs.json,0.4,0.6,0.0,0.8,0.52,0.52,0.8,"n<10, not estimated",,,,5,23,0.0,0.8
P5_S_DN,denovo,excl_iptm0,ame_self_pass,comparator,size,matched,diff_ec,5,90,5,30,none,results/P5/scores_m3.csv;results/P5/t1_inputs.json;results/P5/t1_denovo_inputs.json,0.5,0.5,0.2,0.8,0.54,0.5,0.8,"n<10, not estimated",,,,5,23,0.2,0.8
P5_S_DN,denovo,excl_iptm0,chai_ptm_mean,comparator,size,matched,diff_ec,5,90,5,30,cognate_higher,results/P5/scores_m3.csv;results/P5/t1_inputs.json;results/P5/t1_denovo_inputs.json,0.6,0.6,0.2,1.0,0.6,0.52,0.84,"n<10, not estimated",,,,5,23,0.2,1.0
P5_S_DN,denovo,excl_iptm0,chai_plddt_mean,comparator,size,matched,diff_ec,5,90,5,30,cognate_higher,results/P5/scores_m3.csv;results/P5/t1_inputs.json;results/P5/t1_denovo_inputs.json,0.8,0.8,0.4,1.0,0.64,0.52,0.84,"n<10, not estimated",,,,5,23,0.4,1.0
P5_S_DN,denovo,excl_iptm0,ligand_heavy_atoms,baseline,size,matched,diff_ec,5,90,5,30,none,results/P5/scores_m3.csv;results/P5/t1_inputs.json;results/P5/t1_denovo_inputs.json,0.6,0.6,0.2,1.0,0.6,0.6,1.0,"n<10, not estimated",,,,5,23,0.2,1.0
P5_S_DN,denovo,excl_iptm0,ligand_formal_charge,baseline,size,matched,diff_ec,5,90,5,30,none,results/P5/scores_m3.csv;results/P5/t1_inputs.json;results/P5/t1_denovo_inputs.json,0.0,1.0,0.0,0.0,1.0,1.0,1.0,"n<10, not estimated",,,,5,23,0.0,0.0
P5_S_DN,denovo,excl_iptm0,chai_iptm_mean,headline,size,matched,decoy,9,90,9,30,cognate_higher,results/P5/scores_m3.csv;results/P5/t1_inputs.json;results/P5/t1_denovo_inputs.json,0.7778,0.7778,0.4444,1.0,0.7037,0.5185,0.9259,"n<10, not estimated",,,,9,23,0.4444,1.0
P5_S_DN,denovo,excl_iptm0,chai_aggregate_score_mean,headline,size,matched,decoy,9,90,9,30,cognate_higher,results/P5/scores_m3.csv;results/P5/t1_inputs.json;results/P5/t1_denovo_inputs.json,0.7778,0.7778,0.4444,1.0,0.7037,0.5185,0.9259,"n<10, not estimated",,,,9,23,0.4444,1.0
P5_S_DN,denovo,excl_iptm0,chai_per_chain_ptm_min_mean,headline,size,matched,decoy,9,90,9,30,cognate_higher,results/P5/scores_m3.csv;results/P5/t1_inputs.json;results/P5/t1_denovo_inputs.json,0.7778,0.7778,0.4444,1.0,0.8395,0.5679,1.0,"n<10, not estimated",,,,9,23,0.4444,1.0
P5_S_DN,denovo,excl_iptm0,ame_self_clash_max,headline,size,matched,decoy,9,90,9,30,none,results/P5/scores_m3.csv;results/P5/t1_inputs.json;results/P5/t1_denovo_inputs.json,0.3333,0.6667,0.0,0.6667,0.5062,0.5062,0.7407,"n<10, not estimated",,,,9,23,0.0,0.6667
P5_S_DN,denovo,excl_iptm0,ame_self_rmsd_min,comparator,size,matched,decoy,9,90,9,30,none,results/P5/scores_m3.csv;results/P5/t1_inputs.json;results/P5/t1_denovo_inputs.json,0.5556,0.5556,0.2222,0.8889,0.5802,0.5062,0.7654,"n<10, not estimated",,,,9,23,0.2222,0.8889
P5_S_DN,denovo,excl_iptm0,ame_self_pass,comparator,size,matched,decoy,9,90,9,30,none,results/P5/scores_m3.csv;results/P5/t1_inputs.json;results/P5/t1_denovo_inputs.json,0.6667,0.6667,0.4444,0.8889,0.6111,0.5062,0.8025,"n<10, not estimated",,,,9,23,0.4444,0.8889
P5_S_DN,denovo,excl_iptm0,chai_ptm_mean,comparator,size,matched,decoy,9,90,9,30,cognate_higher,results/P5/scores_m3.csv;results/P5/t1_inputs.json;results/P5/t1_denovo_inputs.json,0.8889,0.8889,0.6667,1.0,0.7284,0.5679,0.9383,"n<10, not estimated",,,,9,23,0.6667,1.0
P5_S_DN,denovo,excl_iptm0,chai_plddt_mean,comparator,size,matched,decoy,9,90,9,30,cognate_higher,results/P5/scores_m3.csv;results/P5/t1_inputs.json;results/P5/t1_denovo_inputs.json,0.8889,0.8889,0.6667,1.0,0.5802,0.5182,0.7284,"n<10, not estimated",,,,9,23,0.6667,1.0
P5_S_DN,denovo,excl_iptm0,ligand_heavy_atoms,baseline,size,matched,decoy,9,90,9,30,none,results/P5/scores_m3.csv;results/P5/t1_inputs.json;results/P5/t1_denovo_inputs.json,0.5556,0.5556,0.2222,0.8889,0.5556,0.5556,0.8889,"n<10, not estimated",,,,9,23,0.2222,0.8889
P5_S_DN,denovo,excl_iptm0,ligand_formal_charge,baseline,size,matched,decoy,9,90,9,30,none,results/P5/scores_m3.csv;results/P5/t1_inputs.json;results/P5/t1_denovo_inputs.json,0.1111,0.8889,0.0,0.3333,0.8889,0.6667,1.0,"n<10, not estimated",,,,9,23,0.0,0.3333
P5_S_DN,denovo,excl_iptm0,chai_iptm_mean,headline,size,matched,pooled_3,23,90,18,30,cognate_higher,results/P5/scores_m3.csv;results/P5/t1_inputs.json;results/P5/t1_denovo_inputs.json,0.8696,0.8696,0.72,1.0,,,,1,,,,16,23,0.7083,1.0
P5_S_DN,denovo,excl_iptm0,chai_aggregate_score_mean,headline,size,matched,pooled_3,23,90,18,30,cognate_higher,results/P5/scores_m3.csv;results/P5/t1_inputs.json;results/P5/t1_denovo_inputs.json,0.8696,0.8696,0.72,1.0,,,,1,,,,16,23,0.7083,1.0
P5_S_DN,denovo,excl_iptm0,chai_per_chain_ptm_min_mean,headline,size,matched,pooled_3,23,90,18,30,cognate_higher,results/P5/scores_m3.csv;results/P5/t1_inputs.json;results/P5/t1_denovo_inputs.json,0.8696,0.8696,0.72,1.0,,,,1,,,,16,23,0.7083,1.0
P5_S_DN,denovo,excl_iptm0,ame_self_clash_max,headline,size,matched,pooled_3,23,90,18,30,none,results/P5/scores_m3.csv;results/P5/t1_inputs.json;results/P5/t1_denovo_inputs.json,0.3478,0.6522,0.1304,0.5652,,,,0,,,,16,23,0.1304,0.6
P5_S_DN,denovo,excl_iptm0,ame_self_rmsd_min,comparator,size,matched,pooled_3,23,90,18,30,none,results/P5/scores_m3.csv;results/P5/t1_inputs.json;results/P5/t1_denovo_inputs.json,0.6087,0.6087,0.3636,0.8333,,,,0,,,,16,23,0.3636,0.8333
P5_S_DN,denovo,excl_iptm0,ame_self_pass,comparator,size,matched,pooled_3,23,90,18,30,none,results/P5/scores_m3.csv;results/P5/t1_inputs.json;results/P5/t1_denovo_inputs.json,0.5435,0.5435,0.4038,0.6905,,,,0,,,,16,23,0.4,0.6852
P5_S_DN,denovo,excl_iptm0,chai_ptm_mean,comparator,size,matched,pooled_3,23,90,18,30,cognate_higher,results/P5/scores_m3.csv;results/P5/t1_inputs.json;results/P5/t1_denovo_inputs.json,0.8696,0.8696,0.68,1.0,,,,1,,,,16,23,0.6667,1.0
P5_S_DN,denovo,excl_iptm0,chai_plddt_mean,comparator,size,matched,pooled_3,23,90,18,30,cognate_higher,results/P5/scores_m3.csv;results/P5/t1_inputs.json;results/P5/t1_denovo_inputs.json,0.8696,0.8696,0.7308,1.0,,,,1,,,,16,23,0.7273,1.0
P5_S_DN,denovo,excl_iptm0,ligand_heavy_atoms,baseline,size,matched,pooled_3,23,90,18,30,none,results/P5/scores_m3.csv;results/P5/t1_inputs.json;results/P5/t1_denovo_inputs.json,0.4783,0.5217,0.25,0.68,,,,0,,,,16,23,0.25,0.6667
P5_S_DN,denovo,excl_iptm0,ligand_formal_charge,baseline,size,matched,pooled_3,23,90,18,30,none,results/P5/scores_m3.csv;results/P5/t1_inputs.json;results/P5/t1_denovo_inputs.json,0.087,0.913,0.0,0.2,,,,1,,,,16,23,0.0,0.2
P5_S_DN,denovo,excl_iptm0,chai_iptm_mean,headline,size,larger,same_ec,5,90,5,30,cognate_higher,results/P5/scores_m3.csv;results/P5/t1_inputs.json;results/P5/t1_denovo_inputs.json,0.8,0.8,0.4,1.0,0.92,0.6,1.0,"n<10, not estimated",,,,4,23,0.25,1.0
P5_S_DN,denovo,excl_iptm0,chai_aggregate_score_mean,headline,size,larger,same_ec,5,90,5,30,cognate_higher,results/P5/scores_m3.csv;results/P5/t1_inputs.json;results/P5/t1_denovo_inputs.json,0.8,0.8,0.4,1.0,0.92,0.6,1.0,"n<10, not estimated",,,,4,23,0.25,1.0
P5_S_DN,denovo,excl_iptm0,chai_per_chain_ptm_min_mean,headline,size,larger,same_ec,5,90,5,30,cognate_higher,results/P5/scores_m3.csv;results/P5/t1_inputs.json;results/P5/t1_denovo_inputs.json,1.0,1.0,1.0,1.0,1.0,1.0,1.0,"n<10, not estimated",,,,4,23,1.0,1.0
P5_S_DN,denovo,excl_iptm0,ame_self_clash_max,headline,size,larger,same_ec,5,90,5,30,none,results/P5/scores_m3.csv;results/P5/t1_inputs.json;results/P5/t1_denovo_inputs.json,0.8,0.8,0.4,1.0,0.6,0.56,1.0,"n<10, not estimated",,,,4,23,0.5714,1.0
P5_S_DN,denovo,excl_iptm0,ame_self_rmsd_min,comparator,size,larger,same_ec,5,90,5,30,none,results/P5/scores_m3.csv;results/P5/t1_inputs.json;results/P5/t1_denovo_inputs.json,0.4,0.6,0.0,0.8,0.56,0.52,0.84,"n<10, not estimated",,,,4,23,0.0,0.75
P5_S_DN,denovo,excl_iptm0,ame_self_pass,comparator,size,larger,same_ec,5,90,5,30,none,results/P5/scores_m3.csv;results/P5/t1_inputs.json;results/P5/t1_denovo_inputs.json,0.7,0.7,0.5,0.9,0.6,0.5,0.8,"n<10, not estimated",,,,4,23,0.5,1.0
P5_S_DN,denovo,excl_iptm0,chai_ptm_mean,comparator,size,larger,same_ec,5,90,5,30,cognate_higher,results/P5/scores_m3.csv;results/P5/t1_inputs.json;results/P5/t1_denovo_inputs.json,1.0,1.0,1.0,1.0,1.0,1.0,1.0,"n<10, not estimated",,,,4,23,1.0,1.0
P5_S_DN,denovo,excl_iptm0,chai_plddt_mean,comparator,size,larger,same_ec,5,90,5,30,cognate_higher,results/P5/scores_m3.csv;results/P5/t1_inputs.json;results/P5/t1_denovo_inputs.json,1.0,1.0,1.0,1.0,0.84,0.76,1.0,"n<10, not estimated",,,,4,23,1.0,1.0
P5_S_DN,denovo,excl_iptm0,ligand_heavy_atoms,baseline,size,larger,same_ec,5,90,5,30,none,results/P5/scores_m3.csv;results/P5/t1_inputs.json;results/P5/t1_denovo_inputs.json,0.0,1.0,0.0,0.0,1.0,1.0,1.0,"n<10, not estimated",,,,4,23,0.0,0.0
P5_S_DN,denovo,excl_iptm0,ligand_formal_charge,baseline,size,larger,same_ec,5,90,5,30,none,results/P5/scores_m3.csv;results/P5/t1_inputs.json;results/P5/t1_denovo_inputs.json,0.0,1.0,0.0,0.0,1.0,1.0,1.0,"n<10, not estimated",,,,4,23,0.0,0.0
P5_S_DN,denovo,excl_iptm0,chai_iptm_mean,headline,size,larger,diff_ec,4,90,4,30,cognate_higher,results/P5/scores_m3.csv;results/P5/t1_inputs.json;results/P5/t1_denovo_inputs.json,1.0,1.0,1.0,1.0,0.9375,0.8125,1.0,"n<10, not estimated",,,,3,23,1.0,1.0
P5_S_DN,denovo,excl_iptm0,chai_aggregate_score_mean,headline,size,larger,diff_ec,4,90,4,30,cognate_higher,results/P5/scores_m3.csv;results/P5/t1_inputs.json;results/P5/t1_denovo_inputs.json,1.0,1.0,1.0,1.0,0.9375,0.8125,1.0,"n<10, not estimated",,,,3,23,1.0,1.0
P5_S_DN,denovo,excl_iptm0,chai_per_chain_ptm_min_mean,headline,size,larger,diff_ec,4,90,4,30,cognate_higher,results/P5/scores_m3.csv;results/P5/t1_inputs.json;results/P5/t1_denovo_inputs.json,1.0,1.0,1.0,1.0,1.0,1.0,1.0,"n<10, not estimated",,,,3,23,1.0,1.0
P5_S_DN,denovo,excl_iptm0,ame_self_clash_max,headline,size,larger,diff_ec,4,90,4,30,none,results/P5/scores_m3.csv;results/P5/t1_inputs.json;results/P5/t1_denovo_inputs.json,0.25,0.75,0.0,0.75,0.75,0.5,1.0,"n<10, not estimated",,,,3,23,0.0,1.0
P5_S_DN,denovo,excl_iptm0,ame_self_rmsd_min,comparator,size,larger,diff_ec,4,90,4,30,none,results/P5/scores_m3.csv;results/P5/t1_inputs.json;results/P5/t1_denovo_inputs.json,1.0,1.0,1.0,1.0,0.75,0.6875,1.0,"n<10, not estimated",,,,3,23,1.0,1.0
P5_S_DN,denovo,excl_iptm0,ame_self_pass,comparator,size,larger,diff_ec,4,90,4,30,none,results/P5/scores_m3.csv;results/P5/t1_inputs.json;results/P5/t1_denovo_inputs.json,0.5,0.5,0.5,0.5,0.5,0.5,0.5,"n<10, not estimated",,,,3,23,0.5,0.5
P5_S_DN,denovo,excl_iptm0,chai_ptm_mean,comparator,size,larger,diff_ec,4,90,4,30,cognate_higher,results/P5/scores_m3.csv;results/P5/t1_inputs.json;results/P5/t1_denovo_inputs.json,1.0,1.0,1.0,1.0,1.0,1.0,1.0,"n<10, not estimated",,,,3,23,1.0,1.0
P5_S_DN,denovo,excl_iptm0,chai_plddt_mean,comparator,size,larger,diff_ec,4,90,4,30,cognate_higher,results/P5/scores_m3.csv;results/P5/t1_inputs.json;results/P5/t1_denovo_inputs.json,0.75,0.75,0.25,1.0,0.6875,0.5,1.0,"n<10, not estimated",,,,3,23,0.0,1.0
P5_S_DN,denovo,excl_iptm0,ligand_heavy_atoms,baseline,size,larger,diff_ec,4,90,4,30,none,results/P5/scores_m3.csv;results/P5/t1_inputs.json;results/P5/t1_denovo_inputs.json,0.0,1.0,0.0,0.0,1.0,1.0,1.0,"n<10, not estimated",,,,3,23,0.0,0.0
P5_S_DN,denovo,excl_iptm0,ligand_formal_charge,baseline,size,larger,diff_ec,4,90,4,30,none,results/P5/scores_m3.csv;results/P5/t1_inputs.json;results/P5/t1_denovo_inputs.json,0.0,1.0,0.0,0.0,1.0,1.0,1.0,"n<10, not estimated",,,,3,23,0.0,0.0
P5_S_DN,denovo,excl_iptm0,chai_iptm_mean,headline,size,larger,decoy,7,90,7,30,cognate_higher,results/P5/scores_m3.csv;results/P5/t1_inputs.json;results/P5/t1_denovo_inputs.json,0.8571,0.8571,0.5714,1.0,0.9592,0.7551,1.0,"n<10, not estimated",,,,5,23,0.4,1.0
P5_S_DN,denovo,excl_iptm0,chai_aggregate_score_mean,headline,size,larger,decoy,7,90,7,30,cognate_higher,results/P5/scores_m3.csv;results/P5/t1_inputs.json;results/P5/t1_denovo_inputs.json,0.8571,0.8571,0.5714,1.0,0.9592,0.7551,1.0,"n<10, not estimated",,,,5,23,0.4,1.0
P5_S_DN,denovo,excl_iptm0,chai_per_chain_ptm_min_mean,headline,size,larger,decoy,7,90,7,30,cognate_higher,results/P5/scores_m3.csv;results/P5/t1_inputs.json;results/P5/t1_denovo_inputs.json,0.8571,0.8571,0.5714,1.0,0.9796,0.8163,1.0,"n<10, not estimated",,,,5,23,0.4,1.0
P5_S_DN,denovo,excl_iptm0,ame_self_clash_max,headline,size,larger,decoy,7,90,7,30,none,results/P5/scores_m3.csv;results/P5/t1_inputs.json;results/P5/t1_denovo_inputs.json,0.2857,0.7143,0.0,0.5714,0.551,0.5102,0.8776,"n<10, not estimated",,,,5,23,0.0,0.8
P5_S_DN,denovo,excl_iptm0,ame_self_rmsd_min,comparator,size,larger,decoy,7,90,7,30,none,results/P5/scores_m3.csv;results/P5/t1_inputs.json;results/P5/t1_denovo_inputs.json,0.4286,0.5714,0.1429,0.8571,0.5102,0.5102,0.7347,"n<10, not estimated",,,,5,23,0.0,0.7143
P5_S_DN,denovo,excl_iptm0,ame_self_pass,comparator,size,larger,decoy,7,90,7,30,none,results/P5/scores_m3.csv;results/P5/t1_inputs.json;results/P5/t1_denovo_inputs.json,0.5,0.5,0.5,0.5,0.5,0.5,0.5,"n<10, not estimated",,,,5,23,0.5,0.5
P5_S_DN,denovo,excl_iptm0,chai_ptm_mean,comparator,size,larger,decoy,7,90,7,30,cognate_higher,results/P5/scores_m3.csv;results/P5/t1_inputs.json;results/P5/t1_denovo_inputs.json,0.8571,0.8571,0.5714,1.0,0.8571,0.5714,1.0,"n<10, not estimated",,,,5,23,0.4,1.0
P5_S_DN,denovo,excl_iptm0,chai_plddt_mean,comparator,size,larger,decoy,7,90,7,30,cognate_higher,results/P5/scores_m3.csv;results/P5/t1_inputs.json;results/P5/t1_denovo_inputs.json,0.8571,0.8571,0.5714,1.0,0.6327,0.5102,0.8571,"n<10, not estimated",,,,5,23,0.4,1.0
P5_S_DN,denovo,excl_iptm0,ligand_heavy_atoms,baseline,size,larger,decoy,7,90,7,30,none,results/P5/scores_m3.csv;results/P5/t1_inputs.json;results/P5/t1_denovo_inputs.json,0.0,1.0,0.0,0.0,1.0,1.0,1.0,"n<10, not estimated",,,,5,23,0.0,0.0
P5_S_DN,denovo,excl_iptm0,ligand_formal_charge,baseline,size,larger,decoy,7,90,7,30,none,results/P5/scores_m3.csv;results/P5/t1_inputs.json;results/P5/t1_denovo_inputs.json,0.0,1.0,0.0,0.0,1.0,1.0,1.0,"n<10, not estimated",,,,5,23,0.0,0.0
P5_S_DN,denovo,excl_iptm0,chai_iptm_mean,headline,size,larger,pooled_3,16,90,12,30,cognate_higher,results/P5/scores_m3.csv;results/P5/t1_inputs.json;results/P5/t1_denovo_inputs.json,0.875,0.875,0.6667,1.0,,,,1,,,,8,23,0.5556,1.0
P5_S_DN,denovo,excl_iptm0,chai_aggregate_score_mean,headline,size,larger,pooled_3,16,90,12,30,cognate_higher,results/P5/scores_m3.csv;results/P5/t1_inputs.json;results/P5/t1_denovo_inputs.json,0.875,0.875,0.6667,1.0,,,,1,,,,8,23,0.5556,1.0
P5_S_DN,denovo,excl_iptm0,chai_per_chain_ptm_min_mean,headline,size,larger,pooled_3,16,90,12,30,cognate_higher,results/P5/scores_m3.csv;results/P5/t1_inputs.json;results/P5/t1_denovo_inputs.json,0.9375,0.9375,0.7857,1.0,,,,1,,,,8,23,0.7,1.0
P5_S_DN,denovo,excl_iptm0,ame_self_clash_max,headline,size,larger,pooled_3,16,90,12,30,none,results/P5/scores_m3.csv;results/P5/t1_inputs.json;results/P5/t1_denovo_inputs.json,0.4375,0.5625,0.1875,0.7143,,,,0,,,,8,23,0.2143,0.8889
P5_S_DN,denovo,excl_iptm0,ame_self_rmsd_min,comparator,size,larger,pooled_3,16,90,12,30,none,results/P5/scores_m3.csv;results/P5/t1_inputs.json;results/P5/t1_denovo_inputs.json,0.5625,0.5625,0.3125,0.8,,,,0,,,,8,23,0.25,0.7619
P5_S_DN,denovo,excl_iptm0,ame_self_pass,comparator,size,larger,pooled_3,16,90,12,30,none,results/P5/scores_m3.csv;results/P5/t1_inputs.json;results/P5/t1_denovo_inputs.json,0.5625,0.5625,0.5,0.6667,,,,0,,,,8,23,0.5,0.7222
P5_S_DN,denovo,excl_iptm0,chai_ptm_mean,comparator,size,larger,pooled_3,16,90,12,30,cognate_higher,results/P5/scores_m3.csv;results/P5/t1_inputs.json;results/P5/t1_denovo_inputs.json,0.9375,0.9375,0.7857,1.0,,,,1,,,,8,23,0.7,1.0
P5_S_DN,denovo,excl_iptm0,chai_plddt_mean,comparator,size,larger,pooled_3,16,90,12,30,cognate_higher,results/P5/scores_m3.csv;results/P5/t1_inputs.json;results/P5/t1_denovo_inputs.json,0.875,0.875,0.6667,1.0,,,,1,,,,8,23,0.5556,1.0
P5_S_DN,denovo,excl_iptm0,ligand_heavy_atoms,baseline,size,larger,pooled_3,16,90,12,30,none,results/P5/scores_m3.csv;results/P5/t1_inputs.json;results/P5/t1_denovo_inputs.json,0.0,1.0,0.0,0.0,,,,1,,,,8,23,0.0,0.0
P5_S_DN,denovo,excl_iptm0,ligand_formal_charge,baseline,size,larger,pooled_3,16,90,12,30,none,results/P5/scores_m3.csv;results/P5/t1_inputs.json;results/P5/t1_denovo_inputs.json,0.0,1.0,0.0,0.0,,,,1,,,,8,23,0.0,0.0
P5_S_DN,denovo,excl_iptm0,chai_iptm_mean,headline,charge,q_same,same_ec,2,90,2,30,cognate_higher,results/P5/scores_m3.csv;results/P5/t1_inputs.json;results/P5/t1_denovo_inputs.json,1.0,1.0,1.0,1.0,,,,"n<10, not estimated",,,,1,23,1.0,1.0
P5_S_DN,denovo,excl_iptm0,chai_aggregate_score_mean,headline,charge,q_same,same_ec,2,90,2,30,cognate_higher,results/P5/scores_m3.csv;results/P5/t1_inputs.json;results/P5/t1_denovo_inputs.json,1.0,1.0,1.0,1.0,,,,"n<10, not estimated",,,,1,23,1.0,1.0
P5_S_DN,denovo,excl_iptm0,chai_per_chain_ptm_min_mean,headline,charge,q_same,same_ec,2,90,2,30,cognate_higher,results/P5/scores_m3.csv;results/P5/t1_inputs.json;results/P5/t1_denovo_inputs.json,0.5,0.5,0.0,1.0,,,,"n<10, not estimated",,,,1,23,0.5,0.5
P5_S_DN,denovo,excl_iptm0,ame_self_clash_max,headline,charge,q_same,same_ec,2,90,2,30,none,results/P5/scores_m3.csv;results/P5/t1_inputs.json;results/P5/t1_denovo_inputs.json,0.0,1.0,0.0,0.0,,,,"n<10, not estimated",,,,1,23,0.0,0.0
P5_S_DN,denovo,excl_iptm0,ame_self_rmsd_min,comparator,charge,q_same,same_ec,2,90,2,30,none,results/P5/scores_m3.csv;results/P5/t1_inputs.json;results/P5/t1_denovo_inputs.json,0.0,1.0,0.0,0.0,,,,"n<10, not estimated",,,,1,23,0.0,0.0
P5_S_DN,denovo,excl_iptm0,ame_self_pass,comparator,charge,q_same,same_ec,2,90,2,30,none,results/P5/scores_m3.csv;results/P5/t1_inputs.json;results/P5/t1_denovo_inputs.json,0.75,0.75,0.5,1.0,,,,"n<10, not estimated",,,,1,23,0.75,0.75
P5_S_DN,denovo,excl_iptm0,chai_ptm_mean,comparator,charge,q_same,same_ec,2,90,2,30,cognate_higher,results/P5/scores_m3.csv;results/P5/t1_inputs.json;results/P5/t1_denovo_inputs.json,1.0,1.0,1.0,1.0,,,,"n<10, not estimated",,,,1,23,1.0,1.0
P5_S_DN,denovo,excl_iptm0,chai_plddt_mean,comparator,charge,q_same,same_ec,2,90,2,30,cognate_higher,results/P5/scores_m3.csv;results/P5/t1_inputs.json;results/P5/t1_denovo_inputs.json,1.0,1.0,1.0,1.0,,,,"n<10, not estimated",,,,1,23,1.0,1.0
P5_S_DN,denovo,excl_iptm0,ligand_heavy_atoms,baseline,charge,q_same,same_ec,2,90,2,30,none,results/P5/scores_m3.csv;results/P5/t1_inputs.json;results/P5/t1_denovo_inputs.json,1.0,1.0,1.0,1.0,,,,"n<10, not estimated",,,,1,23,1.0,1.0
P5_S_DN,denovo,excl_iptm0,ligand_formal_charge,baseline,charge,q_same,same_ec,2,90,2,30,none,results/P5/scores_m3.csv;results/P5/t1_inputs.json;results/P5/t1_denovo_inputs.json,0.5,0.5,0.5,0.5,,,,"n<10, not estimated",,,,1,23,0.5,0.5
P5_S_DN,denovo,excl_iptm0,chai_iptm_mean,headline,charge,q_same,diff_ec,2,90,2,30,cognate_higher,results/P5/scores_m3.csv;results/P5/t1_inputs.json;results/P5/t1_denovo_inputs.json,1.0,1.0,1.0,1.0,,,,"n<10, not estimated",,,,2,23,1.0,1.0
P5_S_DN,denovo,excl_iptm0,chai_aggregate_score_mean,headline,charge,q_same,diff_ec,2,90,2,30,cognate_higher,results/P5/scores_m3.csv;results/P5/t1_inputs.json;results/P5/t1_denovo_inputs.json,1.0,1.0,1.0,1.0,,,,"n<10, not estimated",,,,2,23,1.0,1.0
P5_S_DN,denovo,excl_iptm0,chai_per_chain_ptm_min_mean,headline,charge,q_same,diff_ec,2,90,2,30,cognate_higher,results/P5/scores_m3.csv;results/P5/t1_inputs.json;results/P5/t1_denovo_inputs.json,0.5,0.5,0.0,1.0,,,,"n<10, not estimated",,,,2,23,0.0,1.0
P5_S_DN,denovo,excl_iptm0,ame_self_clash_max,headline,charge,q_same,diff_ec,2,90,2,30,none,results/P5/scores_m3.csv;results/P5/t1_inputs.json;results/P5/t1_denovo_inputs.json,0.5,0.5,0.0,1.0,,,,"n<10, not estimated",,,,2,23,0.0,1.0
P5_S_DN,denovo,excl_iptm0,ame_self_rmsd_min,comparator,charge,q_same,diff_ec,2,90,2,30,none,results/P5/scores_m3.csv;results/P5/t1_inputs.json;results/P5/t1_denovo_inputs.json,0.5,0.5,0.0,1.0,,,,"n<10, not estimated",,,,2,23,0.0,1.0
P5_S_DN,denovo,excl_iptm0,ame_self_pass,comparator,charge,q_same,diff_ec,2,90,2,30,none,results/P5/scores_m3.csv;results/P5/t1_inputs.json;results/P5/t1_denovo_inputs.json,0.75,0.75,0.5,1.0,,,,"n<10, not estimated",,,,2,23,0.5,1.0
P5_S_DN,denovo,excl_iptm0,chai_ptm_mean,comparator,charge,q_same,diff_ec,2,90,2,30,cognate_higher,results/P5/scores_m3.csv;results/P5/t1_inputs.json;results/P5/t1_denovo_inputs.json,0.5,0.5,0.0,1.0,,,,"n<10, not estimated",,,,2,23,0.0,1.0
P5_S_DN,denovo,excl_iptm0,chai_plddt_mean,comparator,charge,q_same,diff_ec,2,90,2,30,cognate_higher,results/P5/scores_m3.csv;results/P5/t1_inputs.json;results/P5/t1_denovo_inputs.json,0.5,0.5,0.0,1.0,,,,"n<10, not estimated",,,,2,23,0.0,1.0
P5_S_DN,denovo,excl_iptm0,ligand_heavy_atoms,baseline,charge,q_same,diff_ec,2,90,2,30,none,results/P5/scores_m3.csv;results/P5/t1_inputs.json;results/P5/t1_denovo_inputs.json,1.0,1.0,1.0,1.0,,,,"n<10, not estimated",,,,2,23,1.0,1.0
P5_S_DN,denovo,excl_iptm0,ligand_formal_charge,baseline,charge,q_same,diff_ec,2,90,2,30,none,results/P5/scores_m3.csv;results/P5/t1_inputs.json;results/P5/t1_denovo_inputs.json,0.5,0.5,0.5,0.5,,,,"n<10, not estimated",,,,2,23,0.5,0.5
P5_S_DN,denovo,excl_iptm0,chai_iptm_mean,headline,charge,q_same,decoy,2,90,2,30,cognate_higher,results/P5/scores_m3.csv;results/P5/t1_inputs.json;results/P5/t1_denovo_inputs.json,1.0,1.0,1.0,1.0,,,,"n<10, not estimated",,,,1,23,1.0,1.0
P5_S_DN,denovo,excl_iptm0,chai_aggregate_score_mean,headline,charge,q_same,decoy,2,90,2,30,cognate_higher,results/P5/scores_m3.csv;results/P5/t1_inputs.json;results/P5/t1_denovo_inputs.json,1.0,1.0,1.0,1.0,,,,"n<10, not estimated",,,,1,23,1.0,1.0
P5_S_DN,denovo,excl_iptm0,chai_per_chain_ptm_min_mean,headline,charge,q_same,decoy,2,90,2,30,cognate_higher,results/P5/scores_m3.csv;results/P5/t1_inputs.json;results/P5/t1_denovo_inputs.json,1.0,1.0,1.0,1.0,,,,"n<10, not estimated",,,,1,23,1.0,1.0
P5_S_DN,denovo,excl_iptm0,ame_self_clash_max,headline,charge,q_same,decoy,2,90,2,30,none,results/P5/scores_m3.csv;results/P5/t1_inputs.json;results/P5/t1_denovo_inputs.json,0.0,1.0,0.0,0.0,,,,"n<10, not estimated",,,,1,23,0.0,0.0
P5_S_DN,denovo,excl_iptm0,ame_self_rmsd_min,comparator,charge,q_same,decoy,2,90,2,30,none,results/P5/scores_m3.csv;results/P5/t1_inputs.json;results/P5/t1_denovo_inputs.json,0.5,0.5,0.0,1.0,,,,"n<10, not estimated",,,,1,23,0.5,0.5
P5_S_DN,denovo,excl_iptm0,ame_self_pass,comparator,charge,q_same,decoy,2,90,2,30,none,results/P5/scores_m3.csv;results/P5/t1_inputs.json;results/P5/t1_denovo_inputs.json,0.75,0.75,0.5,1.0,,,,"n<10, not estimated",,,,1,23,0.75,0.75
P5_S_DN,denovo,excl_iptm0,chai_ptm_mean,comparator,charge,q_same,decoy,2,90,2,30,cognate_higher,results/P5/scores_m3.csv;results/P5/t1_inputs.json;results/P5/t1_denovo_inputs.json,1.0,1.0,1.0,1.0,,,,"n<10, not estimated",,,,1,23,1.0,1.0
P5_S_DN,denovo,excl_iptm0,chai_plddt_mean,comparator,charge,q_same,decoy,2,90,2,30,cognate_higher,results/P5/scores_m3.csv;results/P5/t1_inputs.json;results/P5/t1_denovo_inputs.json,1.0,1.0,1.0,1.0,,,,"n<10, not estimated",,,,1,23,1.0,1.0
P5_S_DN,denovo,excl_iptm0,ligand_heavy_atoms,baseline,charge,q_same,decoy,2,90,2,30,none,results/P5/scores_m3.csv;results/P5/t1_inputs.json;results/P5/t1_denovo_inputs.json,1.0,1.0,1.0,1.0,,,,"n<10, not estimated",,,,1,23,1.0,1.0
P5_S_DN,denovo,excl_iptm0,ligand_formal_charge,baseline,charge,q_same,decoy,2,90,2,30,none,results/P5/scores_m3.csv;results/P5/t1_inputs.json;results/P5/t1_denovo_inputs.json,0.5,0.5,0.5,0.5,,,,"n<10, not estimated",,,,1,23,0.5,0.5
P5_S_DN,denovo,excl_iptm0,chai_iptm_mean,headline,charge,q_same,pooled_3,6,90,4,30,cognate_higher,results/P5/scores_m3.csv;results/P5/t1_inputs.json;results/P5/t1_denovo_inputs.json,1.0,1.0,1.0,1.0,,,,"n<10, not estimated",,,,2,23,1.0,1.0
P5_S_DN,denovo,excl_iptm0,chai_aggregate_score_mean,headline,charge,q_same,pooled_3,6,90,4,30,cognate_higher,results/P5/scores_m3.csv;results/P5/t1_inputs.json;results/P5/t1_denovo_inputs.json,1.0,1.0,1.0,1.0,,,,"n<10, not estimated",,,,2,23,1.0,1.0
P5_S_DN,denovo,excl_iptm0,chai_per_chain_ptm_min_mean,headline,charge,q_same,pooled_3,6,90,4,30,cognate_higher,results/P5/scores_m3.csv;results/P5/t1_inputs.json;results/P5/t1_denovo_inputs.json,0.6667,0.6667,0.0,1.0,,,,"n<10, not estimated",,,,2,23,0.0,0.8
P5_S_DN,denovo,excl_iptm0,ame_self_clash_max,headline,charge,q_same,pooled_3,6,90,4,30,none,results/P5/scores_m3.csv;results/P5/t1_inputs.json;results/P5/t1_denovo_inputs.json,0.1667,0.8333,0.0,0.75,,,,"n<10, not estimated",,,,2,23,0.0,1.0
P5_S_DN,denovo,excl_iptm0,ame_self_rmsd_min,comparator,charge,q_same,pooled_3,6,90,4,30,none,results/P5/scores_m3.csv;results/P5/t1_inputs.json;results/P5/t1_denovo_inputs.json,0.3333,0.6667,0.0,1.0,,,,"n<10, not estimated",,,,2,23,0.2,1.0
P5_S_DN,denovo,excl_iptm0,ame_self_pass,comparator,charge,q_same,pooled_3,6,90,4,30,none,results/P5/scores_m3.csv;results/P5/t1_inputs.json;results/P5/t1_denovo_inputs.json,0.75,0.75,0.5,0.95,,,,"n<10, not estimated",,,,2,23,0.5,0.8
P5_S_DN,denovo,excl_iptm0,chai_ptm_mean,comparator,charge,q_same,pooled_3,6,90,4,30,cognate_higher,results/P5/scores_m3.csv;results/P5/t1_inputs.json;results/P5/t1_denovo_inputs.json,0.8333,0.8333,0.25,1.0,,,,"n<10, not estimated",,,,2,23,0.0,1.0
P5_S_DN,denovo,excl_iptm0,chai_plddt_mean,comparator,charge,q_same,pooled_3,6,90,4,30,cognate_higher,results/P5/scores_m3.csv;results/P5/t1_inputs.json;results/P5/t1_denovo_inputs.json,0.8333,0.8333,0.25,1.0,,,,"n<10, not estimated",,,,2,23,0.0,1.0
P5_S_DN,denovo,excl_iptm0,ligand_heavy_atoms,baseline,charge,q_same,pooled_3,6,90,4,30,none,results/P5/scores_m3.csv;results/P5/t1_inputs.json;results/P5/t1_denovo_inputs.json,1.0,1.0,1.0,1.0,,,,"n<10, not estimated",,,,2,23,1.0,1.0
P5_S_DN,denovo,excl_iptm0,ligand_formal_charge,baseline,charge,q_same,pooled_3,6,90,4,30,none,results/P5/scores_m3.csv;results/P5/t1_inputs.json;results/P5/t1_denovo_inputs.json,0.5,0.5,0.5,0.5,,,,"n<10, not estimated",,,,2,23,0.5,0.5
P5_S_DN,denovo,excl_iptm0,chai_iptm_mean,headline,charge,q_diff,same_ec,27,90,27,30,cognate_higher,results/P5/scores_m3.csv;results/P5/t1_inputs.json;results/P5/t1_denovo_inputs.json,0.9259,0.9259,0.8148,1.0,0.8889,0.8052,0.9616,1,,,,23,23,0.8148,1.0
P5_S_DN,denovo,excl_iptm0,chai_aggregate_score_mean,headline,charge,q_diff,same_ec,27,90,27,30,cognate_higher,results/P5/scores_m3.csv;results/P5/t1_inputs.json;results/P5/t1_denovo_inputs.json,0.9259,0.9259,0.8148,1.0,0.8903,0.808,0.9616,1,,,,23,23,0.8148,1.0
P5_S_DN,denovo,excl_iptm0,chai_per_chain_ptm_min_mean,headline,charge,q_diff,same_ec,27,90,27,30,cognate_higher,results/P5/scores_m3.csv;results/P5/t1_inputs.json;results/P5/t1_denovo_inputs.json,0.9259,0.9259,0.8148,1.0,0.8546,0.7366,0.9561,1,,,,23,23,0.8387,1.0
P5_S_DN,denovo,excl_iptm0,ame_self_clash_max,headline,charge,q_diff,same_ec,27,90,27,30,none,results/P5/scores_m3.csv;results/P5/t1_inputs.json;results/P5/t1_denovo_inputs.json,0.3704,0.6296,0.1852,0.5556,0.6667,0.5295,0.7984,0,,,,23,23,0.2,0.5652
P5_S_DN,denovo,excl_iptm0,ame_self_rmsd_min,comparator,charge,q_diff,same_ec,27,90,27,30,none,results/P5/scores_m3.csv;results/P5/t1_inputs.json;results/P5/t1_denovo_inputs.json,0.5926,0.5926,0.4074,0.7778,0.5048,0.5007,0.572,0,,,,23,23,0.4074,0.7742
P5_S_DN,denovo,excl_iptm0,ame_self_pass,comparator,charge,q_diff,same_ec,27,90,27,30,none,results/P5/scores_m3.csv;results/P5/t1_inputs.json;results/P5/t1_denovo_inputs.json,0.4815,0.5185,0.3889,0.5741,0.5185,0.5014,0.5816,0,,,,23,23,0.3871,0.5806
P5_S_DN,denovo,excl_iptm0,chai_ptm_mean,comparator,charge,q_diff,same_ec,27,90,27,30,cognate_higher,results/P5/scores_m3.csv;results/P5/t1_inputs.json;results/P5/t1_denovo_inputs.json,0.8519,0.8519,0.7037,0.963,0.7874,0.6735,0.8985,1,,,,23,23,0.6957,0.9677
P5_S_DN,denovo,excl_iptm0,chai_plddt_mean,comparator,charge,q_diff,same_ec,27,90,27,30,cognate_higher,results/P5/scores_m3.csv;results/P5/t1_inputs.json;results/P5/t1_denovo_inputs.json,0.8889,0.8889,0.7778,1.0,0.6269,0.5789,0.7106,1,,,,23,23,0.7391,1.0
P5_S_DN,denovo,excl_iptm0,ligand_heavy_atoms,baseline,charge,q_diff,same_ec,27,90,27,30,none,results/P5/scores_m3.csv;results/P5/t1_inputs.json;results/P5/t1_denovo_inputs.json,0.5926,0.5926,0.4074,0.7778,0.5926,0.5185,0.7778,0,,,,23,23,0.4074,0.7778
P5_S_DN,denovo,excl_iptm0,ligand_formal_charge,baseline,charge,q_diff,same_ec,27,90,27,30,none,results/P5/scores_m3.csv;results/P5/t1_inputs.json;results/P5/t1_denovo_inputs.json,0.1111,0.8889,0.0,0.2222,0.8889,0.7778,1.0,1,,,,23,23,0.0,0.2609
P5_S_DN,denovo,excl_iptm0,chai_iptm_mean,headline,charge,q_diff,diff_ec,26,90,26,30,cognate_higher,results/P5/scores_m3.csv;results/P5/t1_inputs.json;results/P5/t1_denovo_inputs.json,0.9615,0.9615,0.8846,1.0,0.9098,0.8358,0.9704,1,,,,20,23,0.85,1.0
P5_S_DN,denovo,excl_iptm0,chai_aggregate_score_mean,headline,charge,q_diff,diff_ec,26,90,26,30,cognate_higher,results/P5/scores_m3.csv;results/P5/t1_inputs.json;results/P5/t1_denovo_inputs.json,0.9615,0.9615,0.8846,1.0,0.8994,0.8195,0.9675,1,,,,20,23,0.85,1.0
P5_S_DN,denovo,excl_iptm0,chai_per_chain_ptm_min_mean,headline,charge,q_diff,diff_ec,26,90,26,30,cognate_higher,results/P5/scores_m3.csv;results/P5/t1_inputs.json;results/P5/t1_denovo_inputs.json,0.9615,0.9615,0.8846,1.0,0.9689,0.9024,1.0,1,,,,20,23,0.85,1.0
P5_S_DN,denovo,excl_iptm0,ame_self_clash_max,headline,charge,q_diff,diff_ec,26,90,26,30,none,results/P5/scores_m3.csv;results/P5/t1_inputs.json;results/P5/t1_denovo_inputs.json,0.1923,0.8077,0.0385,0.3462,0.7293,0.642,0.824,1,,,,20,23,0.05,0.4
P5_S_DN,denovo,excl_iptm0,ame_self_rmsd_min,comparator,charge,q_diff,diff_ec,26,90,26,30,none,results/P5/scores_m3.csv;results/P5/t1_inputs.json;results/P5/t1_denovo_inputs.json,0.4615,0.5385,0.2692,0.6538,0.5089,0.5015,0.571,0,,,,20,23,0.2,0.6316
P5_S_DN,denovo,excl_iptm0,ame_self_pass,comparator,charge,q_diff,diff_ec,26,90,26,30,none,results/P5/scores_m3.csv;results/P5/t1_inputs.json;results/P5/t1_denovo_inputs.json,0.4808,0.5192,0.4038,0.5577,0.503,0.5,0.5355,0,,,,20,23,0.4038,0.575
P5_S_DN,denovo,excl_iptm0,chai_ptm_mean,comparator,charge,q_diff,diff_ec,26,90,26,30,cognate_higher,results/P5/scores_m3.csv;results/P5/t1_inputs.json;results/P5/t1_denovo_inputs.json,0.9231,0.9231,0.8077,1.0,0.7929,0.6953,0.8994,1,,,,20,23,0.8,1.0
P5_S_DN,denovo,excl_iptm0,chai_plddt_mean,comparator,charge,q_diff,diff_ec,26,90,26,30,cognate_higher,results/P5/scores_m3.csv;results/P5/t1_inputs.json;results/P5/t1_denovo_inputs.json,0.8077,0.8077,0.6538,0.9615,0.5769,0.5385,0.6405,1,,,,20,23,0.6875,0.95
P5_S_DN,denovo,excl_iptm0,ligand_heavy_atoms,baseline,charge,q_diff,diff_ec,26,90,26,30,none,results/P5/scores_m3.csv;results/P5/t1_inputs.json;results/P5/t1_denovo_inputs.json,0.7692,0.7692,0.6154,0.9231,0.7692,0.6154,0.9231,1,,,,20,23,0.6154,0.9
P5_S_DN,denovo,excl_iptm0,ligand_formal_charge,baseline,charge,q_diff,diff_ec,26,90,26,30,none,results/P5/scores_m3.csv;results/P5/t1_inputs.json;results/P5/t1_denovo_inputs.json,0.0385,0.9615,0.0,0.1154,0.9615,0.8846,1.0,1,,,,20,23,0.0,0.0789
P5_S_DN,denovo,excl_iptm0,chai_iptm_mean,headline,charge,q_diff,decoy,28,90,28,30,cognate_higher,results/P5/scores_m3.csv;results/P5/t1_inputs.json;results/P5/t1_denovo_inputs.json,0.8571,0.8571,0.7143,0.9643,0.8686,0.7602,0.949,1,,,,23,23,0.6957,0.9697
P5_S_DN,denovo,excl_iptm0,chai_aggregate_score_mean,headline,charge,q_diff,decoy,28,90,28,30,cognate_higher,results/P5/scores_m3.csv;results/P5/t1_inputs.json;results/P5/t1_denovo_inputs.json,0.8571,0.8571,0.7143,0.9643,0.8622,0.7538,0.9477,1,,,,23,23,0.6957,0.9697
P5_S_DN,denovo,excl_iptm0,chai_per_chain_ptm_min_mean,headline,charge,q_diff,decoy,28,90,28,30,cognate_higher,results/P5/scores_m3.csv;results/P5/t1_inputs.json;results/P5/t1_denovo_inputs.json,0.8571,0.8571,0.7143,0.9643,0.9094,0.8074,0.9821,1,,,,23,23,0.6957,0.9697
P5_S_DN,denovo,excl_iptm0,ame_self_clash_max,headline,charge,q_diff,decoy,28,90,28,30,none,results/P5/scores_m3.csv;results/P5/t1_inputs.json;results/P5/t1_denovo_inputs.json,0.25,0.75,0.1071,0.4286,0.5855,0.5051,0.7258,1,,,,23,23,0.0909,0.4783
P5_S_DN,denovo,excl_iptm0,ame_self_rmsd_min,comparator,charge,q_diff,decoy,28,90,28,30,none,results/P5/scores_m3.csv;results/P5/t1_inputs.json;results/P5/t1_denovo_inputs.json,0.4643,0.5357,0.2857,0.6429,0.5421,0.5026,0.5969,0,,,,23,23,0.303,0.6522
P5_S_DN,denovo,excl_iptm0,ame_self_pass,comparator,charge,q_diff,decoy,28,90,28,30,none,results/P5/scores_m3.csv;results/P5/t1_inputs.json;results/P5/t1_denovo_inputs.json,0.5357,0.5357,0.4464,0.625,0.5128,0.5,0.5555,0,,,,23,23,0.4464,0.6087
P5_S_DN,denovo,excl_iptm0,chai_ptm_mean,comparator,charge,q_diff,decoy,28,90,28,30,cognate_higher,results/P5/scores_m3.csv;results/P5/t1_inputs.json;results/P5/t1_denovo_inputs.json,0.8214,0.8214,0.6786,0.9643,0.7589,0.6505,0.8686,1,,,,23,23,0.6786,0.9394
P5_S_DN,denovo,excl_iptm0,chai_plddt_mean,comparator,charge,q_diff,decoy,28,90,28,30,cognate_higher,results/P5/scores_m3.csv;results/P5/t1_inputs.json;results/P5/t1_denovo_inputs.json,0.8571,0.8571,0.7143,0.9643,0.5982,0.5612,0.6582,1,,,,23,23,0.6957,0.9697
P5_S_DN,denovo,excl_iptm0,ligand_heavy_atoms,baseline,charge,q_diff,decoy,28,90,28,30,none,results/P5/scores_m3.csv;results/P5/t1_inputs.json;results/P5/t1_denovo_inputs.json,0.6071,0.6071,0.4286,0.7857,0.6071,0.5,0.7857,0,,,,23,23,0.4348,0.8261
P5_S_DN,denovo,excl_iptm0,ligand_formal_charge,baseline,charge,q_diff,decoy,28,90,28,30,none,results/P5/scores_m3.csv;results/P5/t1_inputs.json;results/P5/t1_denovo_inputs.json,0.0357,0.9643,0.0,0.1071,0.9643,0.8929,1.0,1,,,,23,23,0.0,0.1304
P5_S_DN,denovo,excl_iptm0,chai_iptm_mean,headline,charge,q_diff,pooled_3,81,90,29,30,cognate_higher,results/P5/scores_m3.csv;results/P5/t1_inputs.json;results/P5/t1_denovo_inputs.json,0.9136,0.9136,0.8271,0.9767,,,,1,,,,23,23,0.806,0.9851
P5_S_DN,denovo,excl_iptm0,chai_aggregate_score_mean,headline,charge,q_diff,pooled_3,81,90,29,30,cognate_higher,results/P5/scores_m3.csv;results/P5/t1_inputs.json;results/P5/t1_denovo_inputs.json,0.9136,0.9136,0.8271,0.9767,,,,1,,,,23,23,0.806,0.9851
P5_S_DN,denovo,excl_iptm0,chai_per_chain_ptm_min_mean,headline,charge,q_diff,pooled_3,81,90,29,30,cognate_higher,results/P5/scores_m3.csv;results/P5/t1_inputs.json;results/P5/t1_denovo_inputs.json,0.9136,0.9136,0.8415,0.9756,,,,1,,,,23,23,0.8382,0.9697
P5_S_DN,denovo,excl_iptm0,ame_self_clash_max,headline,charge,q_diff,pooled_3,81,90,29,30,none,results/P5/scores_m3.csv;results/P5/t1_inputs.json;results/P5/t1_denovo_inputs.json,0.2716,0.7284,0.1646,0.3875,,,,1,,,,23,23,0.1579,0.4375
P5_S_DN,denovo,excl_iptm0,ame_self_rmsd_min,comparator,charge,q_diff,pooled_3,81,90,29,30,none,results/P5/scores_m3.csv;results/P5/t1_inputs.json;results/P5/t1_denovo_inputs.json,0.5062,0.5062,0.35,0.6538,,,,0,,,,23,23,0.3485,0.6463
P5_S_DN,denovo,excl_iptm0,ame_self_pass,comparator,charge,q_diff,pooled_3,81,90,29,30,none,results/P5/scores_m3.csv;results/P5/t1_inputs.json;results/P5/t1_denovo_inputs.json,0.5,0.5,0.4353,0.5602,,,,0,,,,23,23,0.4321,0.5657
P5_S_DN,denovo,excl_iptm0,chai_ptm_mean,comparator,charge,q_diff,pooled_3,81,90,29,30,cognate_higher,results/P5/scores_m3.csv;results/P5/t1_inputs.json;results/P5/t1_denovo_inputs.json,0.8642,0.8642,0.7407,0.963,,,,1,,,,23,23,0.7308,0.957
P5_S_DN,denovo,excl_iptm0,chai_plddt_mean,comparator,charge,q_diff,pooled_3,81,90,29,30,cognate_higher,results/P5/scores_m3.csv;results/P5/t1_inputs.json;results/P5/t1_denovo_inputs.json,0.8519,0.8519,0.747,0.9383,,,,1,,,,23,23,0.7385,0.9381
P5_S_DN,denovo,excl_iptm0,ligand_heavy_atoms,baseline,charge,q_diff,pooled_3,81,90,29,30,none,results/P5/scores_m3.csv;results/P5/t1_inputs.json;results/P5/t1_denovo_inputs.json,0.6543,0.6543,0.5679,0.7407,,,,1,,,,23,23,0.575,0.7581
P5_S_DN,denovo,excl_iptm0,ligand_formal_charge,baseline,charge,q_diff,pooled_3,81,90,29,30,none,results/P5/scores_m3.csv;results/P5/t1_inputs.json;results/P5/t1_denovo_inputs.json,0.0617,0.9383,0.0125,0.1154,,,,1,,,,23,23,0.0156,0.1129
P5_S_DN,denovo,excl_iptm0,chai_iptm_mean,headline,joint,matched&q_same,same_ec,0,90,0,30,cognate_higher,results/P5/scores_m3.csv;results/P5/t1_inputs.json;results/P5/t1_denovo_inputs.json,,,,,,,,,,,,,,,
P5_S_DN,denovo,excl_iptm0,chai_aggregate_score_mean,headline,joint,matched&q_same,same_ec,0,90,0,30,cognate_higher,results/P5/scores_m3.csv;results/P5/t1_inputs.json;results/P5/t1_denovo_inputs.json,,,,,,,,,,,,,,,
P5_S_DN,denovo,excl_iptm0,chai_per_chain_ptm_min_mean,headline,joint,matched&q_same,same_ec,0,90,0,30,cognate_higher,results/P5/scores_m3.csv;results/P5/t1_inputs.json;results/P5/t1_denovo_inputs.json,,,,,,,,,,,,,,,
P5_S_DN,denovo,excl_iptm0,ame_self_clash_max,headline,joint,matched&q_same,same_ec,0,90,0,30,none,results/P5/scores_m3.csv;results/P5/t1_inputs.json;results/P5/t1_denovo_inputs.json,,,,,,,,,,,,,,,
P5_S_DN,denovo,excl_iptm0,ame_self_rmsd_min,comparator,joint,matched&q_same,same_ec,0,90,0,30,none,results/P5/scores_m3.csv;results/P5/t1_inputs.json;results/P5/t1_denovo_inputs.json,,,,,,,,,,,,,,,
P5_S_DN,denovo,excl_iptm0,ame_self_pass,comparator,joint,matched&q_same,same_ec,0,90,0,30,none,results/P5/scores_m3.csv;results/P5/t1_inputs.json;results/P5/t1_denovo_inputs.json,,,,,,,,,,,,,,,
P5_S_DN,denovo,excl_iptm0,chai_ptm_mean,comparator,joint,matched&q_same,same_ec,0,90,0,30,cognate_higher,results/P5/scores_m3.csv;results/P5/t1_inputs.json;results/P5/t1_denovo_inputs.json,,,,,,,,,,,,,,,
P5_S_DN,denovo,excl_iptm0,chai_plddt_mean,comparator,joint,matched&q_same,same_ec,0,90,0,30,cognate_higher,results/P5/scores_m3.csv;results/P5/t1_inputs.json;results/P5/t1_denovo_inputs.json,,,,,,,,,,,,,,,
P5_S_DN,denovo,excl_iptm0,ligand_heavy_atoms,baseline,joint,matched&q_same,same_ec,0,90,0,30,none,results/P5/scores_m3.csv;results/P5/t1_inputs.json;results/P5/t1_denovo_inputs.json,,,,,,,,,,,,,,,
P5_S_DN,denovo,excl_iptm0,ligand_formal_charge,baseline,joint,matched&q_same,same_ec,0,90,0,30,none,results/P5/scores_m3.csv;results/P5/t1_inputs.json;results/P5/t1_denovo_inputs.json,,,,,,,,,,,,,,,
P5_S_DN,denovo,excl_iptm0,chai_iptm_mean,headline,joint,matched&q_same,diff_ec,0,90,0,30,cognate_higher,results/P5/scores_m3.csv;results/P5/t1_inputs.json;results/P5/t1_denovo_inputs.json,,,,,,,,,,,,,,,
P5_S_DN,denovo,excl_iptm0,chai_aggregate_score_mean,headline,joint,matched&q_same,diff_ec,0,90,0,30,cognate_higher,results/P5/scores_m3.csv;results/P5/t1_inputs.json;results/P5/t1_denovo_inputs.json,,,,,,,,,,,,,,,
P5_S_DN,denovo,excl_iptm0,chai_per_chain_ptm_min_mean,headline,joint,matched&q_same,diff_ec,0,90,0,30,cognate_higher,results/P5/scores_m3.csv;results/P5/t1_inputs.json;results/P5/t1_denovo_inputs.json,,,,,,,,,,,,,,,
P5_S_DN,denovo,excl_iptm0,ame_self_clash_max,headline,joint,matched&q_same,diff_ec,0,90,0,30,none,results/P5/scores_m3.csv;results/P5/t1_inputs.json;results/P5/t1_denovo_inputs.json,,,,,,,,,,,,,,,
P5_S_DN,denovo,excl_iptm0,ame_self_rmsd_min,comparator,joint,matched&q_same,diff_ec,0,90,0,30,none,results/P5/scores_m3.csv;results/P5/t1_inputs.json;results/P5/t1_denovo_inputs.json,,,,,,,,,,,,,,,
P5_S_DN,denovo,excl_iptm0,ame_self_pass,comparator,joint,matched&q_same,diff_ec,0,90,0,30,none,results/P5/scores_m3.csv;results/P5/t1_inputs.json;results/P5/t1_denovo_inputs.json,,,,,,,,,,,,,,,
P5_S_DN,denovo,excl_iptm0,chai_ptm_mean,comparator,joint,matched&q_same,diff_ec,0,90,0,30,cognate_higher,results/P5/scores_m3.csv;results/P5/t1_inputs.json;results/P5/t1_denovo_inputs.json,,,,,,,,,,,,,,,
P5_S_DN,denovo,excl_iptm0,chai_plddt_mean,comparator,joint,matched&q_same,diff_ec,0,90,0,30,cognate_higher,results/P5/scores_m3.csv;results/P5/t1_inputs.json;results/P5/t1_denovo_inputs.json,,,,,,,,,,,,,,,
P5_S_DN,denovo,excl_iptm0,ligand_heavy_atoms,baseline,joint,matched&q_same,diff_ec,0,90,0,30,none,results/P5/scores_m3.csv;results/P5/t1_inputs.json;results/P5/t1_denovo_inputs.json,,,,,,,,,,,,,,,
P5_S_DN,denovo,excl_iptm0,ligand_formal_charge,baseline,joint,matched&q_same,diff_ec,0,90,0,30,none,results/P5/scores_m3.csv;results/P5/t1_inputs.json;results/P5/t1_denovo_inputs.json,,,,,,,,,,,,,,,
P5_S_DN,denovo,excl_iptm0,chai_iptm_mean,headline,joint,matched&q_same,decoy,0,90,0,30,cognate_higher,results/P5/scores_m3.csv;results/P5/t1_inputs.json;results/P5/t1_denovo_inputs.json,,,,,,,,,,,,,,,
P5_S_DN,denovo,excl_iptm0,chai_aggregate_score_mean,headline,joint,matched&q_same,decoy,0,90,0,30,cognate_higher,results/P5/scores_m3.csv;results/P5/t1_inputs.json;results/P5/t1_denovo_inputs.json,,,,,,,,,,,,,,,
P5_S_DN,denovo,excl_iptm0,chai_per_chain_ptm_min_mean,headline,joint,matched&q_same,decoy,0,90,0,30,cognate_higher,results/P5/scores_m3.csv;results/P5/t1_inputs.json;results/P5/t1_denovo_inputs.json,,,,,,,,,,,,,,,
P5_S_DN,denovo,excl_iptm0,ame_self_clash_max,headline,joint,matched&q_same,decoy,0,90,0,30,none,results/P5/scores_m3.csv;results/P5/t1_inputs.json;results/P5/t1_denovo_inputs.json,,,,,,,,,,,,,,,
P5_S_DN,denovo,excl_iptm0,ame_self_rmsd_min,comparator,joint,matched&q_same,decoy,0,90,0,30,none,results/P5/scores_m3.csv;results/P5/t1_inputs.json;results/P5/t1_denovo_inputs.json,,,,,,,,,,,,,,,
P5_S_DN,denovo,excl_iptm0,ame_self_pass,comparator,joint,matched&q_same,decoy,0,90,0,30,none,results/P5/scores_m3.csv;results/P5/t1_inputs.json;results/P5/t1_denovo_inputs.json,,,,,,,,,,,,,,,
P5_S_DN,denovo,excl_iptm0,chai_ptm_mean,comparator,joint,matched&q_same,decoy,0,90,0,30,cognate_higher,results/P5/scores_m3.csv;results/P5/t1_inputs.json;results/P5/t1_denovo_inputs.json,,,,,,,,,,,,,,,
P5_S_DN,denovo,excl_iptm0,chai_plddt_mean,comparator,joint,matched&q_same,decoy,0,90,0,30,cognate_higher,results/P5/scores_m3.csv;results/P5/t1_inputs.json;results/P5/t1_denovo_inputs.json,,,,,,,,,,,,,,,
P5_S_DN,denovo,excl_iptm0,ligand_heavy_atoms,baseline,joint,matched&q_same,decoy,0,90,0,30,none,results/P5/scores_m3.csv;results/P5/t1_inputs.json;results/P5/t1_denovo_inputs.json,,,,,,,,,,,,,,,
P5_S_DN,denovo,excl_iptm0,ligand_formal_charge,baseline,joint,matched&q_same,decoy,0,90,0,30,none,results/P5/scores_m3.csv;results/P5/t1_inputs.json;results/P5/t1_denovo_inputs.json,,,,,,,,,,,,,,,
P5_S_DN,denovo,excl_iptm0,chai_iptm_mean,headline,joint,matched&q_same,pooled_3,0,90,0,30,cognate_higher,results/P5/scores_m3.csv;results/P5/t1_inputs.json;results/P5/t1_denovo_inputs.json,,,,,,,,,,,,,,,
P5_S_DN,denovo,excl_iptm0,chai_aggregate_score_mean,headline,joint,matched&q_same,pooled_3,0,90,0,30,cognate_higher,results/P5/scores_m3.csv;results/P5/t1_inputs.json;results/P5/t1_denovo_inputs.json,,,,,,,,,,,,,,,
P5_S_DN,denovo,excl_iptm0,chai_per_chain_ptm_min_mean,headline,joint,matched&q_same,pooled_3,0,90,0,30,cognate_higher,results/P5/scores_m3.csv;results/P5/t1_inputs.json;results/P5/t1_denovo_inputs.json,,,,,,,,,,,,,,,
P5_S_DN,denovo,excl_iptm0,ame_self_clash_max,headline,joint,matched&q_same,pooled_3,0,90,0,30,none,results/P5/scores_m3.csv;results/P5/t1_inputs.json;results/P5/t1_denovo_inputs.json,,,,,,,,,,,,,,,
P5_S_DN,denovo,excl_iptm0,ame_self_rmsd_min,comparator,joint,matched&q_same,pooled_3,0,90,0,30,none,results/P5/scores_m3.csv;results/P5/t1_inputs.json;results/P5/t1_denovo_inputs.json,,,,,,,,,,,,,,,
P5_S_DN,denovo,excl_iptm0,ame_self_pass,comparator,joint,matched&q_same,pooled_3,0,90,0,30,none,results/P5/scores_m3.csv;results/P5/t1_inputs.json;results/P5/t1_denovo_inputs.json,,,,,,,,,,,,,,,
P5_S_DN,denovo,excl_iptm0,chai_ptm_mean,comparator,joint,matched&q_same,pooled_3,0,90,0,30,cognate_higher,results/P5/scores_m3.csv;results/P5/t1_inputs.json;results/P5/t1_denovo_inputs.json,,,,,,,,,,,,,,,
P5_S_DN,denovo,excl_iptm0,chai_plddt_mean,comparator,joint,matched&q_same,pooled_3,0,90,0,30,cognate_higher,results/P5/scores_m3.csv;results/P5/t1_inputs.json;results/P5/t1_denovo_inputs.json,,,,,,,,,,,,,,,
P5_S_DN,denovo,excl_iptm0,ligand_heavy_atoms,baseline,joint,matched&q_same,pooled_3,0,90,0,30,none,results/P5/scores_m3.csv;results/P5/t1_inputs.json;results/P5/t1_denovo_inputs.json,,,,,,,,,,,,,,,
P5_S_DN,denovo,excl_iptm0,ligand_formal_charge,baseline,joint,matched&q_same,pooled_3,0,90,0,30,none,results/P5/scores_m3.csv;results/P5/t1_inputs.json;results/P5/t1_denovo_inputs.json,,,,,,,,,,,,,,,
P5_S_DN,denovo,primary,chai_iptm_mean,headline,all,all,pooled_3,87,90,30,30,,results/P5/scores_m3.csv;results/P5/t1_inputs.json;results/P5/t1_denovo_inputs.json,,,,,,,,,0.1633,-0.0907,0.417,,,,
P5_S_DN,denovo,primary,chai_aggregate_score_mean,headline,all,all,pooled_3,87,90,30,30,,results/P5/scores_m3.csv;results/P5/t1_inputs.json;results/P5/t1_denovo_inputs.json,,,,,,,,,0.1268,-0.136,0.3883,,,,
P5_S_DN,denovo,primary,chai_per_chain_ptm_min_mean,headline,all,all,pooled_3,87,90,30,30,,results/P5/scores_m3.csv;results/P5/t1_inputs.json;results/P5/t1_denovo_inputs.json,,,,,,,,,0.4061,0.1367,0.6459,,,,
P5_S_DN,denovo,primary,ame_self_clash_max,headline,all,all,pooled_3,87,90,30,30,,results/P5/scores_m3.csv;results/P5/t1_inputs.json;results/P5/t1_denovo_inputs.json,,,,,,,,,-0.3632,-0.576,-0.1153,,,,
P5_S_DN,denovo,primary,ame_self_rmsd_min,comparator,all,all,pooled_3,87,90,30,30,,results/P5/scores_m3.csv;results/P5/t1_inputs.json;results/P5/t1_denovo_inputs.json,,,,,,,,,-0.0921,-0.3387,0.1629,,,,
P5_S_DN,denovo,primary,ame_self_pass,comparator,all,all,pooled_3,87,90,30,30,,results/P5/scores_m3.csv;results/P5/t1_inputs.json;results/P5/t1_denovo_inputs.json,,,,,,,,,-0.1033,-0.3817,0.2077,,,,
P5_S_DN,denovo,primary,chai_ptm_mean,comparator,all,all,pooled_3,87,90,30,30,,results/P5/scores_m3.csv;results/P5/t1_inputs.json;results/P5/t1_denovo_inputs.json,,,,,,,,,-0.4549,-0.6558,-0.2192,,,,
P5_S_DN,denovo,primary,chai_plddt_mean,comparator,all,all,pooled_3,87,90,30,30,,results/P5/scores_m3.csv;results/P5/t1_inputs.json;results/P5/t1_denovo_inputs.json,,,,,,,,,-0.2475,-0.4989,0.0255,,,,
